aahs	aah
aahing	aah
aahed	aah
abandoning	abandon
abandons	abandon
abandonments	abandonment
abated	abate
abating	abate
abates	abate
abatements	abatement
abbeys	abbey
abbots	abbot
abbreviations	abbreviation
abcs	abc
abdicated	abdicate
abdicating	abdicate
abdicates	abdicate
abdomens	abdomen
abdominals	abdominal
abducted	abduct
abducting	abduct
abducts	abduct
abductions	abduction
aberrations	aberration
abetted	abet
abetting	abet
abets	abet
abhorred	abhor
abhors	abhor
abhorring	abhor
abides	abide
abided	abide
abilities	ability
abnormals	abnormal
abnormalities	abnormality
abodes	abode
abolished	abolish
abolishing	abolish
abolishes	abolish
abolitionists	abolitionist
abominations	abomination
aboriginals	aboriginal
aborting	abort
aborts	abort
abortions	abortion
abounds	abound
abounded	abound
abounding	abound
abrasions	abrasion
abrasives	abrasive
abscesses	abscess
absences	absence
absented	absent
absenting	absent
absents	absent
absentees	absentee
absolutes	absolute
absolved	absolve
absolving	absolve
absolves	absolve
absorbs	absorb
absorptions	absorption
abstained	abstain
abstaining	abstain
abstains	abstain
abstentions	abstention
abstinences	abstinence
abstracts	abstract
abstracted	abstract
abstracting	abstract
abstractions	abstraction
absurds	absurd
absurdities	absurdity
abundances	abundance
abuses	abuse
abusing	abuse
abusers	abuser
abutting	abut
abuts	abut
abutted	abut
abysses	abyss
acs	ac
academics	academic
academies	academy
acceded	accede
acceding	accede
accedes	accede
accelerates	accelerate
accelerations	acceleration
accelerators	accelerator
accents	accent
accented	accent
accenting	accent
accentuated	accentuate
accentuates	accentuate
accentuating	accentuate
accepting	accept
accepts	accept
acceptances	acceptance
accessed	access
accessing	access
accesses	access
accessibilities	accessibility
accessions	accession
accessioned	accession
accessioning	accession
accessories	accessory
accidents	accident
accidentals	accidental
acclaiming	acclaim
acclaims	acclaim
accolades	accolade
accommodated	accommodate
accommodating	accommodate
accommodates	accommodate
accommodations	accommodation
accompaniments	accompaniment
accompanied	accompany
accompanies	accompany
accomplices	accomplice
accomplishing	accomplish
accomplishes	accomplish
accomplishments	accomplishment
accorded	accord
accords	accord
accordions	accordion
accosted	accost
accosting	accost
accosts	accost
accounts	account
accounted	account
accountabilities	accountability
accountants	accountant
accrediting	accredit
accredits	accredit
accreditations	accreditation
accretions	accretion
accruing	accrue
accrued	accrue
accrues	accrue
accumulating	accumulate
accumulates	accumulate
accumulations	accumulation
accumulators	accumulator
accuracies	accuracy
accusations	accusation
accusing	accuse
accuses	accuse
accusers	accuser
accustoms	accustom
accustoming	accustom
aces	ace
acing	ace
aced	ace
acetates	acetate
aches	ach
ached	ache
achieved	achieve
achieving	achieve
achieves	achieve
achievements	achievement
achievers	achiever
acids	acid
acidities	acidity
acknowledges	acknowledge
acknowledging	acknowledge
acknowledgements	acknowledgement
acknowledgments	acknowledgment
acorns	acorn
acoustics	acoustic
acquainted	acquaint
acquainting	acquaint
acquaints	acquaint
acquaintances	acquaintance
acquiesced	acquiesce
acquiescing	acquiesce
acquiesces	acquiesce
acquiring	acquire
acquires	acquire
acquisitions	acquisition
acquitted	acquit
acquitting	acquit
acquits	acquit
acquittals	acquittal
acres	acre
acreages	acreage
acrobats	acrobat
acronyms	acronym
acronymed	acronym
acrylics	acrylic
acts	act
acted	act
actings	acting
actions	action
actioning	action
actioned	action
activated	activate
activating	activate
activates	activate
activators	activator
actives	active
activists	activist
activities	activity
actors	actor
actresses	actress
actuals	actual
actualities	actuality
actuaries	actuary
actuators	actuator
acuities	acuity
acutes	acute
acutest	acute
ads	ad
adages	adage
adapted	adapt
adapting	adapt
adapts	adapt
adaptations	adaptation
adapters	adapter
adaptors	adaptor
adding	add
adds	add
addicted	addict
addicts	addict
addicting	addict
addictions	addiction
additions	addition
additives	additive
addressed	address
addressing	address
addresses	address
addressees	addressee
adduced	adduce
adduces	adduce
adducing	adduce
adenomas	adenoma
adepts	adept
adequacies	adequacy
adhered	adhere
adhering	adhere
adheres	adhere
adherents	adherent
adhesions	adhesion
adhesives	adhesive
adjectives	adjective
adjoins	adjoin
adjoined	adjoin
adjourned	adjourn
adjourning	adjourn
adjourns	adjourn
adjournments	adjournment
adjudicated	adjudicate
adjudicating	adjudicate
adjudicates	adjudicate
adjudications	adjudication
adjudicators	adjudicator
adjuncts	adjunct
adjusting	adjust
adjusts	adjust
adjustables	adjustable
adjusters	adjuster
adjustments	adjustment
adjutants	adjutant
administered	administer
administering	administer
administers	administer
administrations	administration
administrators	administrator
admirals	admiral
admiralties	admiralty
admirations	admiration
admired	admire
admires	admire
admirers	admirer
admissions	admission
admitted	admit
admits	admit
admonished	admonish
admonishing	admonish
admonishes	admonish
admonitions	admonition
adobes	adobe
adolescences	adolescence
adolescents	adolescent
adopting	adopt
adopts	adopt
adoptions	adoption
adorations	adoration
adored	adore
adores	adore
adorned	adorn
adorning	adorn
adorns	adorn
adornments	adornment
adrenalines	adrenaline
adults	adult
adulteries	adultery
advances	advance
advancements	advancement
advantages	advantage
advantaged	advantage
advantaging	advantage
advents	advent
adventures	adventure
adventuring	adventure
adventured	adventure
adventurers	adventurer
adverbs	adverb
adversaries	adversary
adversities	adversity
adverts	advert
adverted	advert
adverting	advert
advertised	advertise
advertises	advertise
advertisements	advertisement
advertisers	advertiser
advised	advise
advising	advise
advises	advise
advisers	adviser
advisors	advisor
advocated	advocate
advocates	advocate
advocating	advocate
aeas	aea
aerials	aerial
aerodromes	aerodrome
aerodynamics	aerodynamic
aeroplanes	aeroplane
aerosols	aerosol
aerosolled	aerosol
afars	afar
affairs	affair
affecting	affect
affects	affect
affections	affection
affidavits	affidavit
affiliates	affiliate
affiliating	affiliate
affiliations	affiliation
affinities	affinity
affirmed	affirm
affirming	affirm
affirms	affirm
affirmations	affirmation
affirmatives	affirmative
affixed	affix
affixes	affix
affixing	affix
afflicts	afflict
afflicting	afflict
afflictions	affliction
afforded	afford
affords	afford
affording	afford
affronted	affront
affronts	affront
affronting	affront
afghans	afghan
aficionados	aficionado
africans	african
afros	afro
afts	aft
aftermaths	aftermath
afternoons	afternoon
aftershocks	aftershock
afterthoughts	afterthought
ages	age
agencies	agency
agendas	agenda
agents	agent
aggravating	aggravate
aggravates	aggravate
aggravations	aggravation
aggregates	aggregate
aggregated	aggregate
aggregating	aggregate
aggregations	aggregation
aggressions	aggression
aggressors	aggressor
agitating	agitate
agitates	agitate
agitations	agitation
agms	agm
agonisings	agonising
agonized	agonize
agonizes	agonize
agonies	agony
agrarians	agrarian
agrees	agree
agreeing	agree
agreements	agreement
agribusinesses	agribusiness
ahs	ah
ais	ai
aided	aid
aiding	aid
aides	aide
ails	ail
ailed	ail
ailments	ailment
aims	aim
aimed	aim
aiming	aim
aired	air
airs	air
airbags	airbag
airfares	airfare
airfields	airfield
airflows	airflow
airframes	airframe
airings	airing
airlifted	airlift
airlifts	airlift
airlifting	airlift
airlines	airline
airliners	airliner
airlocks	airlock
airmen	airman
airplanes	airplane
airports	airport
airships	airship
airspaces	airspace
airstrikes	airstrike
airstrips	airstrip
airways	airway
airier	airy
aisles	aisle
alarms	alarm
alarmists	alarmist
alaskans	alaskan
albanians	albanian
albums	album
albumins	albumin
alcohols	alcohol
alcoholics	alcoholic
alcoves	alcove
alders	alder
aldermen	alderman
ales	ale
aled	ale
alecs	alec
alerted	alert
alerting	alert
alerts	alert
algaes	algae
algebras	algebra
algerians	algerian
algorithms	algorithm
alibis	alibi
alibiing	alibi
alibied	alibi
aliens	alien
aliening	alien
aliened	alien
alienates	alienate
alienations	alienation
alighted	alight
alighting	alight
alights	alight
aligned	align
aligning	align
aligns	align
alignments	alignment
alkalis	alkali
alkalines	alkaline
all-americans	all-american
all-rounders	all-rounder
all-stars	all-star
allayed	allay
allaying	allay
allays	allay
allegations	allegation
alleging	allege
alleges	allege
allegiances	allegiance
allegories	allegory
alleles	allele
allergens	allergen
allergies	allergy
alleviated	alleviate
alleviating	alleviate
alleviates	alleviate
alleys	alley
alleyways	alleyway
alliances	alliance
alligators	alligator
allocating	allocate
allocates	allocate
allocations	allocation
allotting	allot
allots	allot
allotments	allotment
allowed	allow
allowing	allow
allows	allow
allowances	allowance
allowancing	allowance
allowanced	allowance
alloys	alloy
alloying	alloy
alloyed	alloy
alluded	allude
alluding	allude
alludes	allude
allured	allure
allures	allure
allusions	allusion
allies	ally
allying	ally
almanacs	almanac
almonds	almond
alphas	alpha
alphabets	alphabet
alpines	alpine
altars	altar
altering	alter
alters	alter
alterations	alteration
altercations	altercation
alternated	alternate
alternates	alternate
alternatives	alternative
altitudes	altitude
altos	alto
alums	alum
alzheimers	alzheimer
ams	am
amer	am
amalgams	amalgam
amalgamated	amalgamate
amalgamating	amalgamate
amalgamates	amalgamate
amalgamations	amalgamation
amassed	amass
amassing	amass
amasses	amass
amateurs	amateur
amazes	amaze
amazements	amazement
amazons	amazon
ambassadors	ambassador
ambers	amber
ambiences	ambience
ambiguities	ambiguity
ambitions	ambition
ambivalences	ambivalence
ambled	amble
ambling	amble
ambles	amble
ambulances	ambulance
ambushed	ambush
ambushes	ambush
ambushing	ambush
ameliorated	ameliorate
ameliorates	ameliorate
ameliorating	ameliorate
amending	amend
amendments	amendment
americans	american
amissing	amiss
amisses	amiss
ammunitions	ammunition
amnesias	amnesia
amnesties	amnesty
amnestied	amnesty
amnestying	amnesty
amounts	amount
amounted	amount
amounting	amount
amps	amp
amping	amp
amphetamines	amphetamine
amphibians	amphibian
amphitheaters	amphitheater
amphitheatres	amphitheatre
ampler	ample
amplifications	amplification
amplifiers	amplifier
amplified	amplify
amplifying	amplify
amplifies	amplify
amplitudes	amplitude
amputated	amputate
amputates	amputate
amputating	amputate
amputations	amputation
amputees	amputee
amulets	amulet
amuses	amuse
amusements	amusement
amys	amy
anas	ana
anachronisms	anachronism
anaemias	anaemia
anaesthetics	anaesthetic
anals	anal
analogues	analogue
analogies	analogy
analysed	analyse
analysing	analyse
analyses	analyse
analysers	analyser
analysts	analyst
analytics	analytic
analyzed	analyze
analyzing	analyze
analyzes	analyze
analyzers	analyzer
anarchists	anarchist
anarchies	anarchy
anathemas	anathema
anatomies	anatomy
ancestors	ancestor
ancestries	ancestry
anchors	anchor
anchoring	anchor
anchored	anchor
anchorages	anchorage
anchovies	anchovy
ancients	ancient
ancillaries	ancillary
andeans	andean
androids	android
anecdotes	anecdote
anemones	anemone
aneurysms	aneurysm
angels	angel
angered	anger
angers	anger
angering	anger
angles	angle
anglers	angler
anglians	anglian
anglicans	anglican
anglos	anglo
angrier	angry
anguishing	anguish
anguishes	anguish
animals	animal
animates	animate
animating	animate
animations	animation
animators	animator
animosities	animosity
ankles	ankle
annals	annal
annexed	annex
annexes	annex
annexing	annex
annexations	annexation
annihilated	annihilate
annihilating	annihilate
annihilates	annihilate
annihilations	annihilation
anniversaries	anniversary
annotated	annotate
annotating	annotate
annotates	annotate
announced	announce
announcing	announce
announces	announce
announcements	announcement
announcers	announcer
annoys	annoy
annoyances	annoyance
annuals	annual
annuities	annuity
anointed	anoint
anointing	anoint
anoints	anoint
anomalies	anomaly
anoraks	anorak
answers	answer
answered	answer
ants	ant
anted	ant
anting	ant
antagonising	antagonise
antagonised	antagonise
antagonises	antagonise
antagonisms	antagonism
antagonists	antagonist
antagonized	antagonize
antagonizing	antagonize
antagonizes	antagonize
antes	ante
anteing	ante
anteed	ante
antecedents	antecedent
antelopes	antelope
antennas	antenna
anthems	anthem
anthologies	anthology
anthropologists	anthropologist
anthropologies	anthropology
antibacterials	antibacterial
antibiotics	antibiotic
antibodies	antibody
anticking	antic
anticked	antic
anticipating	anticipate
anticipates	anticipate
anticipations	anticipation
antidotes	antidote
antigens	antigen
antihistamines	antihistamine
antioxidants	antioxidant
antipathies	antipathy
antiques	antique
antiqued	antique
antiquing	antique
antiquities	antiquity
antiseptics	antiseptic
antitheses	antithesis
antlers	antler
antlered	antler
anvils	anvil
anxieties	anxiety
anyways	anyway
aped	ap
aping	ap
aps	ap
apartheids	apartheid
apartments	apartment
apes	ape
apeing	ape
apertures	aperture
apices	apex
aphids	aphid
apocalypses	apocalypse
apologetics	apologetic
apologised	apologise
apologising	apologise
apologises	apologise
apologists	apologist
apologized	apologize
apologizing	apologize
apologizes	apologize
apologies	apology
apostles	apostle
apothecaries	apothecary
apps	app
appals	appal
appalls	appall
apparelled	apparel
apparels	apparel
appareling	apparel
appareled	apparel
apparitions	apparition
appeals	appeal
appealed	appeal
appeared	appear
appears	appear
appearing	appear
appearances	appearance
appeased	appease
appeasing	appease
appeases	appease
appellants	appellant
appellations	appellation
appended	append
appending	append
appends	append
appendages	appendage
appendices	appendix
appetites	appetite
appetizers	appetizer
applauded	applaud
applauding	applaud
applauds	applaud
apples	apple
appliances	appliance
applicabilities	applicability
applicants	applicant
applications	application
applies	apply
applying	apply
appointing	appoint
appoints	appoint
appointees	appointee
appointments	appointment
apportioned	apportion
apportioning	apportion
apportions	apportion
appraisals	appraisal
appraising	appraise
appraised	appraise
appraises	appraise
appraisers	appraiser
appreciated	appreciate
appreciating	appreciate
appreciates	appreciate
appreciations	appreciation
apprehended	apprehend
apprehending	apprehend
apprehends	apprehend
apprehensions	apprehension
apprentices	apprentice
apprenticed	apprentice
apprenticing	apprentice
apprenticeships	apprenticeship
approaches	approach
approached	approach
appropriated	appropriate
appropriates	appropriate
appropriating	appropriate
appropriations	appropriation
approvals	approval
approves	approve
approximating	approximate
approximates	approximate
approximated	approximate
approximations	approximation
aprs	apr
apricots	apricot
aprons	apron
apses	apse
apts	apt
apter	apt
aptest	apt
aptitudes	aptitude
aquas	aqua
aquaria	aquarium
aquatics	aquatic
aquifers	aquifer
ars	ar
arabs	arab
arabians	arabian
arbiters	arbiter
arbitraging	arbitrage
arbitrages	arbitrage
arbitraged	arbitrage
arbitrations	arbitration
arbitrators	arbitrator
arbors	arbor
arcs	arc
arcking	arc
arcked	arc
arcades	arcade
arcading	arcade
arcaded	arcade
arcanest	arcane
arches	arch
arching	arch
archaeologists	archaeologist
archbishops	archbishop
archdeacons	archdeacon
archdioceses	archdiocese
archeologists	archeologist
archetypes	archetype
archipelagos	archipelago
architects	architect
architectures	architecture
archives	archive
archiving	archive
archived	archive
archivists	archivist
archways	archway
arctics	arctic
areas	area
arenas	arena
argentines	argentine
argentinians	argentinian
argued	argue
argues	argue
arguing	argue
arguments	argument
arias	aria
ariels	ariel
arising	arise
arises	arise
arose	arise
arisen	arise
aristocracies	aristocracy
aristocrats	aristocrat
aristotelians	aristotelian
arithmetics	arithmetic
arks	ark
arming	arm
armaments	armament
armchairs	armchair
armenians	armenian
armoring	armor
armors	armor
armouring	armour
armours	armour
armouries	armoury
armpits	armpit
armrests	armrest
armies	army
aromas	aroma
aromatics	aromatic
arousals	arousal
aroused	arouse
arousing	arouse
arouses	arouse
arraignments	arraignment
arranging	arrange
arranges	arrange
arrangements	arrangement
arrays	array
arrayed	array
arraying	array
arrested	arrest
arrests	arrest
arresting	arrest
arrivals	arrival
arrived	arrive
arriving	arrive
arrives	arrive
arrows	arrow
arrowed	arrow
arrowing	arrow
arses	arse
arsed	arse
arsing	arse
arsenals	arsenal
arsons	arson
arts	art
artefacts	artefact
arterials	arterial
arteries	artery
arthritics	arthritic
artichokes	artichoke
articles	article
articled	article
articling	article
articulating	articulate
articulates	articulate
articulations	articulation
artifacts	artifact
artifices	artifice
artificials	artificial
artilleries	artillery
artisans	artisan
artists	artist
artistries	artistry
artworks	artwork
artiest	arty
aryans	aryan
ascended	ascend
ascends	ascend
ascendants	ascendant
ascensions	ascension
ascents	ascent
ascertained	ascertain
ascertaining	ascertain
ascertains	ascertain
ascetics	ascetic
asciis	ascii
ascribed	ascribe
ascribing	ascribe
ascribes	ascribe
ashes	ash
ashtrays	ashtray
asians	asian
asides	aside
asked	ask
asks	ask
askings	asking
aspects	aspect
aspens	aspen
asphalted	asphalt
asphalts	asphalt
asphalting	asphalt
aspirations	aspiration
aspired	aspire
aspires	aspire
aspirins	aspirin
asses	ass
assed	ass
assailed	assail
assails	assail
assailing	assail
assailants	assailant
assassins	assassin
assassinated	assassinate
assassinating	assassinate
assassinates	assassinate
assassinations	assassination
assaults	assault
assaulted	assault
assaulting	assault
assays	assay
assayed	assay
assaying	assay
assemblages	assemblage
assembling	assemble
assembles	assemble
assemblies	assembly
assented	assent
assenting	assent
assents	assent
asserted	assert
asserting	assert
asserts	assert
assertions	assertion
assessed	assess
assessing	assess
assesses	assess
assessments	assessment
assessors	assessor
assets	asset
assholes	asshole
assigning	assign
assigns	assign
assignees	assignee
assignments	assignment
assimilated	assimilate
assimilating	assimilate
assimilates	assimilate
assimilations	assimilation
assisting	assist
assists	assist
assistants	assistant
associates	associate
associating	associate
associations	association
associatives	associative
assortments	assortment
assuaged	assuage
assuaging	assuage
assuages	assuage
assumes	assume
assumptions	assumption
assurances	assurance
assures	assure
assuring	assure
asterisks	asterisk
asterisked	asterisk
asterisking	asterisk
asteroids	asteroid
astonishes	astonish
astonishments	astonishment
astounds	astound
astringents	astringent
astrologers	astrologer
astrologies	astrology
astronauts	astronaut
astronomers	astronomer
astrophysicists	astrophysicist
asylums	asylum
asymmetries	asymmetry
atheists	atheist
athenians	athenian
athletes	athlete
atms	atm
atmospheres	atmosphere
atmospherics	atmospheric
atoms	atom
atomics	atomic
atps	atp
atriumed	atrium
atrocities	atrocity
atrophied	atrophy
atrophies	atrophy
atrophying	atrophy
attaching	attach
attaches	attach
attachments	attachment
attacks	attack
attacked	attack
attackers	attacker
attained	attain
attaining	attain
attains	attain
attainments	attainment
attempts	attempt
attempting	attempt
attending	attend
attended	attend
attends	attend
attendances	attendance
attendants	attendant
attendees	attendee
attentions	attention
attenuated	attenuate
attenuating	attenuate
attenuates	attenuate
attested	attest
attests	attest
attesting	attest
attics	attic
attired	attire
attiring	attire
attires	attire
attitudes	attitude
attorneys	attorney
attracted	attract
attracts	attract
attractions	attraction
attributed	attribute
attributes	attribute
attributing	attribute
attributions	attribution
attuned	attune
attunes	attune
attuning	attune
aus	au
aubergines	aubergine
auctions	auction
auctioned	auction
auctioning	auction
auctioneers	auctioneer
auctioneering	auctioneer
auctioneered	auctioneer
audiences	audience
audios	audio
audiotaped	audiotape
audiotapes	audiotape
audits	audit
audited	audit
auditions	audition
auditioning	audition
auditioned	audition
auditors	auditor
auditoriums	auditorium
augmented	augment
augmenting	augment
augments	augment
aunts	aunt
aunties	aunty
auras	aura
auroras	aurora
aussies	aussie
austerities	austerity
australians	australian
austrians	austrian
authentics	authentic
authenticated	authenticate
authenticating	authenticate
authenticates	authenticate
authors	author
authoring	author
authored	author
authorisations	authorisation
authorising	authorise
authorises	authorise
authoritarians	authoritarian
authorities	authority
authorizations	authorization
authorizing	authorize
authorizes	authorize
authorships	authorship
autistics	autistic
autos	auto
autobiographies	autobiography
autographs	autograph
autographing	autograph
automakers	automaker
automating	automate
automates	automate
automatics	automatic
automations	automation
automobiles	automobile
autonomies	autonomy
autopilots	autopilot
autopsies	autopsy
autopsied	autopsy
auxiliaries	auxiliary
avs	av
availed	avail
availing	avail
avails	avail
availabilities	availability
avalanching	avalanche
avalanched	avalanche
avalanches	avalanche
avant-gardes	avant-garde
avatars	avatar
avenged	avenge
avenges	avenge
avenging	avenge
avenues	avenue
averages	average
averaging	average
averaged	average
aversions	aversion
averted	avert
averting	avert
averts	avert
aviaries	aviary
aviators	aviator
avocados	avocado
avoided	avoid
avoiding	avoid
avoids	avoid
avoidances	avoidance
aws	aw
awaiting	await
awaits	await
awaited	await
awoke	awake
awoken	awake
awakes	awake
awaking	awake
awakened	awaken
awakens	awaken
awakenings	awakening
awarded	award
awards	award
awarding	award
awarenesses	awareness
awes	awe
awing	awe
awhiles	awhile
awkwardnesses	awkwardness
awnings	awning
axing	ax
axes	ax
axed	ax
axeing	axe
axioms	axiom
axles	axle
axled	axle
ayer	ay
ays	ay
ayatollahs	ayatollah
ayes	aye
azaleas	azalea
aztecs	aztec
bas	ba
babbling	babble
babbled	babble
babbles	babble
babes	babe
baboons	baboon
babies	baby
babying	baby
babied	baby
babysitting	babysit
babysits	babysit
baching	bach
bached	bach
baches	bach
bachelors	bachelor
backed	back
backs	back
backbenchers	backbencher
backbones	backbone
backdrops	backdrop
backdropped	backdrop
backers	backer
backfired	backfire
backfires	backfire
backfiring	backfire
backgrounds	background
backings	backing
backlashes	backlash
backlogs	backlog
backlogged	backlog
backlogging	backlog
backpacking	backpack
backpacks	backpack
backpackers	backpacker
backsides	backside
backtracking	backtrack
backtracked	backtrack
backtracks	backtrack
backups	backup
backwaters	backwater
backyards	backyard
bacons	bacon
badges	badge
badging	badge
badged	badge
badgers	badger
badgering	badger
badgered	badger
baffled	baffle
baffles	baffle
bags	bag
bagged	bag
bagging	bag
bagels	bagel
baggages	baggage
baggies	baggy
baggier	baggy
baguettes	baguette
bailed	bail
bailing	bail
bails	bail
baileys	bailey
bailiffs	bailiff
bairns	bairn
baits	bait
baiting	bait
baited	bait
bakes	bake
bakers	baker
bakeries	bakery
bakings	baking
balances	balance
balancings	balancing
balconies	balcony
balconied	balcony
balder	bald
baldest	bald
balded	bald
bales	bale
baled	bale
baling	bale
balked	balk
balks	balk
balking	balk
balls	ball
balled	ball
balling	ball
ballads	ballad
ballasted	ballast
ballasting	ballast
ballasts	ballast
ballerinas	ballerina
ballets	ballet
ballistics	ballistic
balloons	balloon
ballooned	balloon
ballooning	balloon
ballots	ballot
balloting	ballot
balloted	ballot
ballrooms	ballroom
balms	balm
balmed	balm
balmiest	balmy
balmier	balmy
bamboos	bamboo
banning	ban
bans	ban
bananas	banana
bands	band
banded	band
bandages	bandage
bandaged	bandage
bandaging	bandage
bandannas	bandanna
bandings	banding
bandits	bandit
bandwagons	bandwagon
bandwagonning	bandwagon
bandwidths	bandwidth
banging	bang
banged	bang
bangs	bang
banished	banish
banishing	banish
banishes	banish
banisters	banister
banjos	banjo
banked	bank
bankers	banker
bankings	banking
banknotes	banknote
bankrupts	bankrupt
bankrupted	bankrupt
bankrupting	bankrupt
bankruptcies	bankruptcy
banners	banner
bannered	banner
banquets	banquet
banquetting	banquet
banqueted	banquet
bantering	banter
bantered	banter
banters	banter
baptised	baptise
baptising	baptise
baptises	baptise
baptisms	baptism
baptists	baptist
baptized	baptize
baptizing	baptize
baptizes	baptize
bars	bar
barred	bar
barbs	barb
barbarians	barbarian
barbecues	barbecue
barbecued	barbecue
barbecuing	barbecue
barbers	barber
barbered	barber
barbering	barber
barbicans	barbican
bards	bard
barded	bard
barding	bard
bared	bare
barest	bare
baring	bare
bares	bare
barer	bare
bargains	bargain
bargained	bargain
barges	barge
barged	barge
barging	barge
baritones	baritone
barked	bark
barking	bark
barks	bark
barkers	barker
barleys	barley
barmaids	barmaid
barmaiding	barmaid
barmen	barman
barns	barn
barometers	barometer
barons	baron
baronets	baronet
barrs	barr
barracking	barrack
barracked	barrack
barrages	barrage
barraged	barrage
barraging	barrage
barrels	barrel
barrelled	barrel
barrelling	barrel
barrens	barren
barricades	barricade
barricaded	barricade
barricading	barricade
barriers	barrier
barristers	barrister
barrows	barrow
barrowed	barrow
barrowing	barrow
bartenders	bartender
bartering	barter
bartered	barter
barters	barter
basalts	basalt
basing	base
bases	base
baser	base
baselines	baseline
baselining	baseline
basements	basement
bashing	bash
bashed	bash
bashes	bash
basils	basil
basilicas	basilica
basins	basin
basking	bask
basked	bask
basks	bask
baskets	basket
basketballs	basketball
basques	basque
basses	bass
bassists	bassist
bastards	bastard
basting	baste
basted	baste
bastes	baste
bastions	bastion
bats	bat
batted	bat
batches	batch
batching	batch
batched	batch
baths	bath
bathed	bath
bathes	bathe
bathhouses	bathhouse
bathrobes	bathrobe
bathrooms	bathroom
bathtubs	bathtub
batons	baton
batoned	baton
batoning	baton
batsmen	batsman
battalions	battalion
battens	batten
battened	batten
battening	batten
batters	batter
batteries	battery
battles	battle
battling	battle
battled	battle
battlefields	battlefield
battlegrounds	battleground
battleships	battleship
battier	batty
bawled	bawl
bawling	bawl
bawls	bawl
bays	bay
baying	bay
bayed	bay
bayonets	bayonet
bayonetted	bayonet
bayoneting	bayonet
bazaars	bazaar
was	be
is	be
been	be
beaches	beach
beached	beach
beaching	beach
beacons	beacon
beaconing	beacon
beaconed	beacon
beads	bead
beading	bead
beagles	beagle
beagling	beagle
beaks	beak
beaking	beak
beaked	beak
beakers	beaker
beams	beam
beamed	beam
beans	bean
bears	bear
beards	beard
bearding	beard
bearers	bearer
bearings	bearing
beasts	beast
beats	beat
beaters	beater
beatings	beating
beaus	beau
beauties	beauty
beavers	beaver
beavering	beaver
beavered	beaver
becks	beck
beckoned	beckon
beckoning	beckon
beckons	beckon
became	become
becomes	become
becoming	become
beds	bed
bedded	bed
bedevilled	bedevil
bedevils	bedevil
bedevilling	bedevil
bedrocked	bedrock
bedrocks	bedrock
bedrooms	bedroom
bedsides	bedside
bedspreads	bedspread
bedtimes	bedtime
bees	bee
beeches	beech
beefed	beef
beefing	beef
beefs	beef
beefier	beefy
beehives	beehive
beeps	beep
beeping	beep
beeped	beep
beers	beer
beets	beet
beeting	beet
beetles	beetle
beetling	beetle
beetled	beetle
beetroots	beetroot
befell	befall
befallen	befall
befalls	befall
befalling	befall
befits	befit
befitted	befit
befitting	befit
befriended	befriend
befriending	befriend
befriends	befriend
begged	beg
begs	beg
begets	beget
begetting	beget
begot	beget
begotten	beget
beggars	beggar
beggaring	beggar
beggared	beggar
began	begin
begun	begin
begins	begin
beginners	beginner
beginnings	beginning
behaving	behave
behaved	behave
behaves	behave
behaviors	behavior
behaviours	behaviour
beheaded	behead
beheading	behead
beheads	behead
behemoths	behemoth
behests	behest
beholding	behold
beholds	behold
beheld	behold
beholders	beholder
beiges	beige
beings	being
belched	belch
belching	belch
belches	belch
belgians	belgian
belies	belie
belying	belie
belied	belie
beliefs	belief
believed	believe
believes	believe
believing	believe
believers	believer
belittling	belittle
belittled	belittle
belittles	belittle
bells	bell
belled	bell
belling	bell
belles	belle
belligerents	belligerent
bellowed	bellow
bellowing	bellow
bellows	bellow
bellies	belly
bellied	belly
bellying	belly
belonging	belong
belonged	belong
belongs	belong
beloveds	beloved
belts	belt
belted	belt
belting	belt
belugas	beluga
bemoaning	bemoan
bemoaned	bemoan
bemoans	bemoan
benches	bench
benched	bench
benching	bench
benchmarks	benchmark
benchmarking	benchmark
benchmarked	benchmark
bending	bend
bends	bend
benders	bender
benedictines	benedictine
benefactors	benefactor
beneficiaries	beneficiary
benefits	benefit
benefited	benefit
benefiting	benefit
benevolences	benevolence
bennies	benny
bents	bent
bequeathed	bequeath
bequeaths	bequeath
bequeathing	bequeath
bequests	bequest
bequested	bequest
berated	berate
berating	berate
berates	berate
bereavements	bereavement
berets	beret
bergs	berg
bermudas	bermuda
bernsteins	bernstein
berries	berry
berried	berry
berrying	berry
berths	berth
berthed	berth
berthing	berth
berwicks	berwick
besets	beset
besetting	beset
besieged	besiege
besieging	besiege
besieges	besiege
bests	best
bested	best
besting	best
bestowed	bestow
bestowing	bestow
bestows	bestow
bets	bet
betas	beta
betraying	betray
betrays	betray
betrayals	betrayal
bettered	better
betters	better
bettering	better
bettings	betting
beverages	beverage
bevins	bevin
bewaring	beware
bewared	beware
bewares	beware
bewilderments	bewilderment
biassing	bias
biases	bias
bibles	bible
bibliographies	bibliography
bicarbonates	bicarbonate
bickering	bicker
bickers	bicker
bickered	bicker
bicycles	bicycle
bicycled	bicycle
bicycling	bicycle
bicyclists	bicyclist
bids	bid
bade	bid
bidders	bidder
biddies	biddy
biding	bide
bided	bide
bides	bide
biggest	big
bigger	big
bigots	bigot
bigotries	bigotry
bigwigs	bigwig
bikes	bike
biking	bike
biked	bike
bikers	biker
bikinis	bikini
bilaterals	bilateral
biles	bile
bilinguals	bilingual
bills	bill
billed	bill
billboards	billboard
billings	billing
billionaires	billionaire
billowing	billow
billowed	billow
billows	billow
bimbos	bimbo
bins	bin
binned	bin
binning	bin
binaries	binary
binds	bind
binders	binder
bindings	binding
binges	binge
bingeing	binge
binged	binge
bios	bio
biochemicals	biochemical
biochemistries	biochemistry
biofuels	biofuel
biographers	biographer
biographies	biography
biologicals	biological
biologists	biologist
biopsies	biopsy
biopsied	biopsy
biotechnologies	biotechnology
bipolars	bipolar
birches	birch
birched	birch
birching	birch
birding	bird
birded	bird
birdying	birdie
birdied	birdie
birdies	birdie
biros	biro
births	birth
birthing	birth
birthed	birth
birthdays	birthday
birthplaces	birthplace
birthrights	birthright
biscuits	biscuit
bisects	bisect
bisected	bisect
bisecting	bisect
bisexuals	bisexual
bishoprics	bishopric
bisons	bison
bistros	bistro
bits	bit
bitches	bitch
bitching	bitch
bitched	bitch
bites	bite
bitings	biting
bitters	bitter
bittering	bitter
bittered	bitter
bitternesses	bitterness
blacks	black
blacked	black
blacker	black
blackest	black
blacking	black
blackberries	blackberry
blackberrying	blackberry
blackbirds	blackbird
blackboards	blackboard
blackcurrants	blackcurrant
blackening	blacken
blackens	blacken
blackjacks	blackjack
blackjacking	blackjack
blackjacked	blackjack
blackmailing	blackmail
blackmailed	blackmail
blackmails	blackmail
blackouts	blackout
blacksmiths	blacksmith
bladders	bladder
bladdered	bladder
blades	blade
bladed	blade
blamed	blame
blaming	blame
blames	blame
blancs	blanc
blanched	blanch
blanching	blanch
blanches	blanch
blander	bland
blandest	bland
blanding	bland
blanks	blank
blanked	blank
blanking	blank
blanker	blank
blankets	blanket
blanketed	blanket
blanketing	blanket
blaring	blare
blared	blare
blares	blare
blasphemies	blasphemy
blasted	blast
blasting	blast
blasts	blast
blazed	blaze
blazes	blaze
blazers	blazer
blazered	blazer
bleaching	bleach
bleaches	bleach
bleaker	bleak
bleakest	bleak
bleeds	bleed
bled	bleed
bleedings	bleeding
bleeps	bleep
bleeping	bleep
bleeped	bleep
blemishes	blemish
blemished	blemish
blemishing	blemish
blends	blend
blenders	blender
blesses	bless
blessings	blessing
blighted	blight
blighting	blight
blights	blight
blinds	blind
blinded	blind
blinder	blind
blindfolded	blindfold
blindfolds	blindfold
blindfolding	blindfold
blindings	blinding
blindnesses	blindness
blinked	blink
blinks	blink
blips	blip
blipped	blip
blissing	bliss
blissed	bliss
blisses	bliss
blisters	blister
blistered	blister
blitzes	blitz
blitzing	blitz
blitzed	blitz
blizzards	blizzard
blizzarding	blizzard
blizzarded	blizzard
blobs	blob
blobbed	blob
blobbing	blob
blocs	bloc
blocks	block
blockades	blockade
blockaded	blockade
blockading	blockade
blockages	blockage
blockbusters	blockbuster
blockers	blocker
blogging	blog
blogged	blog
blogs	blog
blokes	bloke
blonder	blond
blonds	blond
blonded	blond
blondes	blonde
bloods	blood
blooded	blood
blooding	blood
bloodstreams	bloodstream
bloodiest	bloody
bloodying	bloody
bloodies	bloody
blooms	bloom
bloomed	bloom
blossoms	blossom
blossomed	blossom
blossoming	blossom
blotted	blot
blots	blot
blotting	blot
blouses	blouse
bloused	blouse
blousing	blouse
blew	blow
blowing	blow
blows	blow
blowers	blower
blowouts	blowout
bludgeoned	bludgeon
bludgeoning	bludgeon
bludgeons	bludgeon
blues	blue
bluing	blue
blued	blue
bluebells	bluebell
blueberries	blueberry
blueprints	blueprint
blueprinted	blueprint
blueprinting	blueprint
bluffing	bluff
bluffs	bluff
bluffed	bluff
bluffer	bluff
blunders	blunder
blundering	blunder
blundered	blunder
blunter	blunt
blunted	blunt
blunts	blunt
blunting	blunt
bluntest	blunt
blurring	blur
blurs	blur
blurriest	blurry
blurted	blurt
blurting	blurt
blurts	blurt
blushed	blush
blushing	blush
blushes	blush
blustered	bluster
blustering	bluster
blusters	bluster
blything	blyth
boas	boa
boars	boar
boards	board
boarded	board
boarders	boarder
boardings	boarding
boardrooms	boardroom
boardwalks	boardwalk
boasts	boast
boasted	boast
boasting	boast
boats	boat
boated	boat
boaters	boater
boatered	boater
boatmen	boatman
bobbing	bob
bobbed	bob
bobs	bob
bobbies	bobby
bodes	bode
boded	bode
boding	bode
bodices	bodice
bodiced	bodice
bodies	body
bodying	body
bodied	body
bodyguards	bodyguard
bodyguarding	bodyguard
boers	boer
bogs	bog
bogged	bog
bogging	bog
bogeys	bogey
bogeyed	bogey
bogeying	bogey
boggles	boggle
boggling	boggle
boggled	boggle
bohemians	bohemian
boils	boil
boileds	boiled
boilers	boiler
boilered	boiler
bolder	bold
boldest	bold
bolivians	bolivian
bollocks	bollock
bollocked	bollock
bollocking	bollock
bolsheviks	bolshevik
bolstered	bolster
bolstering	bolster
bolsters	bolster
bolts	bolt
bolted	bolt
bolting	bolt
boms	bom
bombs	bomb
bombed	bomb
bombarded	bombard
bombarding	bombard
bombards	bombard
bombardments	bombardment
bombers	bomber
bombings	bombing
bombshells	bombshell
boned	bon
bons	bon
boning	bon
bonanzas	bonanza
bonds	bond
bonded	bond
bondholders	bondholder
bones	bone
bonfires	bonfire
bonnets	bonnet
bonuses	bonus
boos	boo
booing	boo
booed	boo
boobs	boob
boobed	boob
boobing	boob
boogieing	boogie
boogied	boogie
boogies	boogie
books	book
booked	book
bookcases	bookcase
bookers	booker
bookering	booker
bookings	booking
bookkeepers	bookkeeper
booklets	booklet
bookmakers	bookmaker
booksellers	bookseller
bookshops	bookshop
bookstores	bookstore
boomed	boom
booms	boom
boomers	boomer
boons	boon
boosted	boost
boosting	boost
boosts	boost
boosters	booster
booted	boot
booting	boot
booths	booth
bootling	bootle
bootlegs	bootleg
bootlegged	bootleg
bootlegging	bootleg
booties	booty
boozing	booze
boozed	booze
boozes	booze
bordering	border
bordered	border
borderlines	borderline
bores	bore
boreholes	borehole
boreholing	borehole
borings	boring
borning	born
boroughs	borough
borrows	borrow
borrowers	borrower
borrowings	borrowing
bosnians	bosnian
bosoms	bosom
bosoming	bosom
bosomed	bosom
bosses	boss
bossing	boss
bossed	boss
bots	bot
botting	bot
botanicals	botanical
botanists	botanist
botching	botch
botches	botch
bothered	bother
bothering	bother
bothers	bother
bottles	bottle
bottling	bottle
bottlenecks	bottleneck
bottlenecking	bottleneck
bottlenecked	bottleneck
bottoms	bottom
bottoming	bottom
bottomed	bottom
boughs	bough
boughing	bough
boulders	boulder
bouldering	boulder
boulevards	boulevard
bounced	bounce
bounces	bounce
bouncers	bouncer
bouncings	bouncing
bouncier	bouncy
bounds	bound
bounded	bound
bounding	bound
boundaries	boundary
bounties	bounty
bouquets	bouquet
bourbons	bourbon
bouts	bout
boutiques	boutique
bovines	bovine
bowed	bow
bows	bow
bowing	bow
bowels	bowel
bowers	bower
bowering	bower
bowered	bower
bowls	bowl
bowled	bowl
bowlers	bowler
bowmen	bowman
boxes	box
boxcars	boxcar
boxers	boxer
boxier	boxy
boys	boy
boycotted	boycott
boycotting	boycott
boycotts	boycott
boyfriends	boyfriend
brer	br
brring	br
brest	br
bras	bra
braces	brace
braced	brace
bracing	brace
bracelets	bracelet
brackens	bracken
brackened	bracken
brackets	bracket
bracketed	bracket
bracketing	bracket
bragging	brag
bragged	brag
brags	brag
braids	braid
braiding	braid
brains	brain
braining	brain
brained	brain
brainchilds	brainchild
brainwashed	brainwash
brainwashing	brainwash
brainwashes	brainwash
brakes	brake
braked	brake
braking	brake
brambles	bramble
brambling	bramble
brans	bran
branches	branch
branched	branch
branchings	branching
brands	brand
branded	brand
branding	brand
brandishing	brandish
brandished	brandish
brandishes	brandish
brandos	brando
brandies	brandy
braques	braque
brasher	brash
brashest	brash
brashed	brash
brasses	brass
brassed	brass
brats	brat
bravados	bravado
braved	brave
braver	brave
bravest	brave
braving	brave
braves	brave
brawls	brawl
brawling	brawl
brawled	brawl
brayed	bray
braying	bray
brays	bray
brazened	brazen
brazening	brazen
brazens	brazen
brazils	brazil
brazilians	brazilian
breaches	breach
breached	breach
breaching	breach
breads	bread
breading	bread
breaded	bread
breadcrumbs	breadcrumb
breadcrumbed	breadcrumb
breadwinners	breadwinner
breaks	break
break-ins	break-in
break-ups	break-up
breakages	breakage
breakaways	breakaway
breakdowns	breakdown
breakers	breaker
breakfasts	breakfast
breakfasted	breakfast
breakfasting	breakfast
breakouts	breakout
breakthroughs	breakthrough
breakups	breakup
breams	bream
breaming	bream
breamed	bream
breasts	breast
breasted	breast
breasting	breast
breastfeeding	breastfeed
breastfeeds	breastfeed
breastfed	breastfeed
breaths	breath
breathed	breathe
breathes	breathe
breathers	breather
breathings	breathing
breeches	breech
breeched	breech
breeching	breech
breeds	breed
bred	breed
breeders	breeder
breezes	breeze
breezed	breeze
breezing	breeze
breeziest	breezy
brents	brent
brewed	brew
brews	brew
brewers	brewer
breweries	brewery
bribes	bribe
bribed	bribe
bribing	bribe
bricks	brick
bricked	brick
bricking	brick
brickworks	brickwork
brickworking	brickwork
brides	bride
bridegrooms	bridegroom
bridesmaids	bridesmaid
bridged	bridge
bridging	bridge
bridles	bridle
bridled	bridle
bridling	bridle
briefed	brief
briefs	brief
briefest	brief
briefer	brief
briefcases	briefcase
briefings	briefing
brigs	brig
brigged	brig
brigades	brigade
brigading	brigade
brigaded	brigade
brigadiers	brigadier
brighter	bright
brightest	bright
brightened	brighten
brightening	brighten
brightens	brighten
brightnesses	brightness
brilliances	brilliance
brilliants	brilliant
brimming	brim
brimmed	brim
brims	brim
brines	brine
brining	brine
brined	brine
brought	bring
bringing	bring
brings	bring
brinks	brink
brisker	brisk
brisking	brisk
briskest	brisk
bristles	bristle
bristling	bristle
bristled	bristle
brits	brit
britons	briton
brittling	brittle
bros	bro
broached	broach
broaching	broach
broaches	broach
broader	broad
broadest	broad
broads	broad
broadcasts	broadcast
broadcasters	broadcaster
broadened	broaden
broadening	broaden
broadens	broaden
broadsides	broadside
broadsiding	broadside
broadways	broadway
brocades	brocade
brocading	brocade
brocaded	brocade
brochures	brochure
broiled	broil
broils	broil
broiling	broil
broilers	broiler
brokers	broker
brokered	broker
brokering	broker
brokerages	brokerage
bronzes	bronze
bronzing	bronze
bronzed	bronze
brooches	brooch
brooded	brood
broods	brood
broodings	brooding
brooked	brook
brooking	brook
brooms	broom
broths	broth
brothels	brothel
brothers	brother
brotherhoods	brotherhood
brows	brow
browns	brown
browned	brown
browner	brown
brownings	browning
brownstones	brownstone
brownies	browny
browsing	browse
browsed	browse
browses	browse
browsers	browser
bruises	bruise
bruisings	bruising
brunches	brunch
brunettes	brunette
brushed	brush
brushing	brush
brushes	brush
brutals	brutal
brutalities	brutality
brutalized	brutalize
brutalizing	brutalize
brutalizes	brutalize
brutes	brute
bubbles	bubble
bubbled	bubble
bubblings	bubbling
bubbliest	bubbly
bucking	buck
bucked	buck
buckets	bucket
bucketing	bucket
bucketed	bucket
buckles	buckle
buckling	buckle
buckled	buckle
bucolics	bucolic
buds	bud
budded	bud
buddhas	buddha
buddhists	buddhist
buddies	buddy
budged	budge
budging	budge
budges	budge
budgerigars	budgerigar
budgets	budget
budgeted	budget
buffs	buff
buffing	buff
buffed	buff
buffalos	buffalo
buffaloing	buffalo
buffaloed	buffalo
buffers	buffer
buffered	buffer
buffering	buffer
buffets	buffet
buffetted	buffet
buffeting	buffet
buffeted	buffet
bugs	bug
bugged	bug
bugging	bug
buggers	bugger
buggered	bugger
buggering	bugger
buggies	buggy
builds	build
build-ups	build-up
builders	builder
buildings	building
built-ins	built-in
bulbs	bulb
bulgarians	bulgarian
bulged	bulge
bulges	bulge
bulked	bulk
bulking	bulk
bulks	bulk
bulkheads	bulkhead
bulkier	bulky
bulkiest	bulky
bulls	bull
bulling	bull
bulled	bull
bulldogs	bulldog
bulldozed	bulldoze
bulldozing	bulldoze
bulldozes	bulldoze
bulldozers	bulldozer
bulldozered	bulldozer
bullets	bullet
bulletins	bulletin
bulletining	bulletin
bulletined	bulletin
bulletproofing	bulletproof
bulletproofed	bulletproof
bulletproofs	bulletproof
bullocks	bullock
bullocking	bullock
bullocked	bullock
bullshitting	bullshit
bullshitted	bullshit
bullshits	bullshit
bullied	bully
bullies	bully
bulwarks	bulwark
bulwarking	bulwark
bulwarked	bulwark
bums	bum
bumming	bum
bummed	bum
bumping	bump
bumped	bump
bumps	bump
bumpers	bumper
bumpier	bumpy
bumpiest	bumpy
buns	bun
bunned	bun
bunning	bun
bunches	bunch
bunched	bunch
bunching	bunch
bundles	bundle
bundled	bundle
bundling	bundle
bungalows	bungalow
bungled	bungle
bungles	bungle
bungling	bungle
bunks	bunk
bunking	bunk
bunked	bunk
bunkers	bunker
bunkered	bunker
bunkering	bunker
bunnies	bunny
bunnied	bunny
buoyed	buoy
buoys	buoy
buoying	buoy
burdens	burden
burdened	burden
burdening	burden
bureaux	bureau
bureaucracies	bureaucracy
bureaucrats	bureaucrat
burgeoned	burgeon
burgeons	burgeon
burgers	burger
burgesses	burgess
burghs	burgh
burglars	burglar
burglaries	burglary
burgled	burgle
burgling	burgle
burgles	burgle
burgundies	burgundy
burials	burial
burking	burke
burked	burke
burkes	burke
burlaps	burlap
burlier	burly
burlies	burly
burliest	burly
burners	burner
burnings	burning
burrs	burr
burred	burr
burritos	burrito
burrowing	burrow
burrowed	burrow
bursts	burst
burying	bury
buries	bury
buses	bus
bussing	bus
bussed	bus
busses	bus
bushes	bush
bushed	bush
bushing	bush
bushels	bushel
bushelling	bushel
bushelled	bushel
bushier	bushy
bushies	bushy
businesses	business
businessmen	businessman
businesswomen	businesswoman
busts	bust
busting	bust
busters	buster
bustled	bustle
bustles	bustle
busiest	busy
busied	busy
busier	busy
busying	busy
busies	busy
butching	butch
butches	butch
butchered	butcher
butchering	butcher
butlers	butler
butts	butt
butting	butt
butted	butt
buttering	butter
butters	butter
butterflies	butterfly
butterflying	butterfly
butterflied	butterfly
buttocked	buttock
buttons	button
buttoned	button
buttoning	button
buttresses	buttress
buttressed	buttress
buttressing	buttress
bought	buy
buys	buy
buyers	buyer
buyouts	buyout
buzzed	buz
buzzes	buzz
buzzards	buzzard
buzzers	buzzer
buzzings	buzzing
buzzwords	buzzword
by-elections	by-election
by-products	by-product
byes	bye
bygones	bygone
bypassing	bypass
bypassed	bypass
bypasses	bypass
byrnes	byrne
bystanders	bystander
bytes	byte
byzantines	byzantine
cas	ca
caer	ca
cabs	cab
cabbing	cab
cabbed	cab
cabarets	cabaret
cabbages	cabbage
cabbaging	cabbage
cabbaged	cabbage
cabins	cabin
cabining	cabin
cabined	cabin
cabinets	cabinet
cables	cable
cabled	cable
cabling	cable
cacheing	cache
cached	cache
caches	cache
cackled	cackle
cackling	cackle
cackles	cackle
cacti	cactus
cads	cad
cadavers	cadaver
caddying	caddie
caddied	caddie
caddies	caddie
cadences	cadence
cadets	cadet
cadres	cadre
caesars	caesar
cafes	cafe
cafeterias	cafeteria
cages	cage
caging	cage
cajoled	cajole
cajoling	cajole
cajoles	cajole
cajuns	cajun
cakes	cake
caked	cake
caking	cake
cals	cal
calamities	calamity
calculates	calculate
calculations	calculation
calculators	calculator
calendars	calendar
calendaring	calendar
calendared	calendar
calves	calf
calibrated	calibrate
calibrating	calibrate
calibrates	calibrate
calibrations	calibration
calibres	calibre
californians	californian
calls	call
call-ups	call-up
callers	caller
calligraphies	calligraphy
callings	calling
callousing	callous
calloused	callous
callouses	callous
calmer	calm
calmed	calm
calms	calm
calories	calory
cams	cam
cammed	cam
cambodians	cambodian
camcorders	camcorder
camels	camel
cameos	cameo
cameras	camera
cameramen	cameraman
camouflaged	camouflage
camouflages	camouflage
camouflaging	camouflage
camps	camp
campaigns	campaign
campaigned	campaign
campaigners	campaigner
campers	camper
campfires	campfire
campsites	campsite
cans	can
canadians	canadian
canals	canal
canalling	canal
canalled	canal
canaries	canary
cancelled	cancel
cancelling	cancel
cancels	cancel
cancellations	cancellation
cancers	cancer
candids	candid
candidacies	candidacy
candidates	candidate
candles	candle
candling	candle
candled	candle
candlelights	candlelight
candlesticks	candlestick
candied	candy
candies	candy
candying	candy
canes	cane
caned	cane
caning	cane
canines	canine
canisters	canister
cannibals	cannibal
cannons	cannon
cannoned	cannon
cannoning	cannon
cannier	canny
canniest	canny
canoes	canoe
canoed	canoe
canons	canon
canopies	canopy
canopied	canopy
canopying	canopy
canteens	canteen
cantered	canter
cantering	canter
canters	canter
cants	canter
cantons	canton
cantoning	canton
cantoned	canton
canvases	canvas
canvassing	canvas
canvassed	canvas
canvasses	canvass
canyons	canyon
caps	cap
capped	cap
capabilities	capability
capacitances	capacitance
capacitors	capacitor
capacities	capacity
capes	cape
caping	cape
capers	caper
capering	caper
capered	caper
capillaries	capillary
capitals	capital
capitalised	capitalise
capitalising	capitalise
capitalises	capitalise
capitalisms	capitalism
capitalists	capitalist
capitalizations	capitalization
capitalizing	capitalize
capitalized	capitalize
capitalizes	capitalize
capitols	capitol
capitulated	capitulate
capitulating	capitulate
capitulates	capitulate
cappings	capping
cappuccinos	cappuccino
capsized	capsize
capsizing	capsize
capsizes	capsize
capsules	capsule
capsuling	capsule
capsuled	capsule
captains	captain
captained	captain
captaining	captain
captaincies	captaincy
captions	caption
captioned	caption
captioning	caption
captivated	captivate
captivates	captivate
captives	captive
captivities	captivity
captors	captor
captured	capture
capturing	capture
captures	capture
cars	car
caramels	caramel
carats	carat
caravans	caravan
caravanning	caravan
caravanned	caravan
carbohydrates	carbohydrate
carbons	carbon
carbonates	carbonate
carbonated	carbonate
carbonating	carbonate
carcasses	carcass
carcassed	carcass
carcinogens	carcinogen
carcinomas	carcinoma
cards	card
carded	card
carding	card
cardboards	cardboard
cardiacs	cardiac
cardigans	cardigan
cardinals	cardinal
cardiologists	cardiologist
cared	care
cares	care
careening	careen
careened	careen
careens	careen
careers	career
careered	career
careering	career
caregivers	caregiver
carers	carer
caressing	caress
caressed	caress
caresses	caress
caretakers	caretaker
cargoes	cargo
caricatures	caricature
caricatured	caricature
caricaturing	caricature
carmakers	carmaker
carnations	carnation
carnivals	carnival
carnivores	carnivore
carols	carol
carolling	carol
carolled	carol
carotids	carotid
carousels	carousel
carping	carp
carps	carp
carped	carp
carpenters	carpenter
carpentering	carpenter
carpentered	carpenter
carpets	carpet
carpetings	carpeting
carrs	carr
carriages	carriage
carriageways	carriageway
carriers	carrier
carrots	carrot
carried	carry
carries	carry
carryings	carrying
carts	cart
carted	cart
carting	cart
cartels	cartel
carters	carter
cartilages	cartilage
cartons	carton
cartoons	cartoon
cartooned	cartoon
cartooning	cartoon
cartoonists	cartoonist
cartridges	cartridge
carves	carve
carvers	carver
carvings	carving
casas	casa
cascading	cascade
cascades	cascade
cascaded	cascade
cases	case
cased	case
caseloads	caseload
caseworkers	caseworker
cashing	cash
cashed	cash
cashes	cash
cashews	cashew
cashiers	cashier
cashiered	cashier
cashiering	cashier
cashmeres	cashmere
casings	casing
casinos	casino
casks	cask
caskets	casket
casseroles	casserole
casseroling	casserole
casseroled	casserole
cassettes	cassette
casts	cast
cast-offs	cast-off
castes	caste
casters	caster
castigated	castigate
castigating	castigate
castigates	castigate
castings	casting
castles	castle
castling	castle
castled	castle
castrated	castrate
castrating	castrate
castrates	castrate
casuals	casual
casualties	casualty
cats	cat
catting	cat
catted	cat
catalogs	catalog
cataloging	catalog
cataloged	catalog
catalogues	catalogue
catalogued	catalogue
cataloguing	catalogue
catalysts	catalyst
catapulted	catapult
catapults	catapult
catapulting	catapult
cataracts	cataract
catastrophes	catastrophe
caught	catch
catches	catch
catchers	catcher
catchments	catchment
catchiest	catchy
catchier	catchy
catechisms	catechism
categorised	categorise
categorising	categorise
categorises	categorise
categorizations	categorization
categorized	categorize
categorizing	categorize
categorizes	categorize
categories	category
catered	cater
caters	cater
caterers	caterer
caterpillars	caterpillar
catfishes	catfish
cathedrals	cathedral
catheters	catheter
catholics	catholic
catwalks	catwalk
caucasians	caucasian
caucusing	caucus
caucused	caucus
caucuses	caucus
cauldrons	cauldron
cauliflowers	cauliflower
causalities	causality
causations	causation
caused	cause
causing	cause
causes	cause
causeways	causeway
causewayed	causeway
caustics	caustic
cautioned	caution
cautions	caution
cautioning	caution
cavaliers	cavalier
cavalries	cavalry
caves	cave
caved	cave
caving	cave
cave-ins	cave-in
caveats	caveat
caverns	cavern
caverning	cavern
caverned	cavern
cavities	cavity
cavorting	cavort
cavorted	cavort
cavorts	cavort
ccs	cc
cds	cd
cd-roms	cd-rom
cdnas	cdna
ceased	cease
ceases	cease
ceasing	cease
ceasefires	ceasefire
cedars	cedar
ceded	cede
ceding	cede
cedes	cede
ceilings	ceiling
celebs	celeb
celebrating	celebrate
celebrates	celebrate
celebrations	celebration
celebrities	celebrity
celibates	celibate
cells	cell
cellars	cellar
cellos	cello
cellphones	cellphone
celts	celt
cements	cement
cemented	cement
cementing	cement
cemeteries	cemetery
censors	censor
censoring	censor
censured	censure
censures	censure
censuring	censure
censuses	census
cents	cent
centenaries	centenary
centers	center
centered	center
centering	center
centimeters	centimeter
centimetres	centimetre
centralising	centralise
centralises	centralise
centralities	centrality
centralizing	centralize
centralizes	centralize
centres	centre
centred	centre
centring	centre
centre-forwards	centre-forward
centrepieces	centrepiece
centrists	centrist
centuries	century
ceos	ceo
cereals	cereal
ceremonials	ceremonial
ceremonies	ceremony
certs	cert
certainties	certainty
certificates	certificate
certificated	certificate
certificating	certificate
certifications	certification
certifieds	certified
certifying	certify
certifies	certify
cervixes	cervix
cessations	cessation
cfs	cf
cfcs	cfc
chs	ch
chads	chad
chafed	chafe
chafing	chafe
chafes	chafe
chagrining	chagrin
chagrined	chagrin
chagrins	chagrin
chains	chain
chained	chain
chaining	chain
chainsaws	chainsaw
chainsawed	chainsaw
chairs	chair
chaired	chair
chairing	chair
chairmen	chairman
chairmanning	chairman
chairmanned	chairman
chairmans	chairman
chairmanships	chairmanship
chairpersons	chairperson
chairwomen	chairwoman
chaises	chaise
chalets	chalet
chalked	chalk
chalks	chalk
chalking	chalk
chalkboards	chalkboard
challenges	challenge
challengers	challenger
chambering	chamber
chambered	chamber
chamberlains	chamberlain
chameleons	chameleon
champs	champ
champing	champ
champed	champ
champagnes	champagne
champions	champion
championed	champion
championing	champion
championships	championship
channing	chan
chances	chance
chanced	chance
chancing	chance
chancels	chancel
chancellors	chancellor
chanceries	chancery
chandeliers	chandelier
chandlers	chandler
changs	chang
changes	change
changeovers	changeover
changers	changer
channels	channel
channelled	channel
channelling	channel
chanting	chant
chanted	chant
chants	chant
chaps	chap
chapping	chap
chapped	chap
chapels	chapel
chaplains	chaplain
chapmen	chapman
chapters	chapter
charring	char
chars	char
characters	character
charactering	character
charactered	character
characterisations	characterisation
characterised	characterise
characterises	characterise
characterising	characterise
characteristics	characteristic
characterizations	characterization
characterized	characterize
characterizes	characterize
characterizing	characterize
charcoals	charcoal
charcoaled	charcoal
charcoaling	charcoal
charges	charge
chargers	charger
chargings	charging
chariots	chariot
charioting	chariot
charioted	chariot
charismatics	charismatic
charities	charity
charms	charm
charmers	charmer
charts	chart
charting	chart
charted	chart
charters	charter
chartering	charter
chasing	chase
chased	chase
chases	chase
chasers	chaser
chasms	chasm
chastised	chastise
chastising	chastise
chastises	chastise
chatting	chat
chatted	chat
chats	chat
chattered	chatter
chattering	chatter
chatters	chatter
chauffeurs	chauffeur
chauffeured	chauffeur
chauffeuring	chauffeur
chauvinisms	chauvinism
chauvinists	chauvinist
cheaper	cheap
cheapest	cheap
cheated	cheat
cheats	cheat
cheaters	cheater
cheatering	cheater
checks	check
check-ins	check-in
check-lists	check-list
check-ups	check-up
checkers	checker
checkering	checker
checkings	checking
checklists	checklist
checkouts	checkout
checkpoints	checkpoint
checkups	checkup
cheddars	cheddar
cheeks	cheek
cheeked	cheek
cheeking	cheek
cheekbones	cheekbone
cheekiest	cheeky
cheekier	cheeky
cheekies	cheeky
cheering	cheer
cheered	cheer
cheerleaders	cheerleader
cheerier	cheery
cheeriest	cheery
cheesed	cheese
cheesing	cheese
cheeses	cheese
cheeseburgers	cheeseburger
cheesecakes	cheesecake
cheesies	cheesy
cheetahs	cheetah
chefs	chef
chemicals	chemical
chemists	chemist
cheques	cheque
cherishes	cherish
cherishing	cherish
cherokees	cherokee
cherries	cherry
chests	chest
chested	chest
chesterfields	chesterfield
chestnuts	chestnut
chevrons	chevron
chevroned	chevron
chewed	chew
chews	chew
chewings	chewing
chewiest	chewy
chewier	chewy
chicks	chick
chickens	chicken
chickened	chicken
chickening	chicken
chickpeas	chickpea
chided	chide
chiding	chide
chides	chide
chiefs	chief
chieftains	chieftain
children	child
childhoods	childhood
chileans	chilean
chilis	chili
chills	chill
chillis	chilli
chillies	chilly
chillier	chilly
chilliest	chilly
chimed	chime
chimes	chime
chiming	chime
chimneys	chimney
chimps	chimp
chimpanzees	chimpanzee
chins	chin
chinned	chin
chinning	chin
chinks	chink
chinking	chink
chinked	chink
chips	chip
chippings	chipping
chiropractors	chiropractor
chirped	chirp
chirping	chirp
chirps	chirp
chisels	chisel
chiselled	chisel
chiselling	chisel
chlorides	chloride
chlorines	chlorine
chocolates	chocolate
choices	choice
choirs	choir
choked	choke
choking	choke
chokes	choke
chomping	chomp
chomped	chomp
chomps	chomp
chose	choose
chooses	choose
choosings	choosing
chops	chop
choppers	chopper
choppering	chopper
choppier	choppy
chords	chord
chording	chord
chorded	chord
chores	chore
choreographed	choreograph
choreographing	choreograph
choreographs	choreograph
choreographers	choreographer
choreographies	choreography
choruses	chorus
chorused	chorus
chorusing	chorus
christened	christen
christens	christen
christenings	christening
christians	christian
christmases	christmas
chromed	chrome
chromes	chrome
chroming	chrome
chromosomes	chromosome
chronicles	chronicle
chronicled	chronicle
chronicling	chronicle
chroniclers	chronicler
chronologies	chronology
chrysanthemums	chrysanthemum
chubbier	chubby
chucked	chuck
chucking	chuck
chucks	chuck
chuckled	chuckle
chuckling	chuckle
chuckles	chuckle
chugged	chug
chugging	chug
chugs	chug
chums	chum
chummed	chum
chunks	chunk
chunking	chunk
chunked	chunk
chunkier	chunky
chunkies	chunky
chunkiest	chunky
churches	church
churching	church
churched	church
churchmen	churchman
churchyards	churchyard
churning	churn
churned	churn
churns	churn
chutes	chute
chuted	chute
chuting	chute
chutneys	chutney
cicadas	cicada
cichlids	cichlid
ciders	cider
cigars	cigar
cigarettes	cigarette
cinched	cinch
cinching	cinch
cinches	cinch
cinders	cinder
cindered	cinder
cinderellas	cinderella
cinemas	cinema
circles	circle
circled	circle
circling	circle
circuits	circuit
circuited	circuit
circuiting	circuit
circuitries	circuitry
circulars	circular
circulated	circulate
circulating	circulate
circulates	circulate
circulations	circulation
circumcised	circumcise
circumcising	circumcise
circumcises	circumcise
circumcisions	circumcision
circumferences	circumference
circumscribed	circumscribe
circumscribes	circumscribe
circumscribing	circumscribe
circumstances	circumstance
circumvented	circumvent
circumventing	circumvent
circumvents	circumvent
circuses	circus
cisterns	cistern
citadels	citadel
citations	citation
cited	cite
cites	cite
citing	cite
citizens	citizen
citizenships	citizenship
cities	city
civilians	civilian
civilisations	civilisation
civilities	civility
civilizations	civilization
civilizing	civilize
civilizes	civilize
cladding	clad
clads	clad
claimed	claim
claims	claim
claiming	claim
claimants	claimant
clams	clam
clammed	clam
clamming	clam
clambered	clamber
clambering	clamber
clambers	clamber
clammying	clammy
clamoring	clamor
clamored	clamor
clamors	clamor
clamouring	clamour
clamoured	clamour
clamours	clamour
clamped	clamp
clamping	clamp
clamps	clamp
clampdowns	clampdown
clans	clan
clanging	clang
clangs	clang
clanged	clang
clanking	clank
clanked	clank
clanks	clank
clapped	clap
clapping	clap
claps	clap
clapboarding	clapboard
clapboarded	clapboard
clapboards	clapboard
clarets	claret
clarifications	clarification
clarified	clarify
clarifying	clarify
clarifies	clarify
clarinets	clarinet
clarioning	clarion
clarioned	clarion
clarions	clarion
clarities	clarity
clashes	clash
clashed	clash
clashing	clash
clasped	clasp
clasping	clasp
clasps	clasp
classes	class
classed	class
classing	class
classics	classic
classicals	classical
classifications	classification
classifieds	classified
classifying	classify
classifies	classify
classmates	classmate
classrooms	classroom
classier	classy
classiest	classy
clattered	clatter
clattering	clatter
clatters	clatter
clauses	clause
claustrophobics	claustrophobic
claws	claw
clawed	claw
clawing	claw
clays	clay
cleaned	clean
cleans	clean
cleanest	clean
clean-ups	clean-up
cleaners	cleaner
cleanings	cleaning
cleansed	cleanse
cleanses	cleanse
cleansers	cleanser
cleanups	cleanup
cleared	clear
clearer	clear
clearest	clear
clears	clear
clear-cutting	clear-cut
clear-cuts	clear-cut
clearances	clearance
clearings	clearing
clearinghouses	clearinghouse
cleats	cleat
cleating	cleat
cleated	cleat
cleavages	cleavage
clefts	cleft
clenching	clench
clenches	clench
clergymen	clergyman
clerics	cleric
clericals	clerical
clerks	clerk
clerking	clerk
clerked	clerk
cleverer	clever
cleverest	clever
clevernesses	cleverness
cliches	cliche
clicked	click
clicking	click
clicks	click
clients	client
clienteles	clientele
cliffs	cliff
climates	climate
climaxes	climax
climaxed	climax
climaxing	climax
climbed	climb
climbs	climb
climbers	climber
climes	clime
clinched	clinch
clinching	clinch
clinches	clinch
clung	cling
clinging	cling
clings	cling
clinics	clinic
clinicians	clinician
clinked	clink
clinking	clink
clinks	clink
clints	clint
clips	clip
clipboards	clipboard
clippers	clipper
clippings	clipping
cliques	clique
cloaks	cloak
cloaked	cloak
cloaking	cloak
cloakrooms	cloakroom
clobbered	clobber
clobbering	clobber
clobbers	clobber
clocks	clock
clocked	clock
clocking	clock
clogs	clog
clogged	clog
clogging	clog
cloisters	cloister
cloistered	cloister
cloistering	cloister
cloned	clon
clones	clone
closes	close
close-ups	close-up
closenesses	closeness
closers	closer
closets	closet
closeted	closet
closetting	closet
closings	closing
closures	closure
closuring	closure
closured	closure
clotted	clot
clotting	clot
clots	clot
cloths	cloth
cloathing	clothe
clotheslines	clothesline
clothiers	clothier
clouds	cloud
clouded	cloud
clouding	cloud
cloudier	cloudy
cloughs	clough
clouted	clout
clouting	clout
clouts	clout
cloves	clove
clovers	clover
clowns	clown
clowning	clown
clowned	clown
clubs	club
clubbed	club
clubbing	club
clubhouses	clubhouse
clucked	cluck
clucking	cluck
clucks	cluck
clues	clue
clued	clue
cluing	clue
clumps	clump
clumped	clump
clumping	clump
clumsier	clumsy
clumsiest	clumsy
clusters	cluster
clustered	cluster
clusterings	clustering
clutching	clutch
clutched	clutch
clutches	clutch
cluttering	clutter
clutters	clutter
cms	cm
co-authors	co-author
co-authoring	co-author
co-authored	co-author
co-operatives	co-operative
co-ordinations	co-ordination
co-stars	co-star
co-starring	co-star
co-starred	co-star
coaches	coach
coached	coach
coals	coal
coaling	coal
coaled	coal
coalesced	coalesce
coalescing	coalesce
coalesces	coalesce
coalfields	coalfield
coalitions	coalition
coarser	coarse
coarsest	coarse
coarsing	coarse
coasts	coast
coasting	coast
coasted	coast
coasters	coaster
coastguards	coastguard
coastlines	coastline
coats	coat
coated	coat
coatings	coating
coaxed	coax
coaxing	coax
coaxes	coax
cobs	cob
cobbed	cob
cobbles	cobble
cobbling	cobble
cobblers	cobbler
cobblestones	cobblestone
cobras	cobra
cobwebs	cobweb
cobwebbed	cobweb
cocks	cock
cocked	cock
cocking	cock
cockneys	cockney
cockpits	cockpit
cockroaches	cockroach
cocktails	cocktail
cockier	cocky
cockiest	cocky
cocoas	cocoa
coconuts	coconut
cocooned	cocoon
cocoons	cocoon
cocooning	cocoon
cods	cod
codding	cod
codded	cod
coddling	coddle
coddled	coddle
coddles	coddle
codes	code
codified	codify
codifying	codify
codifies	codify
codings	coding
coefficients	coefficient
coeliacs	coeliac
coerced	coerce
coercing	coerce
coerces	coerce
coercions	coercion
coexisted	coexist
coexisting	coexist
coexists	coexist
coffees	coffee
coffers	coffer
coffering	coffer
coffins	coffin
coffining	coffin
coffined	coffin
cogs	cog
cogging	cog
cogged	cog
cognacs	cognac
cognitions	cognition
cohabiting	cohabit
cohabited	cohabit
cohabits	cohabit
coherences	coherence
cohesions	cohesion
cohorts	cohort
cohorting	cohort
coils	coil
coiled	coil
coiling	coil
coins	coin
coined	coin
coining	coin
coinages	coinage
coincided	coincide
coincides	coincide
coinciding	coincide
coincidences	coincidence
cokes	coke
coking	coke
coked	coke
cols	col
colas	cola
colder	cold
colds	cold
coldest	cold
coles	cole
collaborating	collaborate
collaborated	collaborate
collaborates	collaborate
collaborations	collaboration
collaborators	collaborator
collages	collage
collaged	collage
collagens	collagen
collapses	collapse
collars	collar
collaring	collar
collared	collar
collarbones	collarbone
collating	collate
collated	collate
collates	collate
collaterals	collateral
colleagues	colleague
collects	collect
collections	collection
collectives	collective
collectors	collector
colleges	college
collided	collide
colliding	collide
collides	collide
colliers	collier
collieries	colliery
collisions	collision
collocations	collocation
colognes	cologne
colombians	colombian
colons	colon
colonels	colonel
colonials	colonial
colonialisms	colonialism
colonics	colonic
colonised	colonise
colonising	colonise
colonises	colonise
colonists	colonist
colonizations	colonization
colonized	colonize
colonizing	colonize
colonizes	colonize
colonizers	colonizer
colonies	colony
colors	color
colorados	colorado
colorations	coloration
colours	colour
coloureds	coloured
colourings	colouring
colts	colt
colting	colt
columns	column
columnists	columnist
comas	coma
combed	comb
combing	comb
combs	comb
combating	combat
combats	combat
combatted	combat
combated	combat
combatants	combatant
combinations	combination
combining	combine
combines	combine
combos	combo
combustions	combustion
came	come
comes	come
come-downs	come-down
comebacks	comeback
comedians	comedian
comedies	comedy
comets	comet
comforts	comfort
comforted	comfort
comforters	comforter
comfier	comfy
comics	comic
comings	coming
commas	comma
commands	command
commanded	command
commandeered	commandeer
commandeering	commandeer
commandeers	commandeer
commanders	commander
commandments	commandment
commandos	commando
commemorating	commemorate
commemorated	commemorate
commemorates	commemorate
commemorations	commemoration
commemoratives	commemorative
commenced	commence
commencing	commence
commences	commence
commended	commend
commends	commend
commending	commend
commendations	commendation
comments	comment
commented	comment
commenting	comment
commentaries	commentary
commentating	commentate
commentated	commentate
commentates	commentate
commentators	commentator
commercials	commercial
commercialized	commercialize
commercializing	commercialize
commercializes	commercialize
commissioned	commission
commissions	commission
commissioners	commissioner
commissionings	commissioning
committing	commit
commits	commit
commitments	commitment
committals	committal
committeds	committed
committees	committee
commodities	commodity
commodores	commodore
commonalities	commonality
commoners	commoner
commonplaces	commonplace
commotions	commotion
communes	commune
communing	commune
communed	commune
communicated	communicate
communicates	communicate
communications	communication
communicators	communicator
communions	communion
communiques	communique
communists	communist
communities	community
commuted	commute
commutes	commute
commuters	commuter
comps	comp
comping	comp
compacts	compact
compacted	compact
compacting	compact
compacter	compact
companions	companion
companioning	companion
companioned	companion
companionships	companionship
companies	company
companying	company
companied	company
comparatives	comparative
compared	compare
comparing	compare
compares	compare
comparisons	comparison
compartments	compartment
compartmented	compartment
compasses	compass
compassed	compass
compassing	compass
compassions	compassion
compassionating	compassionate
compassionated	compassionate
compassionates	compassionate
compatibilities	compatibility
compatibles	compatible
compatriots	compatriot
compelled	compel
compels	compel
compendia	compendium
compensated	compensate
compensating	compensate
compensates	compensate
compensations	compensation
competed	compete
competes	compete
competences	competence
competencies	competency
competitions	competition
competitors	competitor
compilations	compilation
compiled	compile
compiling	compile
compiles	compile
compilers	compiler
complained	complain
complaining	complain
complains	complain
complainants	complainant
complaints	complaint
complemented	complement
complements	complement
complementing	complement
complementaries	complementary
completing	complete
completes	complete
completions	completion
complexes	complex
complexed	complex
complexions	complexion
complexities	complexity
compliances	compliance
complicates	complicate
complications	complication
complicities	complicity
compliments	compliment
complimented	compliment
complimenting	compliment
complimentaries	complimentary
complied	comply
complying	comply
complies	comply
components	component
composed	compose
composing	compose
composes	compose
composers	composer
composites	composite
compositions	composition
compositors	compositor
composts	compost
composted	compost
compounds	compound
compounded	compound
compounding	compound
comprehended	comprehend
comprehending	comprehend
comprehends	comprehend
comprehensives	comprehensive
compressing	compress
compresses	compress
compressions	compression
compressors	compressor
comprising	comprise
comprises	comprise
comprised	comprise
compromises	compromise
compulsions	compulsion
compulsives	compulsive
computations	computation
computed	compute
computes	compute
computers	computer
computerizing	computerize
computerizes	computerize
comrades	comrade
cons	con
conned	con
conning	con
concealing	conceal
conceals	conceal
concealments	concealment
conceded	concede
conceding	concede
concedes	concede
conceits	conceit
conceived	conceive
conceives	conceive
conceiving	conceive
concentrating	concentrate
concentrates	concentrate
concentrations	concentration
concepts	concept
conceptions	conception
conceptualizations	conceptualization
conceptualized	conceptualize
conceptualizing	conceptualize
conceptualizes	conceptualize
concerns	concern
concerts	concert
concerting	concert
concertos	concerto
concessions	concession
concierges	concierge
conciliations	conciliation
concluded	conclude
concludes	conclude
conclusions	conclusion
concocted	concoct
concocting	concoct
concocts	concoct
concoctions	concoction
concomitants	concomitant
concourses	concourse
concreting	concrete
concreted	concrete
concretes	concrete
concurred	concur
concurs	concur
concurring	concur
concurrents	concurrent
concussions	concussion
condemning	condemn
condemns	condemn
condemnations	condemnation
condensations	condensation
condensing	condense
condenses	condense
condiments	condiment
conditions	condition
conditionals	conditional
conditioners	conditioner
condos	condo
condolences	condolence
condoms	condom
condominiums	condominium
condoned	condone
condones	condone
condoning	condone
condors	condor
conducted	conduct
conducting	conduct
conducts	conduct
conductors	conductor
conduits	conduit
cones	cone
coning	cone
coned	cone
confections	confection
confectioners	confectioner
confectioneries	confectionery
confederates	confederate
confederated	confederate
confederating	confederate
confederations	confederation
conferred	confer
confers	confer
conferring	confer
conferences	conference
confesses	confess
confessing	confess
confessions	confession
confessionals	confessional
confessors	confessor
confidants	confidant
confided	confide
confiding	confide
confides	confide
confidences	confidence
configurations	configuration
configured	configure
configuring	configure
configures	configure
confines	confine
confining	confine
confinements	confinement
confirms	confirm
confirming	confirm
confirmations	confirmation
confiscated	confiscate
confiscating	confiscate
confiscates	confiscate
confiscations	confiscation
conflagrations	conflagration
conflated	conflate
conflating	conflate
conflates	conflate
conflicts	conflict
conflicted	conflict
confluences	confluence
conforms	conform
conforming	conform
conformed	conform
conformations	conformation
confounded	confound
confounding	confound
confounds	confound
confronted	confront
confronting	confront
confronts	confront
confrontations	confrontation
confuses	confuse
confusions	confusion
congers	conger
congestions	congestion
conglomerates	conglomerate
conglomerating	conglomerate
conglomerated	conglomerate
congratulated	congratulate
congratulating	congratulate
congratulates	congratulate
congregating	congregate
congregated	congregate
congregates	congregate
congregations	congregation
congresses	congress
congressmen	congressman
congruences	congruence
conifers	conifer
conjectures	conjecture
conjectured	conjecture
conjecturing	conjecture
conjunctions	conjunction
conjures	conjure
conjured	conjure
conjuring	conjure
connects	connect
connections	connection
connectives	connective
connectivities	connectivity
connectors	connector
connoisseurs	connoisseur
connons	connon
connotations	connotation
connotes	connote
connoted	connote
connoting	connote
conquered	conquer
conquers	conquer
conquerors	conqueror
conquests	conquest
consciences	conscience
consciousnesses	consciousness
conscripts	conscript
conscripted	conscript
conscripting	conscript
conscriptions	conscription
consecrated	consecrate
consecrating	consecrate
consecrates	consecrate
consented	consent
consents	consent
consenting	consent
consequences	consequence
consequents	consequent
consequentials	consequential
conservationists	conservationist
conservatives	conservative
conservators	conservator
conservatories	conservatory
conserved	conserve
conserving	conserve
conserves	conserve
considers	consider
considerations	consideration
consigned	consign
consigning	consign
consigns	consign
consignments	consignment
consists	consist
consisting	consist
consisted	consist
consistencies	consistency
consolations	consolation
consoled	console
consoles	console
consoling	console
consolidating	consolidate
consolidates	consolidate
consolidations	consolidation
consonants	consonant
consorts	consort
consorting	consort
consorted	consort
consortiums	consortium
conspiracies	conspiracy
conspirators	conspirator
conspiring	conspire
conspired	conspire
conspires	conspire
constables	constable
constabularies	constabulary
constants	constant
constellations	constellation
constipations	constipation
constituencies	constituency
constituents	constituent
constitutes	constitute
constituting	constitute
constitutions	constitution
constrained	constrain
constraining	constrain
constrains	constrain
constraints	constraint
constricted	constrict
constricting	constrict
constricts	constrict
constructing	construct
constructs	construct
constructions	construction
constructivists	constructivist
construed	construe
construing	construe
construes	construe
consuls	consul
consulates	consulate
consulted	consult
consults	consult
consultancies	consultancy
consultants	consultant
consultations	consultation
consumed	consume
consumes	consume
consumers	consumer
consummated	consummate
consummating	consummate
consummates	consummate
contacts	contact
contacted	contact
contacting	contact
contains	contain
containing	contain
containers	container
containments	containment
contaminants	contaminant
contaminating	contaminate
contaminates	contaminate
contaminations	contamination
contemplating	contemplate
contemplated	contemplate
contemplates	contemplate
contemplations	contemplation
contemplatives	contemplative
contemporaries	contemporary
contempts	contempt
contends	contend
contended	contend
contenders	contender
contendings	contending
contents	content
contenting	content
contentions	contention
contests	contest
contesting	contest
contestants	contestant
contexts	context
continents	continent
continentals	continental
contingencies	contingency
contingents	contingent
continuations	continuation
continues	continue
continuities	continuity
contorted	contort
contorting	contort
contorts	contort
contours	contour
contoured	contour
contouring	contour
contras	contra
contraceptions	contraception
contraceptives	contraceptive
contracts	contract
contracted	contract
contractions	contraction
contractors	contractor
contradicts	contradict
contradicted	contradict
contradicting	contradict
contradictions	contradiction
contradictories	contradictory
contraptions	contraption
contraries	contrary
contrasts	contrast
contrasted	contrast
contravening	contravene
contravened	contravene
contravenes	contravene
contraventions	contravention
contributed	contribute
contributes	contribute
contributions	contribution
contributors	contributor
contributories	contributory
contriving	contrive
contrives	contrive
controls	control
controllers	controller
controversies	controversy
conundrums	conundrum
conurbations	conurbation
convened	convene
convenes	convene
convening	convene
conveniences	convenience
convents	convent
convented	convent
conventions	convention
converged	converge
converging	converge
converges	converge
convergences	convergence
conversations	conversation
conversing	converse
conversed	converse
converses	converse
conversions	conversion
converting	convert
converts	convert
converters	converter
convertibles	convertible
conveyed	convey
conveying	convey
conveys	convey
conveyances	conveyance
conveyancers	conveyancer
conveyors	conveyor
convicts	convict
convicting	convict
convictions	conviction
convinces	convince
convocations	convocation
convoys	convoy
convoying	convoy
convoyed	convoy
convulsed	convulse
convulsing	convulse
convulses	convulse
convulsions	convulsion
cooing	coo
coos	coo
cooed	coo
cooks	cook
cookbooks	cookbook
cookers	cooker
cooled	cool
cools	cool
coolest	cool
coolers	cooler
coopering	cooper
coopered	cooper
cooperated	cooperate
cooperates	cooperate
cooperations	cooperation
cooperatives	cooperative
coordinates	coordinate
coordinations	coordination
coordinators	coordinator
cops	cop
copped	cop
copping	cop
coped	cope
copes	cope
copiers	copier
copings	coping
coppers	copper
coppering	copper
coppered	copper
copses	copse
copies	copy
copied	copy
copycats	copycat
copyings	copying
copyrights	copyright
copyrighting	copyright
copyrighted	copyright
corals	coral
cords	cord
corded	cord
cording	cord
cordials	cordial
cordons	cordon
cordoned	cordon
cordoning	cordon
corduroys	corduroy
cores	core
cored	core
coring	core
corianders	coriander
corinthians	corinthian
corks	cork
corked	cork
corking	cork
corkscrews	corkscrew
corkscrewing	corkscrew
corkscrewed	corkscrew
corns	corn
corning	corn
corned	corn
corneas	cornea
corners	corner
cornered	corner
cornering	corner
cornerstones	cornerstone
cornfields	cornfield
corniest	corny
cornies	corny
corollaries	corollary
coronas	corona
coronaries	coronary
coronations	coronation
coroners	coroner
corporals	corporal
corporates	corporate
corporations	corporation
corporatists	corporatist
corpses	corpse
corralled	corral
corrals	corral
corralling	corral
corrected	correct
correcting	correct
corrects	correct
corrections	correction
correctives	corrective
correlated	correlate
correlates	correlate
correlating	correlate
correlations	correlation
corresponds	correspond
corresponded	correspond
correspondences	correspondence
correspondents	correspondent
corridors	corridor
corroborated	corroborate
corroborates	corroborate
corroborating	corroborate
corroded	corrode
corrodes	corrode
corroding	corrode
corrosives	corrosive
corrupted	corrupt
corrupting	corrupt
corrupts	corrupt
corrupter	corrupt
corruptions	corruption
corsets	corset
corseting	corset
corseted	corset
cortexes	cortex
coses	cose
cosmics	cosmic
cosmologists	cosmologist
cosmologies	cosmology
cosmopolitans	cosmopolitan
cossacks	cossack
costs	cost
costas	costa
costings	costing
costliest	costly
costlier	costly
costumes	costume
costumed	costume
costuming	costume
cosier	cosy
cosies	cosy
cosiest	cosy
cosied	cosy
cosying	cosy
cots	cot
cottages	cottage
cottons	cotton
cottoned	cotton
cottoning	cotton
cottonwoods	cottonwood
couched	couch
couches	couch
couching	couch
coughed	cough
coughs	cough
coughings	coughing
couns	coun
councils	council
councillors	councillor
councilmen	councilman
counselled	counsel
counsels	counsel
counsellors	counsellor
counts	count
counted	count
countenanced	countenance
countenances	countenance
countenancing	countenance
countered	counter
counters	counter
countering	counter
counteracting	counteract
counteracted	counteract
counteracts	counteract
counterattacked	counterattack
counterattacks	counterattack
counter-attacking	counterattack
counterattacks'	counterattack
counterbalanced	counterbalance
counterbalancing	counterbalance
counterbalances	counterbalance
counterfeiting	counterfeit
counterfeits	counterfeit
counterfeited	counterfeit
counterparts	counterpart
counterpoints	counterpoint
counterpointed	counterpoint
counterpointing	counterpoint
countertops	countertop
counterweights	counterweight
counterweighting	counterweight
counterweighted	counterweight
countesses	countess
countings	counting
countries	country
countrymen	countryman
counties	county
coups	coup
couped	coup
coupes	coupe
couples	couple
coupled	couple
couplets	couplet
couplings	coupling
coupons	coupon
courgettes	courgette
couriers	courier
couriered	courier
courses	course
coursing	course
coursed	course
courts	court
courting	court
courted	court
court-martialled	court-martial
court-martials	court-martial
court-martialling	court-martial
court-martialed	court-martial
courts-martial	court-martial
courtesies	courtesy
courthouses	courthouse
courtiers	courtier
courtrooms	courtroom
courtships	courtship
courtyards	courtyard
cousins	cousin
covariates	covariate
coves	cove
coved	cove
covenants	covenant
covenanted	covenant
covenanting	covenant
covers	cover
cover-ups	cover-up
coverages	coverage
coverings	covering
coverts	covert
coverting	covert
covets	covet
coveting	covet
cows	cow
cowed	cow
cowing	cow
cowards	coward
cowboys	cowboy
cowering	cower
cowered	cower
cowers	cower
coxes	cox
coxing	cox
coxed	cox
coyotes	coyote
cozying	cozy
cozier	cozy
cpas	cpa
cpus	cpu
cred	cr
crabs	crab
crabbing	crab
crabbed	crab
cracks	crack
crackdowns	crackdown
crackers	cracker
crackings	cracking
crackled	crackle
crackling	crackle
crackles	crackle
cradling	cradle
cradled	cradle
cradles	cradle
crafts	craft
crafted	craft
crafting	craft
craftsmen	craftsman
craftier	crafty
craftiest	crafty
crags	crag
cragging	crag
craggier	craggy
cramming	cram
crams	cram
cramps	cramp
cramping	cramp
cranberries	cranberry
cranes	crane
craned	crane
craning	crane
cranks	crank
cranking	crank
cranked	crank
crankier	cranky
crannies	cranny
crapping	crap
crapped	crap
craps	crap
crapper	crap
crashed	crash
crashes	crash
crashings	crashing
crassest	crass
crasser	crass
crates	crate
crated	crate
crating	crate
craters	crater
cratered	crater
cratering	crater
craved	crave
craves	crave
cravens	craven
cravings	craving
crawfords	crawford
crawled	crawl
crawling	crawl
crawls	crawl
crayons	crayon
crayoning	crayon
crayoned	crayon
crazes	craze
crazing	craze
crazinesses	craziness
craziest	crazy
crazier	crazy
crazies	crazy
creaked	creak
creaks	creak
creakings	creaking
creams	cream
creaming	cream
creamed	cream
creamier	creamy
creamiest	creamy
creases	crease
creased	crease
creasing	crease
creating	create
creates	create
creations	creation
creatives	creative
creators	creator
creatures	creature
credentialed	credential
credited	credit
credits	credit
crediting	credit
creditors	creditor
credos	credo
creeds	creed
creeks	creek
crept	creep
creeps	creep
creepier	creepy
cremated	cremate
cremating	cremate
cremates	cremate
cremations	cremation
cremer	creme
creoles	creole
crepes	crepe
creping	crepe
creped	crepe
crescendos	crescendo
crescendoing	crescendo
crescendoed	crescendo
crescendoes	crescendo
crescents	crescent
crests	crest
crested	crest
cresting	crest
crevices	crevice
creviced	crevice
crews	crew
crewed	crew
crewing	crew
crewmen	crewman
cribbing	crib
cribs	crib
cribbed	crib
crickets	cricket
cricketers	cricketer
crimes	crime
criminals	criminal
criminalized	criminalize
criminalizing	criminalize
criminalizes	criminalize
criminologies	criminology
crimsons	crimson
crimsoned	crimson
crimsoning	crimson
cringed	cringe
cringing	cringe
cringes	cringe
crinkled	crinkle
crinkling	crinkle
crinkles	crinkle
cripples	cripple
crises	crisis
crisps	crisp
crisper	crisp
crisping	crisp
crisped	crisp
crispest	crisp
crispies	crispy
crispiest	crispy
crisscrossed	crisscross
crisscrossing	crisscross
crisscrosses	crisscross
criterias	criteria
critics	critic
criticised	criticise
criticising	criticise
criticises	criticise
criticisms	criticism
criticized	criticize
criticizing	criticize
criticizes	criticize
critiques	critique
critiqued	critique
critiquing	critique
critters	critter
croaked	croak
croaking	croak
croaks	croak
croats	croat
croatians	croatian
crocks	crock
crocked	crock
crocking	crock
crocodiles	crocodile
crocodiled	crocodile
crofts	croft
crofting	croft
crofted	croft
crohns	crohn
croissants	croissant
cronies	crony
crooks	crook
crooking	crook
crooned	croon
crooning	croon
croons	croon
crops	crop
cropping	crop
croplands	cropland
crosses	cross
cross-countries	cross-country
cross-examines	cross-examine
cross-examining	cross-examine
cross-sections	cross-section
crossfires	crossfire
crossings	crossing
crossovers	crossover
crosswords	crossword
crotches	crotch
crouched	crouch
crouching	crouch
crouches	crouch
crows	crow
crowed	crow
crowing	crow
crowds	crowd
crowding	crowd
crowes	crowe
crowned	crown
crowns	crown
crownings	crowning
crucibles	crucible
crucifixes	crucifix
crucifixions	crucifixion
crucified	crucify
crucifying	crucify
crucifies	crucify
cruder	crude
crudest	crude
crudes	crude
cruellest	cruel
crueller	cruel
cruelties	cruelty
cruising	cruise
cruises	cruise
cruised	cruise
cruisers	cruiser
crumbs	crumb
crumbed	crumb
crumbing	crumb
crumbles	crumble
crumpling	crumple
crumples	crumple
crunched	crunch
crunching	crunch
crunches	crunch
crunchies	crunchy
crunchier	crunchy
crusades	crusade
crusading	crusade
crusaded	crusade
crusaders	crusader
crushes	crush
crushings	crushing
crusts	crust
crusted	crust
crusting	crust
crusties	crusty
crustier	crusty
crutches	crutch
cruxes	crux
cried	cry
cries	cry
cryings	crying
crypts	crypt
crystals	crystal
crystallised	crystallise
crystallises	crystallise
crystallising	crystallise
crystallized	crystallize
crystallizing	crystallize
crystallizes	crystallize
cts	ct
cubs	cub
cubbing	cub
cubbed	cub
cubans	cuban
cubes	cube
cubed	cube
cubing	cube
cubicles	cubicle
cuckoos	cuckoo
cuckooing	cuckoo
cuckooed	cuckoo
cucumbers	cucumber
cuddling	cuddle
cuddled	cuddle
cuddles	cuddle
cuddlier	cuddly
cuddliest	cuddly
cues	cue
cued	cue
cueing	cue
cuffs	cuff
cuffed	cuff
cuffing	cuff
cuisines	cuisine
cul-de-sacs	cul-de-sac
culled	cull
culling	cull
culls	cull
culleys	culley
culminating	culminate
culminated	culminate
culminates	culminate
culminations	culmination
culprits	culprit
cults	cult
cultivars	cultivar
cultivating	cultivate
cultivates	cultivate
cultivations	cultivation
cultures	culture
culturing	culture
cunningest	cunning
cunts	cunt
cups	cup
cupping	cup
cupped	cup
cupboards	cupboard
curated	curate
curates	curate
curating	curate
curators	curator
curbing	curb
curbs	curb
curbed	curb
curds	curd
curded	curd
cured	cure
cures	cure
curing	cure
curfews	curfew
curiosities	curiosity
curiouser	curious
curls	curl
curled	curl
curlies	curly
curlier	curly
curliest	curly
currans	curran
currants	currant
currencies	currency
currents	current
curricula	curriculum
curries	curry
currying	curry
curried	curry
cursing	curse
curses	curse
cursors	cursor
curtailed	curtail
curtailing	curtail
curtails	curtail
curtains	curtain
curtained	curtain
curtaining	curtain
curvatures	curvature
curves	curve
cushions	cushion
cushioned	cushion
cushioning	cushion
cusps	cusp
cusped	cusp
cusping	cusp
cussing	cuss
cussed	cuss
cusses	cuss
custards	custard
custodians	custodian
customers	customer
customizing	customize
customizes	customize
cuts	cut
cut-offs	cut-off
cutbacks	cutback
cutest	cute
cuter	cute
cuticles	cuticle
cutouts	cutout
cutters	cutter
cutthroats	cutthroat
cuttings	cutting
cvs	cv
cyaniding	cyanide
cycles	cycle
cycled	cycle
cyclicals	cyclical
cyclists	cyclist
cyclones	cyclone
cylinders	cylinder
cynics	cynic
cypresses	cypress
cypriots	cypriot
cysts	cyst
czars	czar
czechs	czech
czeched	czech
czechoslovaks	czechoslovak
dabbed	dab
dabs	dab
dabbing	dab
dabbling	dabble
dabbled	dabble
dabbles	dabble
dads	dad
dadas	dada
daddies	daddy
daffodils	daffodil
dafter	daft
daftest	daft
dafts	daft
daggers	dagger
daggered	dagger
dahlias	dahlia
dailies	daily
dainties	dainty
daintiest	dainty
daintier	dainty
dairies	dairy
dairying	dairy
daisies	daisy
dales	dale
daleks	dalek
daleys	daley
daltons	dalton
dams	dam
dammed	dam
damming	dam
damages	damage
dames	dame
damed	dame
damns	damn
damped	damp
damping	damp
damps	damp
dampest	damp
dampened	dampen
dampening	dampen
dampens	dampen
dampers	damper
damsels	damsel
danced	dance
dances	dance
dancers	dancer
dandelions	dandelion
dandies	dandy
dandying	dandy
dandiest	dandy
danes	dane
dangers	danger
dangling	dangle
dangled	dangle
dangles	dangle
danker	dank
daphnes	daphne
dappers	dapper
dared	dare
dares	dare
darker	dark
darkest	dark
darkens	darken
darkrooms	darkroom
darlings	darling
darning	darn
darned	darn
darns	darn
darted	dart
darts	dart
darting	dart
darwinians	darwinian
dashed	dash
dashes	dash
dashboards	dashboard
databases	database
datasets	dataset
dates	date
datings	dating
daughters	daughter
daughters-in-law	daughter-in-law
daunted	daunt
daunts	daunt
davenports	davenport
dawned	dawn
dawns	dawn
dawning	dawn
days	day
daydreams	daydream
daydreaming	daydream
daydreamed	daydream
daydreams'	daydream
day-dreamed	daydream
daylights	daylight
daylighting	daylight
daytimes	daytime
dazing	daze
dazes	daze
dazzled	dazzle
dazzles	dazzle
deacons	deacon
deadbeats	deadbeat
deadlines	deadline
deadlocks	deadlock
deadlocking	deadlock
deadliest	deadly
deadlier	deadly
deadpans	deadpan
deadpanning	deadpan
deafer	deaf
deafest	deaf
deafened	deafen
deafens	deafen
dealt	deal
deals	deal
dealers	dealer
dealerships	dealership
deans	dean
dearer	dear
dears	dear
deaths	death
deathbeds	deathbed
debacles	debacle
debates	debate
debated	debate
debentures	debenture
debilitated	debilitate
debilitates	debilitate
debits	debit
debited	debit
debiting	debit
debriefing	debrief
debriefed	debrief
debriefs	debrief
debts	debt
debtors	debtor
debunking	debunk
debunks	debunk
debunked	debunk
debuts	debut
debuting	debut
debuted	debut
decades	decade
decadents	decadent
decapitated	decapitate
decapitating	decapitate
decapitates	decapitate
decayed	decay
decays	decay
deceaseds	deceased
deceits	deceit
deceived	deceive
deceiving	deceive
deceives	deceive
decencies	decency
decentralizing	decentralize
decentralizes	decentralize
deceptions	deception
decides	decide
decimals	decimal
decimated	decimate
decimating	decimate
decimates	decimate
deciphering	decipher
deciphered	decipher
deciphers	decipher
decisions	decision
decks	deck
decked	deck
decking	deck
declarations	declaration
declaring	declare
declares	declare
declined	decline
declines	decline
decoded	decode
decoding	decode
decodes	decode
decomposed	decompose
decomposes	decompose
decomposing	decompose
decompositions	decomposition
deconstructed	deconstruct
deconstructing	deconstruct
deconstructs	deconstruct
deconstructions	deconstruction
decors	decor
decorates	decorate
decorations	decoration
decorators	decorator
decorums	decorum
decoys	decoy
decoyed	decoy
decoying	decoy
decreases	decrease
decreasings	decreasing
decrees	decree
decreed	decree
decreeing	decree
decried	decry
decrying	decry
decries	decry
dedicating	dedicate
dedicates	dedicate
dedications	dedication
deduced	deduce
deducing	deduce
deduces	deduce
deducted	deduct
deducting	deduct
deducts	deduct
deductibles	deductible
deductions	deduction
deeds	deed
deemed	deem
deems	deem
deeming	deem
deeps	deep
deepened	deepen
deepens	deepen
deering	deer
defaced	deface
defacing	deface
defaces	deface
defamations	defamation
defaults	default
defaulted	default
defaulting	default
defeats	defeat
defeating	defeat
defects	defect
defected	defect
defecting	defect
defections	defection
defectives	defective
defectors	defector
defences	defence
defended	defend
defends	defend
defendants	defendant
defenders	defender
defenses	defense
deferring	defer
defers	defer
deferences	deference
deferreds	deferred
defiants	defiant
defibrillators	defibrillator
deficiencies	deficiency
deficits	deficit
defines	define
definites	definite
definitions	definition
definitives	definitive
deflated	deflate
deflating	deflate
deflates	deflate
deflations	deflation
deflected	deflect
deflecting	deflect
deflects	deflect
deflections	deflection
deforesting	deforest
deforested	deforest
deforests	deforest
deforming	deform
deforms	deform
deformations	deformation
deformities	deformity
defrauding	defraud
defrauded	defraud
defrauds	defraud
deftest	deft
defter	deft
defusing	defuse
defused	defuse
defuses	defuse
defied	defy
defying	defy
defies	defy
degenerated	degenerate
degenerating	degenerate
degenerates	degenerate
degradations	degradation
degrading	degrade
degrades	degrade
degrees	degree
dehydrated	dehydrate
dehydrates	dehydrate
dehydrating	dehydrate
deictics	deictic
deities	deity
delays	delay
delaying	delay
delegates	delegate
delegating	delegate
delegations	delegation
deleted	delete
deleting	delete
deletes	delete
deletions	deletion
delis	deli
deliberating	deliberate
deliberated	deliberate
deliberates	deliberate
deliberations	deliberation
delicacies	delicacy
delights	delight
delighting	delight
delineated	delineate
delineates	delineate
delineating	delineate
delinquencies	delinquency
delinquents	delinquent
deliriums	delirium
delivered	deliver
delivering	deliver
delivers	deliver
deliverances	deliverance
deliveries	delivery
dells	dell
deltas	delta
deluded	delude
deluding	delude
deludes	delude
deluged	deluge
deluging	deluge
deluges	deluge
delusions	delusion
delving	delve
delves	delve
delved	delve
dems	dem
demagogues	demagogue
demands	demand
demanded	demand
demarcations	demarcation
demeaned	demean
demeans	demean
demeanours	demeanour
dementias	dementia
demilitarizing	demilitarize
demilitarized	demilitarize
demilitarizes	demilitarize
demised	demise
demises	demise
demos	demo
demoing	demo
demobilized	demobilize
demobilizing	demobilize
demobilizes	demobilize
democracies	democracy
democrats	democrat
democratized	democratize
democratizing	democratize
democratizes	democratize
demographers	demographer
demolished	demolish
demolishing	demolish
demolishes	demolish
demolitions	demolition
demons	demon
demonized	demonize
demonizing	demonize
demonizes	demonize
demonstrates	demonstrate
demonstrating	demonstrate
demonstrations	demonstration
demonstrators	demonstrator
demoralized	demoralize
demoralizing	demoralize
demoralizes	demoralize
demoted	demote
demoting	demote
demotes	demote
demurred	demur
demurs	demur
demurring	demur
dens	den
denials	denial
denigrating	denigrate
denigrated	denigrate
denigrates	denigrate
denims	denim
denizens	denizen
denominations	denomination
denominators	denominator
denotes	denote
denoted	denote
denoting	denote
denounced	denounce
denouncing	denounce
denounces	denounce
densities	density
dented	dent
dents	dent
denting	dent
dentals	dental
dentists	dentist
denunciations	denunciation
denied	deny
denying	deny
denies	deny
deodorants	deodorant
departing	depart
departs	depart
departments	department
departures	departure
depends	depend
depended	depend
dependables	dependable
dependants	dependant
dependences	dependence
dependencies	dependency
dependents	dependent
depicting	depict
depicted	depict
depicts	depict
depictions	depiction
depleting	deplete
depletes	deplete
depletions	depletion
deplored	deplore
deploring	deplore
deplores	deplore
deployed	deploy
deploying	deploy
deploys	deploy
deployments	deployment
deported	deport
deporting	deport
deports	deport
deportations	deportation
deposed	depose
deposing	depose
deposes	depose
deposits	deposit
deposited	deposit
depositing	deposit
depositions	deposition
depositors	depositor
depots	depot
depreciated	depreciate
depreciating	depreciate
depreciates	depreciate
depreciations	depreciation
depresses	depress
depressions	depression
depressives	depressive
deprivations	deprivation
depriving	deprive
deprives	deprive
depts	dept
depths	depth
deputies	deputy
derailed	derail
derailing	derail
derails	derail
derbies	derby
deregulated	deregulate
deregulating	deregulate
deregulates	deregulate
derelicts	derelict
derelictions	dereliction
derided	deride
deriding	deride
derides	deride
derivations	derivation
derivatives	derivative
derived	derive
derives	derive
deriving	derive
dermatologists	dermatologist
descends	descend
descendants	descendant
descents	descent
described	describe
describes	describe
describing	describe
descriptions	description
descriptors	descriptor
desecrated	desecrate
desecrating	desecrate
desecrates	desecrate
deserts	desert
deserting	desert
deserters	deserter
desertions	desertion
deserves	deserve
deserved	deserve
designed	design
designs	design
designing	design
designating	designate
designates	designate
designations	designation
designers	designer
desirabilities	desirability
desires	desire
desiring	desire
desisted	desist
desists	desist
desisting	desist
desks	desk
desktops	desktop
desmonds	desmond
desolating	desolate
desolated	desolate
desolates	desolate
desolations	desolation
despaired	despair
despairs	despair
despatched	despatch
despatches	despatch
despatching	despatch
desperations	desperation
despises	despise
despising	despise
desserts	dessert
destabilizing	destabilize
destabilizes	destabilize
destabilized	destabilize
destinations	destination
destining	destine
destines	destine
destinies	destiny
destitutes	destitute
destroying	destroy
destroys	destroy
destroyers	destroyer
destructions	destruction
detaching	detach
detaches	detach
detachments	detachment
details	detail
detailing	detail
detained	detain
detaining	detain
detains	detain
detainees	detainee
detected	detect
detecting	detect
detects	detect
detections	detection
detectives	detective
detectors	detector
detentions	detention
deterred	deter
deterring	deter
deters	deter
detergents	detergent
deteriorated	deteriorate
deteriorates	deteriorate
deteriorations	deterioration
determinants	determinant
determinations	determination
determines	determine
determinisms	determinism
deterrents	deterrent
detested	detest
detests	detest
detesting	detest
detonated	detonate
detonating	detonate
detonates	detonate
detonations	detonation
detours	detour
detoured	detour
detouring	detour
detoxed	detox
detoxing	detox
detoxes	detox
detracts	detract
detracting	detract
detracted	detract
detractors	detractor
detriments	detriment
deutschmarks	deutschmark
devaluations	devaluation
devalued	devalue
devaluing	devalue
devalues	devalue
devastates	devastate
devastations	devastation
develops	develop
developers	developer
developments	development
deviances	deviance
deviants	deviant
deviated	deviate
deviating	deviate
deviates	deviate
deviations	deviation
devices	device
devils	devil
devilled	devil
devilling	devil
devised	devise
devising	devise
devises	devise
devolved	devolve
devolving	devolve
devolves	devolve
devoting	devote
devotes	devote
devotees	devotee
devotions	devotion
devouring	devour
devoured	devour
devours	devour
dews	dew
dewed	dew
dis	di
diabetics	diabetic
diagnosed	diagnose
diagnosing	diagnose
diagnoses	diagnose
diagonals	diagonal
diagrams	diagram
diagrammed	diagram
diagramming	diagram
dialled	dial
dials	dial
dialing	dial
dialects	dialect
dialectics	dialectic
dialogues	dialogue
diameters	diameter
diamonds	diamond
diapers	diaper
diapered	diaper
diaphragms	diaphragm
diarrhoeas	diarrhoea
diaries	diary
diasporas	diaspora
diatribes	diatribe
dicing	dice
dices	dice
dichotomies	dichotomy
dicks	dick
dictated	dictate
dictates	dictate
dictating	dictate
dictators	dictator
dictatorships	dictatorship
dictionaries	dictionary
dicta	dictum
died	die
dies	die
diesels	diesel
diets	diet
dieting	diet
dieted	diet
dietaries	dietary
dieters	dieter
dietitians	dietitian
differs	differ
differed	differ
differences	difference
differentials	differential
differentiated	differentiate
differentiates	differentiate
differentiating	differentiate
differentiations	differentiation
difficulties	difficulty
diffused	diffuse
diffuses	diffuse
diffusing	diffuse
diffusions	diffusion
dug	dig
digs	dig
digested	digest
digesting	digest
digests	digest
digestions	digestion
digestives	digestive
diggers	digger
diggings	digging
digits	digit
digitized	digitize
digitizing	digitize
digitizes	digitize
dignitaries	dignitary
dignities	dignity
digressing	digress
digressed	digress
digresses	digress
dikes	dike
diked	dike
diking	dike
dilated	dilate
dilating	dilate
dilates	dilate
dilemmas	dilemma
dilled	dill
diluted	dilute
diluting	dilute
dilutes	dilute
dilutions	dilution
dimmed	dim
dimmer	dim
dimming	dim
dimmest	dim
dims	dim
dimes	dime
dimensions	dimension
dimensioned	dimension
dimensioning	dimension
diminishes	diminish
diminutions	diminution
diminutives	diminutive
dimples	dimple
dimpling	dimple
dimpled	dimple
dinned	din
dins	din
dinning	din
dinars	dinar
dined	dine
dines	dine
diners	diner
dinghies	dinghy
dingies	dingy
dingiest	dingy
dingier	dingy
dinners	dinner
dinnertimes	dinnertime
dinosaurs	dinosaur
diocesans	diocesan
dioceses	diocese
dioxides	dioxide
dioxins	dioxin
dipped	dip
dipping	dip
dips	dip
diplomas	diploma
diplomats	diplomat
direst	dire
direr	dire
directing	direct
directs	direct
directions	direction
directives	directive
directors	director
directorates	directorate
directorships	directorship
directories	directory
dirtiest	dirty
dirtier	dirty
dirtying	dirty
dirtied	dirty
dirties	dirty
disabilities	disability
disabling	disable
disables	disable
disablements	disablement
disadvantages	disadvantage
disadvantaging	disadvantage
disaffections	disaffection
disagreed	disagree
disagrees	disagree
disagreeing	disagree
disagreements	disagreement
disallowed	disallow
disallowing	disallow
disallows	disallow
disappeared	disappear
disappears	disappear
disappearances	disappearance
disappoints	disappoint
disappointments	disappointment
disapprovals	disapproval
disapproved	disapprove
disapproves	disapprove
disarmed	disarm
disarming	disarm
disarms	disarm
disarraying	disarray
disarrayed	disarray
disarrays	disarray
disassembled	disassemble
disassembling	disassemble
disassembles	disassemble
disasters	disaster
disavowed	disavow
disavowing	disavow
disavows	disavow
disbanded	disband
disbanding	disband
disbands	disband
disbeliefs	disbelief
disbelieving	disbelieve
disbelieved	disbelieve
disbelieves	disbelieve
discs	disc
discarding	discard
discards	discard
discerned	discern
discerns	discern
discharged	discharge
discharges	discharge
discharging	discharge
disciples	disciple
discipling	disciple
discipled	disciple
disciplines	discipline
disciplining	discipline
disclaimers	disclaimer
disclosed	disclose
disclosing	disclose
discloses	disclose
disclosures	disclosure
discos	disco
discoing	disco
discomforts	discomfort
discomforted	discomfort
discomforting	discomfort
disconnected	disconnect
disconnects	disconnect
disconnecting	disconnect
discontents	discontent
discontenting	discontent
discontinued	discontinue
discontinuing	discontinue
discontinues	discontinue
discontinuities	discontinuity
discords	discord
discording	discord
discorded	discord
discounts	discount
discounting	discount
discouraged	discourage
discourages	discourage
discourses	discourse
discoursing	discourse
discoursed	discourse
discovered	discover
discovering	discover
discovers	discover
discoveries	discovery
discrediting	discredit
discredits	discredit
discreetest	discreet
discrepancies	discrepancy
discretes	discrete
discretions	discretion
discriminants	discriminant
discriminated	discriminate
discriminates	discriminate
discriminations	discrimination
discussed	discuss
discussing	discuss
discusses	discuss
discussions	discussion
disdaining	disdain
disdained	disdain
disdains	disdain
diseases	disease
disembarked	disembark
disembarking	disembark
disembarks	disembark
disenfranchised	disenfranchise
disenfranchises	disenfranchise
disenfranchising	disenfranchise
disengaged	disengage
disengaging	disengage
disengages	disengage
disentangling	disentangle
disentangled	disentangle
disentangles	disentangle
disfigured	disfigure
disfiguring	disfigure
disfigures	disfigure
disgorged	disgorge
disgorging	disgorge
disgorges	disgorge
disgracing	disgrace
disgraces	disgrace
disguising	disguise
disguises	disguise
disgusts	disgust
disgusteds	disgusted
dishes	dish
dishing	dish
dished	dish
disheartened	dishearten
disheartening	dishearten
disheartens	dishearten
dishonesties	dishonesty
dishwashers	dishwasher
disillusioning	disillusion
disillusions	disillusion
disillusionments	disillusionment
disincentives	disincentive
disinfectants	disinfectant
disintegrated	disintegrate
disintegrating	disintegrate
disintegrates	disintegrate
disintegrations	disintegration
disks	disk
disliked	dislike
dislikes	dislike
disliking	dislike
dislocated	dislocate
dislocating	dislocate
dislocates	dislocate
dislocations	dislocation
dislodged	dislodge
dislodging	dislodge
dislodges	dislodge
dismantled	dismantle
dismantles	dismantle
dismantlings	dismantling
dismaying	dismay
dismays	dismay
dismembering	dismember
dismembered	dismember
dismembers	dismember
dismissed	dismiss
dismissing	dismiss
dismisses	dismiss
dismissals	dismissal
dismounted	dismount
dismounting	dismount
dismounts	dismount
disobeying	disobey
disobeyed	disobey
disobeys	disobey
disorders	disorder
disordering	disorder
disorderlies	disorderly
disorganizing	disorganize
disorganizes	disorganize
disorienting	disorient
disorients	disorient
disorientations	disorientation
disowned	disown
disowning	disown
disowns	disown
disparaged	disparage
disparages	disparage
disparities	disparity
dispatched	dispatch
dispatches	dispatch
dispatching	dispatch
dispatchers	dispatcher
dispelled	dispel
dispelling	dispel
dispels	dispel
dispensations	dispensation
dispensed	dispense
dispensing	dispense
dispenses	dispense
dispensers	dispenser
dispersals	dispersal
dispersing	disperse
disperses	disperse
dispersions	dispersion
displacing	displace
displaces	displace
displacements	displacement
displayed	display
displays	display
displaying	display
displeasing	displease
displeased	displease
displeases	displease
displeasures	displeasure
disposables	disposable
disposals	disposal
disposing	dispose
disposes	dispose
dispositions	disposition
dispossessed	dispossess
dispossessing	dispossess
dispossesses	dispossess
disproportionating	disproportionate
disproved	disprove
disproving	disprove
disproves	disprove
disputes	dispute
disputing	dispute
disqualifications	disqualification
disqualified	disqualify
disqualifies	disqualify
disqualifying	disqualify
disquieted	disquiet
disquiets	disquiet
disquieting	disquiet
disregarded	disregard
disregarding	disregard
disregards	disregard
disrespected	disrespect
disrespecting	disrespect
disrespects	disrespect
disrupted	disrupt
disrupting	disrupt
disrupts	disrupt
disruptions	disruption
dissatisfactions	dissatisfaction
dissected	dissect
dissecting	dissect
dissects	dissect
dissections	dissection
disseminated	disseminate
disseminating	disseminate
disseminates	disseminate
dissensions	dissension
dissented	dissent
dissents	dissent
dissenters	dissenter
dissertations	dissertation
disservices	disservice
dissidents	dissident
dissipated	dissipate
dissipates	dissipate
dissipating	dissipate
dissociated	dissociate
dissociating	dissociate
dissociates	dissociate
dissociations	dissociation
dissolutions	dissolution
dissolves	dissolve
dissolving	dissolve
dissonances	dissonance
dissuaded	dissuade
dissuading	dissuade
dissuades	dissuade
distances	distance
distancing	distance
distanced	distance
distastes	distaste
distilling	distil
distils	distil
distillers	distiller
distilleries	distillery
distinctions	distinction
distinguishes	distinguish
distorts	distort
distorting	distort
distortions	distortion
distracting	distract
distracts	distract
distractions	distraction
distresses	distress
distributing	distribute
distributes	distribute
distributions	distribution
distributors	distributor
districts	district
districting	district
districted	district
distrusted	distrust
distrusts	distrust
distrusting	distrust
disturbs	disturb
disturbances	disturbance
ditches	ditch
ditched	ditch
ditching	ditch
dithered	dither
dithering	dither
dithers	dither
diuretics	diuretic
divas	diva
dived	dive
dives	dive
divers	diver
diverged	diverge
diverges	diverge
diverging	diverge
divergences	divergence
divergents	divergent
diversifications	diversification
diversifying	diversify
diversifies	diversify
diversions	diversion
diversities	diversity
diverted	divert
diverts	divert
divested	divest
divesting	divest
divests	divest
divides	divide
dividends	dividend
dividers	divider
divinations	divination
divined	divine
divines	divine
divining	divine
diviner	divine
divinities	divinity
divisions	division
divisionals	divisional
divorces	divorce
divorcing	divorce
divulged	divulge
divulging	divulge
divulges	divulge
dizzied	dizzy
dizzier	dizzy
dizzies	dizzy
djs	dj
djing	dj
djed	dj
dms	dm
dnas	dna
did	do
does	do
docs	doc
docks	dock
docked	dock
dockers	docker
dockets	docket
docketing	docket
docketed	docket
dockings	docking
dockyards	dockyard
doctors	doctor
doctoring	doctor
doctored	doctor
doctorates	doctorate
doctrines	doctrine
documents	document
documenting	document
documentaries	documentary
documentations	documentation
dodging	dodge
dodged	dodge
dodges	dodge
dodgier	dodgy
dodgiest	dodgy
dogs	dog
dogging	dog
dogmas	dogma
dogmatics	dogmatic
dogwoods	dogwood
doled	dole
doles	dole
doling	dole
dolls	doll
dolled	doll
dolling	doll
dollars	dollar
dollops	dollop
dollies	dolly
dolphins	dolphin
domains	domain
domes	dome
domestics	domestic
domesticating	domesticate
domesticates	domesticate
domesticities	domesticity
domiciled	domicile
domiciles	domicile
domiciling	domicile
domicils	domicile
dominants	dominant
dominated	dominate
dominates	dominate
dominating	dominate
dominations	domination
dominicans	dominican
dominions	dominion
dominoes	domino
dons	don
donned	don
donning	don
donating	donate
donates	donate
donations	donation
donkeys	donkey
donors	donor
donuts	donut
doos	doo
dooming	doom
dooms	doom
doors	door
doorbells	doorbell
doorknobs	doorknob
doormen	doorman
doorsteps	doorstep
doorstepping	doorstep
doorways	doorway
doped	dope
dopes	dope
dopings	doping
dorms	dorm
dormitories	dormitory
dorsals	dorsal
dosages	dosage
doses	dose
dosed	dose
dosing	dose
dossiers	dossier
dots	dot
dotting	dot
doubled	double
doubles	double
doublings	doubling
doubts	doubt
doubted	doubt
doubting	doubt
doubters	doubter
doughs	dough
doughnuts	doughnut
doughnutting	doughnut
dourest	dour
doused	douse
dousing	douse
douses	douse
doves	dove
doving	dove
dovered	dover
downs	down
downfalls	downfall
downgraded	downgrade
downgrading	downgrade
downgrades	downgrade
downhills	downhill
downloaded	download
downloading	download
downloads	download
downplaying	downplay
downplayed	downplay
downplays	downplay
downpours	downpour
downsides	downside
downsized	downsize
downtowner	downtown
downturns	downturn
downturned	downturn
dowries	dowry
dowsing	dowse
dowsed	dowse
dowses	dowse
dozed	doze
dozing	doze
dozes	doze
drabs	drab
drabber	drab
drabbest	drab
drafted	draft
drafts	draft
drafters	drafter
draftsmen	draftsman
dragged	drag
dragging	drag
drags	drag
dragons	dragon
dragonflies	dragonfly
dragoons	dragoon
dragooned	dragoon
dragooning	dragoon
drains	drain
draining	drain
drainages	drainage
drakes	drake
dramas	drama
dramatics	dramatic
dramatists	dramatist
dramatized	dramatize
dramatizing	dramatize
dramatizes	dramatize
draped	drape
drapes	drape
draping	drape
drapers	draper
draperies	drapery
draughts	draught
draughting	draught
draughted	draught
draughtiest	draughty
draws	draw
drawbacks	drawback
drawers	drawer
drawings	drawing
drawled	drawl
drawls	drawl
drawling	drawl
dreading	dread
dreads	dread
dreams	dream
dreamed	dream
dreamers	dreamer
dreamings	dreaming
dreamiest	dreamy
dreamier	dreamy
dreariest	dreary
drearier	dreary
dredged	dredge
dredges	dredge
dredgings	dredging
drenched	drench
drenching	drench
drenches	drench
dresses	dress
dressers	dresser
dressings	dressing
dribbled	dribble
dribbling	dribble
dribbles	dribble
driers	drier
drifted	drift
drifting	drift
drifts	drift
drifters	drifter
drills	drill
drilled	drill
drillings	drilling
drinks	drink
drank	drink
drinkers	drinker
dripped	drip
drips	drip
drives	drive
drive-ins	drive-in
drivers	driver
driveways	driveway
drizzling	drizzle
drizzled	drizzle
drizzles	drizzle
droned	drone
drones	drone
droning	drone
drooling	drool
drooled	drool
drools	drool
drooped	droop
droops	droop
drops	drop
drop-outs	drop-out
droplets	droplet
dropouts	dropout
droughts	drought
droving	drove
drowned	drown
drowns	drown
drownings	drowning
drowsier	drowsy
drudgeries	drudgery
drugs	drug
drugging	drug
drugstores	drugstore
druids	druid
drums	drum
drummed	drum
drumbeats	drumbeat
drummers	drummer
drummings	drumming
drummonds	drummond
drumsticks	drumstick
drunks	drunk
drunker	drunk
dries	dry
driest	dry
dryers	dryer
duals	dual
dualisms	dualism
dualities	duality
dubbed	dub
dubbing	dub
dubs	dub
duchesses	duchess
duchies	duchy
ducks	duck
ducked	duck
ducking	duck
ducts	duct
ducting	duct
ducted	duct
duds	dud
dudding	dud
dudes	dude
duded	dude
dudleys	dudley
duels	duel
duelling	duel
duelled	duel
duets	duet
duetting	duet
duetted	duet
duffed	duff
duffs	duff
dugouts	dugout
dukes	duke
duller	dull
dulled	dull
dullest	dull
dulling	dull
dulls	dull
dumbing	dumb
dumbest	dumb
dumbed	dumb
dumber	dumb
dumbbells	dumbbell
dumbfounded	dumbfound
dumbfounding	dumbfound
dumbfounds	dumbfound
dummies	dummy
dummied	dummy
dummying	dummy
dumped	dump
dumps	dump
dumpsters	dumpster
duns	dun
dunned	dun
dunning	dun
dunes	dune
dunging	dung
dunged	dung
dungs	dung
dungeons	dungeon
dunked	dunk
dunking	dunk
dunks	dunk
duos	duo
duped	dupe
dupes	dupe
duping	dupe
duplexes	duplex
duplexing	duplex
duplexed	duplex
duplicated	duplicate
duplicates	duplicate
duplicating	duplicate
duplications	duplication
durabilities	durability
durables	durable
durations	duration
duresses	duress
dusks	dusk
dusking	dusk
dusked	dusk
duskier	dusky
dusting	dust
dusted	dust
dusts	dust
dustbins	dustbin
dusters	duster
dustier	dusty
dutchmen	dutchman
duties	duty
duty-frees	duty-free
duvets	duvet
dwarfs	dwarf
dwarfed	dwarf
dwarfing	dwarf
dwelt	dwell
dwells	dwell
dwellers	dweller
dwellings	dwelling
dwindled	dwindle
dwindles	dwindle
dyads	dyad
dyes	dye
dyeing	dye
dyers	dyer
dykes	dyke
dyking	dyke
dyked	dyke
dynamiting	dynamite
dynamited	dynamite
dynamites	dynamite
dynamos	dynamo
dynasties	dynasty
dysfunctions	dysfunction
dysons	dyson
eas	ea
eagles	eagle
eagled	eagle
eagling	eagle
ears	ear
earmarked	earmark
earmarking	earmark
earmarks	earmark
earning	earn
earns	earn
earners	earner
earnests	earnest
earphones	earphone
earrings	earring
earths	earth
earthed	earth
earthing	earth
earthenwares	earthenware
earthquakes	earthquake
earthworks	earthwork
earthworms	earthworm
earthier	earthy
eased	ease
easing	ease
eases	ease
easels	easel
eastenders	eastender
easters	easter
eastons	easton
easiest	easy
ate	eat
eaten	eat
eats	eat
eaters	eater
eateries	eatery
eaves	eave
eaved	eave
eavesdropping	eavesdrop
eavesdrops	eavesdrop
eavesdropped	eavesdrop
ebbed	ebb
ebbs	ebb
ebbing	ebb
ebonies	ebony
eccentrics	eccentric
eccentricities	eccentricity
echelons	echelon
echeloned	echelon
echoed	echo
echoes	echo
echoings	echoing
eclectics	eclectic
eclipsed	eclipse
eclipses	eclipse
eclipsing	eclipse
ecologists	ecologist
ecologies	ecology
econometrics	econometric
economists	economist
economies	economy
ecosystems	ecosystem
ecstasies	ecstasy
ecstatics	ecstatic
ecus	ecu
ecumenicals	ecumenical
eds	ed
eder	ed
eddies	eddy
eddied	eddy
eddying	eddy
edges	edge
edging	edge
edgier	edgy
edibles	edible
edicts	edict
edifices	edifice
edited	edit
edits	edit
editings	editing
editions	edition
editors	editor
editorials	editorial
edns	edn
educating	educate
educates	educate
educationalists	educationalist
educators	educator
edwardians	edwardian
ees	ee
eels	eel
eeling	eel
effects	effect
effected	effect
effecting	effect
efficacies	efficacy
efficiencies	efficiency
effigies	effigy
effluents	effluent
efforts	effort
egging	eg
egs	eg
egalitarians	egalitarian
eggs	egg
egged	egg
eggplants	eggplant
egos	ego
egrets	egret
egyptians	egyptian
ehs	eh
eigenvalues	eigenvalue
ejaculated	ejaculate
ejaculating	ejaculate
ejaculates	ejaculate
ejected	eject
ejecting	eject
ejects	eject
ejections	ejection
elaborated	elaborate
elaborating	elaborate
elaborates	elaborate
elaborations	elaboration
elapsed	elapse
elapses	elapse
elapsing	elapse
elastics	elastic
elasticities	elasticity
elations	elation
elbows	elbow
elbowed	elbow
elbowing	elbow
elders	elder
electing	elect
elects	elect
elections	election
electives	elective
electors	elector
electorates	electorate
electrics	electric
electricals	electrical
electricians	electrician
electrified	electrify
electrifying	electrify
electrifies	electrify
electrodes	electrode
electrolytes	electrolyte
electromagnetics	electromagnetic
electrons	electron
elegances	elegance
elegies	elegy
elements	element
elementals	elemental
elephants	elephant
elevates	elevate
elevating	elevate
elevations	elevation
elevators	elevator
elves	elf
elfed	elf
elicited	elicit
eliciting	elicit
elicits	elicit
eligibilities	eligibility
eliminated	eliminate
eliminating	eliminate
eliminates	eliminate
eliminations	elimination
elites	elite
elitists	elitist
elixirs	elixir
elizabethans	elizabethan
elks	elk
ells	ell
elms	elm
elucidated	elucidate
elucidating	elucidate
elucidates	elucidate
eluded	elude
eludes	elude
eluding	elude
emanating	emanate
emanated	emanate
emanates	emanate
emancipated	emancipate
emancipating	emancipate
emancipates	emancipate
emancipations	emancipation
embalming	embalm
embalmed	embalm
embalms	embalm
embalmers	embalmer
embankments	embankment
embargos	embargo
embargoing	embargo
embargoed	embargo
embargoes	embargo
embarking	embark
embarked	embark
embarks	embark
embarrasses	embarrass
embarrassments	embarrassment
embassies	embassy
embedding	embed
embeds	embed
embellished	embellish
embellishing	embellish
embellishes	embellish
embellishments	embellishment
embers	ember
embezzlements	embezzlement
emblazoned	emblazon
emblazoning	emblazon
emblazons	emblazon
emblems	emblem
embodiments	embodiment
embodied	embody
embodies	embody
embodying	embody
emboldened	embolden
emboldens	embolden
emboldening	embolden
embracing	embrace
embraced	embrace
embraces	embrace
embroidering	embroider
embroiders	embroider
embroideries	embroidery
embroiled	embroil
embroiling	embroil
embroils	embroil
embryos	embryo
emeralds	emerald
emerged	emerge
emerges	emerge
emergencies	emergency
emergents	emergent
emigrants	emigrant
emigrated	emigrate
emigrating	emigrate
emigrates	emigrate
emigrations	emigration
emigres	emigre
eminences	eminence
emirs	emir
emirates	emirate
emissaries	emissary
emissions	emission
emitted	emit
emitting	emit
emits	emit
emotions	emotion
empathizing	empathize
empathizes	empathize
empathized	empathize
empathies	empathy
emperors	emperor
emphasised	emphasise
emphasises	emphasise
emphasising	emphasise
emphasized	emphasize
emphasizes	emphasize
emphasizing	emphasize
empires	empire
empiricals	empirical
employs	employ
employees	employee
employers	employer
employments	employment
empowered	empower
empowers	empower
empresses	empress
emptinesses	emptiness
emptied	empty
empties	empty
emptier	empty
emptiest	empty
emus	emu
emulated	emulate
emulating	emulate
emulates	emulate
emulations	emulation
emulsions	emulsion
emulsioned	emulsion
ens	en
enables	enable
enabled	enable
enacted	enact
enacting	enact
enacts	enact
enactments	enactment
enamels	enamel
enamelled	enamel
enamelling	enamel
enamoring	enamor
enamored	enamor
enamors	enamor
encampments	encampment
encapsulated	encapsulate
encapsulates	encapsulate
encapsulating	encapsulate
encased	encase
encasing	encase
encases	encase
enchants	enchant
enchantments	enchantment
enchiladas	enchilada
encircled	encircle
encircling	encircle
encircles	encircle
enclaves	enclave
enclosing	enclose
encloses	enclose
enclosures	enclosure
encoding	encode
encoded	encode
encodes	encode
encompasses	encompass
encompassing	encompass
encompassed	encompass
encores	encore
encored	encore
encoring	encore
encountered	encounter
encounters	encounter
encountering	encounter
encouraged	encourage
encourages	encourage
encouragements	encouragement
encroached	encroach
encroaching	encroach
encroaches	encroach
encroachments	encroachment
encrusted	encrust
encrusting	encrust
encrusts	encrust
encryptions	encryption
encyclopaedias	encyclopaedia
encyclopedias	encyclopedia
ended	end
ends	end
endangering	endanger
endangers	endanger
endeared	endear
endears	endear
endeavors	endeavor
endeavoring	endeavor
endeavored	endeavor
endeavours	endeavour
endeavouring	endeavour
endeavoured	endeavour
endemics	endemic
endings	ending
endorsed	endorse
endorsing	endorse
endorses	endorse
endorsements	endorsement
endoscopies	endoscopy
endowed	endow
endowing	endow
endows	endow
endowments	endowment
endpoints	endpoint
endured	endure
endures	endure
enemas	enema
enemies	enemy
energetics	energetic
energized	energize
energizing	energize
energizes	energize
energies	energy
enforcing	enforce
enforces	enforce
enforcements	enforcement
enforcers	enforcer
engages	engage
engagements	engagement
engels	engel
engendered	engender
engenders	engender
engendering	engender
engines	engine
engined	engine
engineers	engineer
englishmen	englishman
engraves	engrave
engravings	engraving
engrossed	engross
engrossing	engross
engrosses	engross
engulfed	engulf
engulfing	engulf
engulfs	engulf
enhancing	enhance
enhances	enhance
enhancements	enhancement
enigmas	enigma
enjoined	enjoin
enjoins	enjoin
enjoining	enjoin
enjoyed	enjoy
enjoying	enjoy
enjoys	enjoy
enjoyments	enjoyment
enlarging	enlarge
enlarges	enlarge
enlargements	enlargement
enlightening	enlighten
enlightens	enlighten
enlightenments	enlightenment
enlisted	enlist
enlisting	enlist
enlists	enlist
enlistments	enlistment
enlivened	enliven
enlivens	enliven
enlivening	enliven
enmeshed	enmesh
enmeshing	enmesh
enmeshes	enmesh
enmities	enmity
enormities	enormity
enquired	enquire
enquiring	enquire
enquires	enquire
enquirers	enquirer
enquiries	enquiry
enraging	enrage
enrages	enrage
enriching	enrich
enriches	enrich
enrichments	enrichment
enrolled	enrol
enrolling	enrol
enrols	enrol
enrolments	enrolment
ensembles	ensemble
enshrined	enshrine
enshrines	enshrine
enshrining	enshrine
ensigns	ensign
enslaved	enslave
enslaving	enslave
enslaves	enslave
ensued	ensue
ensues	ensue
ensuring	ensure
ensures	ensure
ensured	ensure
entails	entail
entailed	entail
entailing	entail
entangled	entangle
entangling	entangle
entangles	entangle
entanglements	entanglement
entered	enter
entering	enter
enters	enter
enterprises	enterprise
entertained	entertain
entertains	entertain
entertainers	entertainer
entertainments	entertainment
enthalpies	enthalpy
enthralled	enthral
enthralling	enthral
enthrals	enthral
enthralls	enthrall
enthused	enthuse
enthuses	enthuse
enthusing	enthuse
enthusiasms	enthusiasm
enthusiasts	enthusiast
enticed	entice
entices	entice
entitles	entitle
entitling	entitle
entitlements	entitlement
entities	entity
entomologists	entomologist
entourages	entourage
entrances	entrance
entranced	entrance
entrancing	entrance
entrants	entrant
entrees	entree
entrenching	entrench
entrenches	entrench
entrepreneurs	entrepreneur
entropies	entropy
entrusted	entrust
entrusting	entrust
entrusts	entrust
entries	entry
entwined	entwine
entwining	entwine
entwines	entwine
enumerated	enumerate
enumerating	enumerate
enumerates	enumerate
enunciated	enunciate
enunciating	enunciate
enunciates	enunciate
enveloped	envelop
enveloping	envelop
envelops	envelop
envelopes	envelope
environments	environment
environmentalists	environmentalist
envisaged	envisage
envisages	envisage
envisaging	envisage
envisioned	envision
envisions	envision
envisioning	envision
envoys	envoy
envied	envy
envying	envy
envies	envy
enzymes	enzyme
eons	eon
ephemerals	ephemeral
epics	epic
epidemics	epidemic
epidemiologists	epidemiologist
epiphanies	epiphany
episodes	episode
epistemologies	epistemology
epitaphs	epitaph
epithets	epithet
epitomes	epitome
epitomised	epitomise
epitomises	epitomise
epitomising	epitomise
epitomized	epitomize
epitomizes	epitomize
epitomizing	epitomize
epochs	epoch
epoxies	epoxy
epoxied	epoxy
eqs	eq
eqns	eqn
equals	equal
equalled	equal
equalling	equal
equalised	equalise
equalising	equalise
equalises	equalise
equalisers	equaliser
equalities	equality
equalized	equalize
equalizing	equalize
equalizes	equalize
equated	equate
equates	equate
equating	equate
equations	equation
equators	equator
equestrians	equestrian
equines	equine
equipped	equip
equipping	equip
equips	equip
equipments	equipment
equities	equity
equivalences	equivalence
equivalenced	equivalence
equivalents	equivalent
eras	era
eradicated	eradicate
eradicating	eradicate
eradicates	eradicate
erased	erase
erasing	erase
erases	erase
erasers	eraser
erected	erect
erecting	erect
erects	erect
erections	erection
eroded	erode
erodes	erode
erosions	erosion
erotics	erotic
erred	err
errs	err
erring	err
errands	errand
erratics	erratic
errors	error
erupted	erupt
erupts	erupt
erupting	erupt
eruptions	eruption
esas	esa
escalated	escalate
escalates	escalate
escalations	escalation
escalators	escalator
escapades	escapade
escapes	escape
eschewing	eschew
eschewed	eschew
eschews	eschew
escorted	escort
escorting	escort
escorts	escort
eskimos	eskimo
esoterics	esoteric
espoused	espouse
espousing	espouse
espouses	espouse
espressos	espresso
esquires	esquire
essays	essay
essayed	essay
essaying	essay
essayists	essayist
essences	essence
essentials	essential
ester	est
establishing	establish
establishes	establish
establishments	establishment
estates	estate
esteems	esteem
esteeming	esteem
esthers	esther
estimates	estimate
estimating	estimate
estimations	estimation
estrangements	estrangement
estrogens	estrogen
estuaries	estuary
etas	eta
etceteras	etcetera
etched	etch
etches	etch
etchings	etching
eternities	eternity
ethanols	ethanol
ethers	ether
ethernets	ethernet
ethicists	ethicist
ethiopians	ethiopian
ethnicities	ethnicity
ethnographers	ethnographer
ethnographies	ethnography
etiologies	etiology
etiquettes	etiquette
eucharists	eucharist
eulogies	eulogy
euphemisms	euphemism
euros	euro
eurobonds	eurobond
europas	europa
europeans	european
evacuated	evacuate
evacuating	evacuate
evacuates	evacuate
evacuations	evacuation
evacuees	evacuee
evading	evade
evaded	evade
evades	evade
evaluated	evaluate
evaluating	evaluate
evaluates	evaluate
evaluations	evaluation
evaluators	evaluator
evangelicals	evangelical
evangelists	evangelist
evaporated	evaporate
evaporates	evaporate
evaporating	evaporate
evasions	evasion
eves	eve
evened	even
evens	even
evenings	evening
events	event
eventualities	eventuality
evergreens	evergreen
everlastings	everlasting
evicted	evict
evicting	evict
evicts	evict
evictions	eviction
evidenced	evidence
evidences	evidence
evidencing	evidence
evils	evil
evinced	evince
evinces	evince
evincing	evince
evocations	evocation
evokes	evoke
evoked	evoke
evoking	evoke
evolutions	evolution
evolves	evolve
ewes	ewe
exes	ex
exacerbated	exacerbate
exacerbates	exacerbate
exacerbating	exacerbate
exacted	exact
exacts	exact
exaggerating	exaggerate
exaggerates	exaggerate
exaggerations	exaggeration
exalting	exalt
exalts	exalt
exams	exam
examinations	examination
examined	examine
examining	examine
examines	examine
examiners	examiner
examples	example
exasperating	exasperate
exasperates	exasperate
excavated	excavate
excavating	excavate
excavates	excavate
excavations	excavation
exceeds	exceed
exceeding	exceed
exceeded	exceed
excelled	excel
excels	excel
excelling	excel
excellences	excellence
excellencies	excellency
excepting	except
excepted	except
excepts	except
exceptions	exception
exceptionals	exceptional
excerpts	excerpt
excerpted	excerpt
excerpting	excerpt
excesses	excess
exchanges	exchange
exchanged	exchange
exchanging	exchange
exchequers	exchequer
excised	excise
excising	excise
excises	excise
excisions	excision
excitations	excitation
excites	excite
excitements	excitement
exclaimed	exclaim
exclaiming	exclaim
exclaims	exclaim
exclamations	exclamation
excluded	exclude
excludes	exclude
exclusions	exclusion
exclusives	exclusive
excreted	excrete
excreting	excrete
excretes	excrete
excretions	excretion
excursions	excursion
excuses	excuse
excused	excuse
excusing	excuse
execs	exec
executed	execute
executing	execute
executes	execute
executions	execution
executioners	executioner
executives	executive
executors	executor
exemplars	exemplar
exemplified	exemplify
exemplifies	exemplify
exemplifying	exemplify
exempted	exempt
exempting	exempt
exempts	exempt
exemptions	exemption
exercised	exercise
exercises	exercise
exercising	exercise
exercisers	exerciser
exerted	exert
exerts	exert
exerting	exert
exertions	exertion
exhaled	exhale
exhaling	exhale
exhales	exhale
exhausts	exhaust
exhaustions	exhaustion
exhibited	exhibit
exhibits	exhibit
exhibiting	exhibit
exhibitions	exhibition
exhibitors	exhibitor
exhorted	exhort
exhorting	exhort
exhorts	exhort
exhortations	exhortation
exiles	exile
exiling	exile
exists	exist
existed	exist
existences	existence
exits	exit
exiting	exit
exited	exit
exons	exon
exonerated	exonerate
exonerates	exonerate
exonerating	exonerate
exotics	exotic
expands	expand
expanses	expanse
expansions	expansion
expatriates	expatriate
expatriated	expatriate
expatriating	expatriate
expecting	expect
expects	expect
expectancies	expectancy
expectations	expectation
expediencies	expediency
expedients	expedient
expediting	expedite
expedited	expedite
expedites	expedite
expeditions	expedition
expelled	expel
expelling	expel
expels	expel
expended	expend
expending	expend
expends	expend
expendables	expendable
expenditures	expenditure
expenses	expense
experiences	experience
experiencing	experience
experiments	experiment
experimenting	experiment
experimented	experiment
experimentations	experimentation
experimenters	experimenter
experts	expert
expertises	expertise
expired	expire
expires	expire
expiring	expire
explained	explain
explains	explain
explaining	explain
explanations	explanation
expletives	expletive
exploded	explode
exploding	explode
explodes	explode
exploiting	exploit
exploits	exploit
exploitations	exploitation
explorations	exploration
exploring	explore
explored	explore
explores	explore
explorers	explorer
explosions	explosion
expos	expo
exponents	exponent
exponentials	exponential
exports	export
exported	export
exporters	exporter
exposing	expose
exposes	expose
expositions	exposition
exposures	exposure
expounded	expound
expounding	expound
expounds	expound
expressing	express
expresses	express
expressions	expression
expressways	expressway
expulsions	expulsion
extending	extend
extends	extend
extensions	extension
extents	extent
exteriors	exterior
exterminated	exterminate
exterminating	exterminate
exterminates	exterminate
exterminations	extermination
externals	external
externalities	externality
externalized	externalize
externalizing	externalize
externalizes	externalize
extinctions	extinction
extinguished	extinguish
extinguishing	extinguish
extinguishes	extinguish
extinguishers	extinguisher
extolling	extol
extolled	extol
extols	extol
extorted	extort
extorting	extort
extorts	extort
extortions	extortion
extras	extra
extracts	extract
extracted	extract
extracting	extract
extractions	extraction
extraditing	extradite
extradited	extradite
extradites	extradite
extraditions	extradition
extraordinaries	extraordinary
extrapolating	extrapolate
extrapolated	extrapolate
extrapolates	extrapolate
extraterrestrials	extraterrestrial
extravagances	extravagance
extravaganzas	extravaganza
extremes	extreme
extremest	extreme
extremists	extremist
extremities	extremity
extricating	extricate
extricated	extricate
extricates	extricate
extroverts	extrovert
extroverted	extrovert
exuberants	exuberant
exuded	exude
exudes	exude
exuding	exude
eyes	eye
eyed	eye
eyeing	eye
eyeballs	eyeball
eyeballing	eyeball
eyeballed	eyeball
eyebrows	eyebrow
eyeglasses	eyeglass
eyelashes	eyelash
eyelashed	eyelash
eyelids	eyelid
eyepieces	eyepiece
eyewitnesses	eyewitness
eyres	eyre
fas	fa
fabs	fab
fables	fable
fabliaus	fabliau
fabrics	fabric
fabricated	fabricate
fabricating	fabricate
fabricates	fabricate
fabrications	fabrication
facades	facade
faces	face
faced	face
facets	facet
facials	facial
facilitated	facilitate
facilitates	facilitate
facilitating	facilitate
facilitators	facilitator
facilities	facility
facings	facing
facsimiles	facsimile
facts	fact
factions	faction
factors	factor
factoring	factor
factored	factor
factories	factory
faculties	faculty
fads	fad
fades	fade
fags	fag
fagged	fag
fagging	fag
fagins	fagin
fails	fail
failings	failing
failures	failure
faintest	faint
fainted	faint
fainter	faint
fainting	faint
faints	faint
fairs	fair
fairer	fair
fairest	fair
fairing	fair
faired	fair
fairgrounds	fairground
fairways	fairway
fairies	fairy
faiths	faith
faithfuls	faithful
fakes	fake
faking	fake
faked	fake
falcons	falcon
falconing	falcon
falconers	falconer
falls	fall
fallacies	fallacy
fallings	falling
fallows	fallow
fallowing	fallow
falsehoods	falsehood
falsified	falsify
falsifying	falsify
falsifies	falsify
faltered	falter
falters	falter
familiars	familiar
familiarising	familiarise
familiarised	familiarise
familiarises	familiarise
familiarities	familiarity
familiarized	familiarize
familiarizing	familiarize
familiarizes	familiarize
families	family
famines	famine
fans	fan
fanning	fan
fanned	fan
fanatics	fanatic
fanciers	fancier
fancied	fancy
fancies	fancy
fancying	fancy
fanfares	fanfare
fangs	fang
fannies	fanny
fantasizing	fantasize
fantasized	fantasize
fantasizes	fantasize
fantasies	fantasy
fantasying	fantasy
fantasied	fantasy
fanzines	fanzine
farces	farce
farcing	farce
farced	farce
fares	fare
fared	fare
faring	fare
farewells	farewell
farms	farm
farmed	farm
farmers	farmer
farmhouses	farmhouse
farmlands	farmland
farmyards	farmyard
farting	fart
farts	fart
farted	fart
fascinates	fascinate
fascinations	fascination
fascisms	fascism
fascists	fascist
fashioned	fashion
fashions	fashion
fashioning	fashion
fashionables	fashionable
fasting	fast
fasted	fast
fasts	fast
fastballs	fastball
fastened	fasten
fastening	fasten
fastens	fasten
fasteners	fastener
fats	fat
fatter	fat
fattest	fat
fatting	fat
fatted	fat
fatalities	fatality
fates	fate
fatest	fate
fating	fate
fathers	father
fathered	father
fathering	father
fatherlands	fatherland
fathoms	fathom
fathoming	fathom
fathomed	fathom
fatigues	fatigue
fatigued	fatigue
fatiguing	fatigue
fattening	fatten
fattened	fatten
fattens	fatten
fatties	fatty
fattier	fatty
fattiest	fatty
faucets	faucet
faults	fault
faulted	fault
faulting	fault
faunas	fauna
favors	favor
favoring	favor
favorites	favorite
favours	favour
favouring	favour
favourites	favourite
favouritisms	favouritism
fawning	fawn
fawns	fawn
fawned	fawn
faxes	fax
faxed	fax
faxing	fax
fazed	faze
fazes	faze
fazing	faze
fears	fear
fearing	fear
feasts	feast
feasting	feast
feasted	feast
feats	feat
feathers	feather
feathering	feather
featherweights	featherweight
features	feature
featuring	feature
federalists	federalist
federations	federation
fedoras	fedora
fees	fee
feebles	feeble
feeds	feed
feedbacks	feedback
feeders	feeder
feedings	feeding
feedstocks	feedstock
feels	feel
feelings	feeling
feigning	feign
feigned	feign
feigns	feign
feistiest	feisty
feistier	feisty
felicities	felicity
felines	feline
felled	fell
fells	fell
felling	fell
fellas	fella
fellers	feller
fellows	fellow
fellowships	fellowship
felons	felon
felonies	felony
felts	felt
felted	felt
females	female
feminines	feminine
femininities	femininity
feminisms	feminism
feminists	feminist
femmes	femme
femurs	femur
fens	fen
fences	fence
fenced	fence
fencings	fencing
fending	fend
fended	fend
fends	fend
fenders	fender
fendered	fender
fermenting	ferment
fermented	ferment
ferments	ferment
ferns	fern
ferocities	ferocity
ferrets	ferret
ferreting	ferret
ferreted	ferret
ferries	ferry
ferried	ferry
ferrying	ferry
fertilisers	fertiliser
fertilizations	fertilization
fertilized	fertilize
fertilizes	fertilize
fertilizing	fertilize
fertilizers	fertilizer
fervours	fervour
festering	fester
festered	fester
festers	fester
festivals	festival
festivities	festivity
festooned	festoon
festoons	festoon
festooning	festoon
fetched	fetch
fetches	fetch
fetes	fete
feted	fete
feting	fete
fetishes	fetish
feuds	feud
feuding	feud
feuded	feud
fevers	fever
fevered	fever
fiancees	fiancee
fiascos	fiasco
fiats	fiat
fibers	fiber
fibres	fibre
fictions	fiction
fiddling	fiddle
fiddled	fiddle
fiddles	fiddle
fiddlier	fiddly
fidgeted	fidget
fidgets	fidget
fidgeting	fidget
fiduciaries	fiduciary
fields	field
fielded	field
fielders	fielder
fieldworking	fieldwork
fiends	fiend
fiercest	fierce
fiercer	fierce
fieriest	fiery
fiestas	fiesta
fifes	fife
figs	fig
figging	fig
fought	fight
fights	fight
fighters	fighter
figments	figment
figures	figure
figured	figure
figuring	figure
figureheads	figurehead
figurines	figurine
filaments	filament
files	file
filed	file
filenames	filename
filets	filet
filibustering	filibuster
filibustered	filibuster
filibusters	filibuster
filings	filing
filipinos	filipino
fills	fill
fillers	filler
fillets	fillet
filleting	fillet
filleted	fillet
fillings	filling
fillies	filly
films	film
filmed	film
film-makers	film-maker
filmmakers	filmmaker
filters	filter
filtered	filter
filths	filth
filthiest	filthy
filthier	filthy
filtrations	filtration
fins	fin
finned	fin
finning	fin
finals	final
finales	finale
finalised	finalise
finalising	finalise
finalises	finalise
finalists	finalist
finalities	finality
finalized	finalize
finalizing	finalize
finalizes	finalize
financed	finance
finances	finance
financiers	financier
financings	financing
finches	finch
finds	find
finders	finder
findings	finding
finest	fine
fined	fine
finer	fine
fining	fine
fineries	finery
fingers	finger
fingered	finger
fingering	finger
fingerboards	fingerboard
fingernails	fingernail
fingerprints	fingerprint
fingerprinting	fingerprint
fingerprinted	fingerprint
fingertips	fingertip
fingertipped	fingertip
finishes	finish
finishers	finisher
finishings	finishing
finites	finite
finns	finn
firs	fir
fires	fire
firearms	firearm
fireballs	fireball
firebirds	firebird
firecrackers	firecracker
firefighting	firefight
firefights	firefight
firefighters	firefighter
fireflies	firefly
firemen	fireman
fireplaces	fireplace
firesides	fireside
firestorms	firestorm
firewalls	firewall
firings	firing
firms	firm
firmer	firm
firmed	firm
firming	firm
firths	firth
fiscals	fiscal
fishes	fish
fished	fish
fishers	fisher
fishermen	fisherman
fisheries	fishery
fishings	fishing
fishier	fishy
fissioning	fission
fissures	fissure
fissuring	fissure
fissured	fissure
fists	fist
fisting	fist
fistfuls	fistful
fits	fit
fittest	fit
fitnesses	fitness
fitters	fitter
fittings	fitting
fivers	fiver
fixes	fix
fixated	fixate
fixating	fixate
fixates	fixate
fixations	fixation
fixings	fixing
fixtures	fixture
fixturing	fixture
fizzing	fizz
fizzed	fizz
fizzes	fizz
fizzled	fizzle
fizzles	fizzle
fizzling	fizzle
fizzier	fizzy
flags	flag
flagged	flag
flagging	flag
flagships	flagship
flailing	flail
flailed	flail
flails	flail
flairing	flair
flairs	flair
flakes	flake
flaking	flake
flaked	flake
flakiest	flaky
flames	flame
flamed	flame
flamencoing	flamenco
flanked	flank
flanks	flank
flanking	flank
flankers	flanker
flannels	flannel
flapping	flap
flapped	flap
flaps	flap
flared	flare
flares	flare
flaring	flare
flare-ups	flare-up
flashed	flash
flashes	flash
flasher	flash
flashbacks	flashback
flashings	flashing
flashlights	flashlight
flashier	flashy
flashies	flashy
flashiest	flashy
flasks	flask
flasked	flask
flats	flat
flattening	flatten
flattens	flatten
flatters	flatter
flatteries	flattery
flaunting	flaunt
flaunted	flaunt
flaunts	flaunt
flavors	flavor
flavoring	flavor
flavours	flavour
flavoured	flavour
flavouring	flavour
flaws	flaw
flawing	flaw
fleas	flea
fleaing	flea
flecks	fleck
flecked	fleck
flecking	fleck
fledglings	fledgling
fled	flee
flees	flee
fleeces	fleece
fleeced	fleece
fleecing	fleece
fleets	fleet
fleeted	fleet
fleshed	flesh
fleshing	flesh
fleshes	flesh
fleshies	fleshy
fleshier	fleshy
fletchers	fletcher
flexing	flex
flexed	flex
flexes	flex
flexibilities	flexibility
flexions	flexion
flicked	flick
flicking	flick
flicks	flick
flickered	flicker
flickers	flicker
flickerings	flickering
fliers	flier
flights	flight
flighting	flight
flighted	flight
flimsiest	flimsy
flimsies	flimsy
flimsier	flimsy
flinched	flinch
flinching	flinch
flinches	flinch
flung	fling
flinging	fling
flings	fling
flints	flint
flipped	flip
flips	flip
flippers	flipper
flirting	flirt
flirted	flirt
flirts	flirt
flirtations	flirtation
flitted	flit
flitting	flit
flits	flit
floated	float
floats	float
flocks	flock
flocked	flock
flocking	flock
flogging	flog
flogged	flog
flogs	flog
floods	flood
floodings	flooding
floodlights	floodlight
floodlighting	floodlight
floodlit	floodlight
floodplains	floodplain
floors	floor
floored	floor
floorboards	floorboard
floorboarding	floorboard
floorings	flooring
flopped	flop
flopping	flop
flops	flop
floppies	floppy
floppier	floppy
floras	flora
florals	floral
florentines	florentine
florists	florist
flotations	flotation
flotillas	flotilla
floundering	flounder
floundered	flounder
flounders	flounder
flours	flour
flouring	flour
flourished	flourish
flourishes	flourish
flouted	flout
flouting	flout
flouts	flout
flows	flow
flowed	flow
flowers	flower
flowerings	flowering
flowings	flowing
fluctuated	fluctuate
fluctuates	fluctuate
fluctuations	fluctuation
flues	flue
flueing	flue
fluffed	fluff
fluffing	fluff
fluffs	fluff
fluffiest	fluffy
fluffies	fluffy
fluffier	fluffy
fluids	fluid
fluidities	fluidity
flukes	fluke
fluked	fluke
flunked	flunk
flunks	flunk
flunking	flunk
fluorescents	fluorescent
fluorides	fluoride
flurries	flurry
flurried	flurry
flurrying	flurry
flushing	flush
flushes	flush
flutes	flute
fluted	flute
fluting	flute
fluttered	flutter
flutters	flutter
flutterings	fluttering
fluxes	flux
fluxing	flux
fluxed	flux
flew	fly
flown	fly
flies	fly
flyers	flyer
fms	fm
foals	foal
foaling	foal
foaled	foal
foams	foam
foamed	foam
foamings	foaming
fobbed	fob
fobbing	fob
fobs	fob
focusing	focus
focuses	focus
foci	focus
foddering	fodder
foddered	fodder
fodders	fodder
foes	foe
fogs	fog
fogging	fog
fogged	fog
foggiest	foggy
foggier	foggy
foiled	foil
foils	foil
foiling	foil
folds	fold
folders	folder
foldings	folding
foliaged	foliage
foliages	foliage
folios	folio
folks	folk
follicles	follicle
followed	follow
follows	follow
follow-ups	follow-up
followers	follower
followings	following
follies	folly
fonder	fond
fondest	fond
fonds	fond
fondants	fondant
fondling	fondle
fondled	fondle
fondles	fondle
fondnesses	fondness
fonts	font
foods	food
foodstuffs	foodstuff
fools	fool
fooled	fool
fooling	fool
foolishnesses	foolishness
feet	foot
footed	foot
foots	foot
footballs	football
footballers	footballer
footballings	footballing
footholds	foothold
footings	footing
footnotes	footnote
footnoted	footnote
footnoting	footnote
footpaths	footpath
footprints	footprint
footprinting	footprint
footsteps	footstep
foraging	forage
foraged	forage
forages	forage
forays	foray
foraying	foray
forayed	foray
forbade	forbid
forbids	forbid
forbiddings	forbidding
forces	force
forcing	force
fords	ford
fording	ford
forded	ford
fores	fore
forearms	forearm
forearming	forearm
forearmed	forearm
forebears	forebear
forebodings	foreboding
forecasts	forecast
forecasters	forecaster
foreclosed	foreclose
foreclosing	foreclose
forecloses	foreclose
foreclosures	foreclosure
forecourts	forecourt
forefathers	forefather
forefingers	forefinger
foregoes	forego
forewent	forego
foregrounds	foreground
foregrounding	foreground
foregrounded	foreground
foreheads	forehead
foreigners	foreigner
foremen	foreman
forerunners	forerunner
foreseen	foresee
foresaw	foresee
foresees	foresee
foreseeing	foresee
foreshadowed	foreshadow
foreshadows	foreshadow
foreshadowing	foreshadow
foresights	foresight
forests	forest
foresting	forest
forestalls	forestall
forestalling	forestall
forestalled	forestall
foresters	forester
foretells	foretell
foretelling	foretell
foretold	foretell
forewords	foreword
forfeited	forfeit
forfeiting	forfeit
forfeits	forfeit
forging	forge
forges	forge
forgeries	forgery
forgot	forget
forgetting	forget
forgets	forget
forgiven	forgive
forgave	forgive
forgives	forgive
forgivenesses	forgiveness
forgoing	forgo
forwent	forgo
forgoes	forgo
forgone	forgo
forks	fork
forked	fork
forking	fork
forklifts	forklift
forms	form
formed	form
forming	form
formalised	formalise
formalising	formalise
formalises	formalise
formalities	formality
formalized	formalize
formalizing	formalize
formalizes	formalize
formats	format
formatting	format
formatted	format
formations	formation
formers	former
formulae	formula
formulated	formulate
formulating	formulate
formulates	formulate
formulations	formulation
forsaken	forsake
forsaking	forsake
forsakes	forsake
forsook	forsake
forts	fort
fortes	forte
fortifications	fortification
fortifying	fortify
fortifies	fortify
fortitudes	fortitude
fortnights	fortnight
fortresses	fortress
fortressed	fortress
fortunes	fortune
forums	forum
forwarded	forward
forwarding	forward
fossils	fossil
fostered	foster
fosters	foster
fouling	foul
fouled	foul
fouls	foul
foulest	foul
fouler	foul
founds	found
foundations	foundation
founders	founder
foundered	founder
foundering	founder
foundries	foundry
fountains	fountain
fountained	fountain
fountaining	fountain
foursomes	foursome
fourths	fourth
fowls	fowl
fowling	fowl
fowled	fowl
fowlers	fowler
foxes	fox
foxed	fox
foxing	fox
foyers	foyer
fractions	fraction
fractioning	fraction
fractioned	fraction
fractures	fracture
fracturing	fracture
fragments	fragment
fragmenting	fragment
fragrances	fragrance
fragranced	fragrance
frailer	frail
frailest	frail
frails	frail
frailties	frailty
frames	frame
framers	framer
frameworks	framework
framings	framing
francs	franc
franchises	franchise
franchising	franchise
franchised	franchise
franchisees	franchisee
franciscans	franciscan
franked	frank
frankest	frank
franker	frank
franking	frank
fraternities	fraternity
frauds	fraud
fraying	fray
frays	fray
frazers	frazer
freaks	freak
freaking	freak
freaked	freak
freckles	freckle
freckled	freckle
freckling	freckle
freed	free
freeing	free
freer	free
frees	free
freedoms	freedom
freeholds	freehold
freeholders	freeholder
freelancing	freelance
freelances	freelance
freelanced	freelance
freemen	freeman
freeways	freeway
froze	freeze
freezes	freeze
freezers	freezer
freights	freight
freighted	freight
freighting	freight
freighters	freighter
frenches	french
frenchmen	frenchman
frenzies	frenzy
frequencies	frequency
frequented	frequent
frequenting	frequent
frequents	frequent
frescoes	fresco
frescos	fresco
fresher	fresh
freshest	fresh
freshened	freshen
freshening	freshen
freshens	freshen
freshmen	freshman
freshwaters	freshwater
frets	fret
fretted	fret
fretting	fret
freudians	freudian
friars	friar
frictions	friction
frictioned	friction
fridays	friday
fridges	fridge
friends	friend
friendlier	friendly
friendlies	friendly
friendliest	friendly
friendships	friendship
friezes	frieze
frigates	frigate
frights	fright
frighted	fright
frightens	frighten
frills	frill
frilling	frill
fringes	fringe
fringed	fringe
fringing	fringe
frissons	frisson
froing	fro
fros	fro
frocks	frock
frocked	frock
frocking	frock
frogs	frog
frogged	frog
frogging	frog
frolics	frolic
frolicking	frolic
frolicked	frolic
fronds	frond
fronded	frond
fronts	front
fronting	front
fronted	front
front-runners	front-runner
frontages	frontage
frontals	frontal
frosts	frost
frostings	frosting
frosties	frosty
frostier	frosty
frostiest	frosty
frothing	froth
frothed	froth
froths	froth
frothiest	frothy
frothier	frothy
frowned	frown
frowning	frown
frowns	frown
fruits	fruit
fruiting	fruit
fruited	fruit
fruitier	fruity
fruitiest	fruity
frustrates	frustrate
frustrations	frustration
fries	fry
fts	ft
fuchsias	fuchsia
fucked	fuck
fucks	fuck
fuckers	fucker
fudging	fudge
fudged	fudge
fudges	fudge
fuels	fuel
fuelled	fuel
fuelling	fuel
fugitives	fugitive
fulfilled	fulfil
fulfilling	fulfil
fulfils	fulfil
fulfills	fulfill
fulfilments	fulfilment
fullest	full
fullbacks	fullback
fullers	fuller
fumbled	fumble
fumbling	fumble
fumbles	fumble
fumes	fume
fuming	fume
fumed	fume
functions	function
functioned	function
functionals	functional
functionalists	functionalist
functionalities	functionality
functionaries	functionary
funds	fund
fundamentalisms	fundamentalism
fundamentalists	fundamentalist
fundholders	fundholder
fundings	funding
funerals	funeral
fungi	fungus
funking	funk
funked	funk
funks	funk
funkier	funky
funkiest	funky
funnels	funnel
funnelled	funnel
funnelling	funnel
funniest	funny
funnier	funny
funnies	funny
furs	fur
furred	fur
furring	fur
furlongs	furlong
furnaces	furnace
furnishes	furnish
furrows	furrow
furrowed	furrow
furrowing	furrow
furrier	furry
furthering	further
furthered	further
furthers	further
furies	fury
fused	fuse
fuses	fuse
fusing	fuse
fuselages	fuselage
fusions	fusion
fussing	fuss
fussed	fuss
fusses	fuss
fussies	fussy
fussier	fussy
fussiest	fussy
futilities	futility
futures	future
futurists	futurist
fuzziest	fuzzy
fuzzies	fuzzy
fuzzier	fuzzy
gables	gable
gabling	gable
gadgets	gadget
gaffes	gaffe
gags	gag
gagged	gag
gagging	gag
gaggles	gaggle
gaggling	gaggle
gaggled	gaggle
gaieties	gaiety
gained	gain
gains	gain
gaining	gain
gaits	gait
gals	gal
galas	gala
galaxies	galaxy
gales	gale
galls	gall
galled	gall
galling	gall
gallants	gallant
galleries	gallery
galleys	galley
gallons	gallon
galloped	gallop
galloping	gallop
gallops	gallop
galloways	galloway
galvanizing	galvanize
galvanizes	galvanize
gambits	gambit
gambled	gamble
gambles	gamble
gamblers	gambler
games	game
gamed	game
gamekeepers	gamekeeper
gammas	gamma
gangs	gang
ganging	gang
ganged	gang
ganglia	ganglion
gangsters	gangster
gaols	gaol
gaoled	gaol
gaoling	gaol
gaps	gap
gapping	gap
gapped	gap
gaped	gape
gapes	gape
garages	garage
garaging	garage
garaged	garage
garbed	garb
garbing	garb
garbs	garb
gardens	garden
gardened	garden
gardeners	gardener
gargoyles	gargoyle
gargoyled	gargoyle
garlands	garland
garlanded	garland
garlanding	garland
garments	garment
garmenting	garment
garmented	garment
garnered	garner
garnering	garner
garners	garner
garnished	garnish
garnishing	garnish
garnishes	garnish
garrisons	garrison
garrisoned	garrison
garrisoning	garrison
garters	garter
gartering	garter
gartered	garter
gases	gas
gassing	gas
gassed	gas
gasses	gas
gashes	gash
gashed	gash
gashing	gash
gasped	gasp
gasping	gasp
gasps	gasp
gastrins	gastrin
gating	gate
gatekeepers	gatekeeper
gateways	gateway
gathers	gather
gatherings	gathering
gators	gator
gaudies	gaudy
gaudiest	gaudy
gaudier	gaudy
gauges	gauge
gauged	gauge
gauging	gauge
gaunter	gaunt
gauntlets	gauntlet
gauzes	gauze
gavels	gavel
gawking	gawk
gawked	gawk
gawks	gawk
gays	gay
gazed	gaze
gazing	gaze
gazes	gaze
gazebos	gazebo
gazettes	gazette
gazetted	gazette
gazetting	gazette
gces	gce
gcses	gcse
gdps	gdp
geared	gear
gears	gear
gearboxes	gearbox
gedges	gedge
geest	gee
geeing	gee
geed	gee
gees	gee
geeks	geek
geezers	geezer
gels	gel
gelling	gel
gelled	gel
geldings	gelding
gems	gem
gens	gen
genned	gen
genning	gen
genders	gender
genes	gene
genealogies	genealogy
generals	general
generalisations	generalisation
generalising	generalise
generalises	generalise
generalities	generality
generalizations	generalization
generalizing	generalize
generalizes	generalize
generated	generate
generates	generate
generations	generation
generators	generator
generics	generic
generosities	generosity
geneticists	geneticist
geniuses	genius
genoas	genoa
genocided	genocide
genocides	genocide
genomes	genome
genres	genre
gents	gent
gentiles	gentile
gentled	gentle
gentling	gentle
gentles	gentle
gentlemen	gentleman
genera	genus
geographers	geographer
geographies	geography
geologists	geologist
geologies	geology
geometrics	geometric
geometries	geometry
georgians	georgian
geraniums	geranium
geriatrics	geriatric
germs	germ
germans	german
germinated	germinate
germinating	germinate
germinates	germinate
gestations	gestation
gestures	gesture
gestured	gesture
gesturing	gesture
getting	get
gets	get
getaways	getaway
gettier	getty
geysers	geyser
geysered	geyser
ghastliest	ghastly
ghettos	ghetto
ghosts	ghost
ghosted	ghost
ghosting	ghost
ghostlier	ghostly
gis	gi
giants	giant
giddier	giddy
gifts	gift
gifting	gift
gigs	gig
gigged	gig
gigging	gig
giggled	giggle
giggling	giggle
giggles	giggle
gilbeys	gilbey
gilding	gild
gilds	gild
gills	gill
gilling	gill
gilts	gilt
gimmicks	gimmick
gimmicked	gimmick
gins	gin
ginned	gin
ginning	gin
gingers	ginger
gingered	ginger
gingering	ginger
gingerbreads	gingerbread
gipsies	gipsy
giraffes	giraffe
girls	girl
girlfriends	girlfriend
girths	girth
girthed	girth
girthing	girth
gits	git
gave	give
gives	give
giveaways	giveaway
givens	given
givers	giver
givings	giving
gizmos	gizmo
glacials	glacial
glaciers	glacier
gladder	glad
glades	glade
glamours	glamour
glanced	glance
glancing	glance
glances	glance
glands	gland
glared	glare
glares	glare
glassing	glass
glassed	glass
glassiest	glassy
glassier	glassy
glazes	glaze
gleamed	gleam
gleams	gleam
gleaned	glean
gleaning	glean
gleans	glean
glees	glee
glens	glen
gliding	glide
glided	glide
glides	glide
gliders	glider
glimmered	glimmer
glimmering	glimmer
glimmers	glimmer
glimpses	glimpse
glimpsed	glimpse
glimpsing	glimpse
glinted	glint
glinting	glint
glints	glint
glistened	glisten
glistens	glisten
glistenings	glistening
glitches	glitch
glittered	glitter
glitters	glitter
glitterings	glittering
glitziest	glitzy
glitzier	glitzy
gloating	gloat
gloated	gloat
gloats	gloat
globes	globe
globed	globe
globulars	globular
glooms	gloom
gloomed	gloom
glooming	gloom
gloomier	gloomy
gloomiest	gloomy
gloomies	gloomy
glorifying	glorify
glorifies	glorify
glories	glory
gloried	glory
glorying	glory
glossed	gloss
glosses	gloss
glossing	gloss
glossaries	glossary
glossies	glossy
glossier	glossy
glossiest	glossy
gloves	glove
gloving	glove
glovers	glover
glowed	glow
glows	glow
glowered	glower
glowering	glower
glowers	glower
glued	glue
glues	glue
gluing	glue
glummer	glum
glums	glum
glummest	glum
glutted	glut
gluts	glut
glutting	glut
gnawing	gnaw
gnawed	gnaw
gnaws	gnaw
gnomes	gnome
gnomed	gnome
gnps	gnp
went	go
goes	go
go-betweens	go-between
go-gos	go-go
goaded	goad
goading	goad
goads	goad
goals	goal
goalkeepers	goalkeeper
goats	goat
gobbled	gobble
gobbling	gobble
gobbles	gobble
goblets	goblet
goblins	goblin
gods	god
goddamns	goddamn
goddesses	goddess
godfathers	godfather
godmothers	godmother
goggles	goggle
goggled	goggle
goggling	goggle
goings	going
golds	gold
goldfishes	goldfish
goldsmiths	goldsmith
golfs	golf
golfed	golf
golfers	golfer
gondolas	gondola
gones	gone
gongs	gong
gonging	gong
goos	goo
gooing	goo
goodbyes	goodbye
goodnights	goodnight
goofing	goof
goofed	goof
goofs	goof
goons	goon
gooned	goon
geese	goose
goosed	goose
goosing	goose
gooses	goose
gores	gore
gored	gore
goring	gore
gorges	gorge
gorging	gorge
gorged	gorge
gorillas	gorilla
gorier	gory
gospels	gospel
gossiping	gossip
gossips	gossip
gossipped	gossip
gouged	gouge
gouges	gouge
gouging	gouge
goulding	gould
gourds	gourd
gourmets	gourmet
governed	govern
governs	govern
governances	governance
governesses	governess
governessing	governess
governments	government
governors	governor
governorships	governorship
gowns	gown
gowning	gown
gowned	gown
gps	gp
grabbed	grab
grabbing	grab
grabs	grab
graced	grace
graces	grace
gracing	grace
grads	grad
grades	grade
graders	grader
gradients	gradient
gradings	grading
graduates	graduate
graduating	graduate
graduations	graduation
graffitiing	graffiti
grafted	graft
grafts	graft
grafting	graft
grails	grail
grains	grain
grained	grain
graining	grain
grainier	grainy
grams	gram
grammars	grammar
grammys	grammy
gramophones	gramophone
grampians	grampian
grans	gran
grander	grand
grandest	grand
grands	grand
grandads	grandad
granddads	granddad
granddaughters	granddaughter
grandeurs	grandeur
grandfathers	grandfather
grandkids	grandkid
grandmas	grandma
grandmothers	grandmother
grandpas	grandpa
grandparents	grandparent
grandsons	grandson
grandstands	grandstand
grandstanding	grandstand
grandstanded	grandstand
granges	grange
granites	granite
grannies	granny
granted	grant
grants	grant
granulated	granulate
granulating	granulate
granulates	granulate
granules	granule
grapes	grape
grapefruits	grapefruit
grapevines	grapevine
graphs	graph
graphing	graph
graphed	graph
graphites	graphite
grappling	grapple
grappled	grapple
grapples	grapple
grasped	grasp
grasping	grasp
grasps	grasp
grasses	grass
grassed	grass
grassing	grass
grasshoppers	grasshopper
grasshoppered	grasshopper
grasslands	grassland
grassies	grassy
grassiest	grassy
grassier	grassy
grates	grate
gratifications	gratification
gratified	gratify
gratifies	gratify
gratings	grating
graves	grave
gravest	grave
graver	grave
graving	grave
graven	grave
gravels	gravel
gravelling	gravel
gravelled	gravel
gravestones	gravestone
graveyards	graveyard
gravitated	gravitate
gravitating	gravitate
gravitates	gravitate
gravitations	gravitation
gravities	gravity
gravies	gravy
grays	gray
graying	gray
grayed	gray
grazed	graze
grazes	graze
grazings	grazing
greasing	grease
greases	grease
greasiest	greasy
greasier	greasy
greats	great
greatests	greatest
greeds	greed
greedier	greedy
greediest	greedy
greeks	greek
greens	green
greener	green
greenest	green
greenbelts	greenbelt
greenhouses	greenhouse
greenwoods	greenwood
greeted	greet
greets	greet
greetings	greeting
grenades	grenade
grenaded	grenade
greys	grey
greying	grey
greyed	grey
greyhounds	greyhound
grids	grid
gridded	grid
gridlocked	gridlock
griefs	grief
grievances	grievance
grieves	grieve
grieved	grieve
griffins	griffin
grilling	grill
grills	grill
grilles	grille
grimmer	grim
grimmest	grim
grimaced	grimace
grimacing	grimace
grimaces	grimace
grimed	grime
griming	grime
grimier	grimy
grinned	grin
grins	grin
grinds	grind
grinders	grinder
grindings	grinding
grinnings	grinning
gripped	grip
grips	grip
gripes	gripe
griping	gripe
griped	gripe
grisliest	grisly
gritted	grit
gritting	grit
grits	grit
grittier	gritty
grittiest	gritty
grizzlies	grizzly
grizzliest	grizzly
grizzlier	grizzly
groaned	groan
groaning	groan
groans	groan
grocers	grocer
groins	groin
groining	groin
groined	groin
grooms	groom
groomed	groom
groomings	grooming
grooves	groove
grooved	groove
grooving	groove
grooviest	groovy
groovies	groovy
groped	grope
groping	grope
gropes	grope
grossed	gross
grosser	gross
grossing	gross
grossest	gross
grosses	gross
grotesques	grotesque
grottos	grotto
grounds	ground
grounded	ground
groundings	grounding
groundwaters	groundwater
groundworks	groundwork
groups	group
grouped	group
groupings	grouping
grouses	grouse
grousing	grouse
groused	grouse
groves	grove
grew	grow
grows	grow
growers	grower
growled	growl
growling	growl
growls	growl
grown-ups	grown-up
growths	growth
grubs	grub
grubbing	grub
grubbed	grub
grubbier	grubby
grubbied	grubby
grubbiest	grubby
grudges	grudge
grudged	grudge
gruesomest	gruesome
gruffest	gruff
gruffs	gruff
gruffer	gruff
grumbled	grumble
grumbling	grumble
grumbles	grumble
grumpier	grumpy
grumpies	grumpy
grunted	grunt
grunts	grunt
grunting	grunt
guarantees	guarantee
guaranteeing	guarantee
guarantors	guarantor
guards	guard
guarding	guard
guardians	guardian
guardsmen	guardsman
guatemalans	guatemalan
guerrillas	guerrilla
guessed	guess
guessing	guess
guesses	guess
guests	guest
guesting	guest
guides	guide
guidebooks	guidebook
guidelines	guideline
guilds	guild
guildhalls	guildhall
guillotines	guillotine
guillotined	guillotine
guillotining	guillotine
guilts	guilt
guineas	guinea
guises	guise
guitars	guitar
guitarists	guitarist
gulags	gulag
gulfs	gulf
gulls	gull
gulled	gull
gulling	gull
gullies	gully
gullying	gully
gullied	gully
gulped	gulp
gulping	gulp
gulps	gulp
gums	gum
gumming	gum
gummed	gum
guns	gun
gunned	gun
gunning	gun
gunmen	gunman
gunners	gunner
gunships	gunship
gunshots	gunshot
gurgled	gurgle
gurgling	gurgle
gurgles	gurgle
gushed	gush
gushing	gush
gushes	gush
gusts	gust
gusting	gust
gusted	gust
gutted	gut
gutting	gut
gutters	gutter
guttered	gutter
guttering	gutter
guys	guy
guying	guy
guyed	guy
gyms	gym
gymnasiums	gymnasium
gymnasts	gymnast
gypsies	gypsy
hed	h
habits	habit
habiting	habit
habited	habit
habitats	habitat
habitations	habitation
haciendas	hacienda
hacking	hack
hacked	hack
hacks	hack
hackers	hacker
hackneys	hackney
haddocks	haddock
haemoglobins	haemoglobin
haemophilias	haemophilia
haemorrhages	haemorrhage
haemorrhaging	haemorrhage
haemorrhaged	haemorrhage
haggling	haggle
haggled	haggle
haggles	haggle
hahs	hah
hailed	hail
hailing	hail
hails	hail
hairs	hair
haircuts	haircut
haircutting	haircut
hairdos	hairdo
hairdressers	hairdresser
hairlines	hairline
hairstyles	hairstyle
hairstyling	hairstyle
hairier	hairy
hairies	hairy
hairiest	hairy
haitians	haitian
hals	hal
hales	hale
haled	hale
haling	hale
halves	half
half-brothers	half-brother
half-days	half-day
half-times	half-time
halls	hall
hallmarks	hallmark
hallmarked	hallmark
hallmarking	hallmark
hallucinations	hallucination
hallways	hallway
haloes	halo
haloed	halo
haloing	halo
halted	halt
halts	halt
halters	halter
haltered	halter
halved	halve
halving	halve
hams	ham
hamming	ham
hammed	ham
hamburgers	hamburger
hamlets	hamlet
hammering	hammer
hammers	hammer
hammered	hammer
hammocks	hammock
hammocked	hammock
hammondest	hammond
hampered	hamper
hampers	hamper
hampering	hamper
hamsters	hamster
hamstrings	hamstring
hamstringing	hamstring
hamstrung	hamstring
hanning	han
hands	hand
handed	hand
handing	hand
handbags	handbag
handbagged	handbag
handbooks	handbook
handcuffs	handcuff
handcuffed	handcuff
handcuffing	handcuff
handfuls	handful
handguns	handgun
handhelds	handheld
handicaps	handicap
handicapping	handicap
handkerchiefs	handkerchief
handled	handle
handles	handle
handlebars	handlebar
handlers	handler
handlings	handling
handouts	handout
handovers	handover
handsets	handset
handsetting	handset
handshakes	handshake
handsomest	handsome
handsomer	handsome
handwritings	handwriting
handier	handy
handies	handy
hangs	hang
hang-ups	hang-up
hangars	hangar
hangers	hanger
hangings	hanging
hangouts	hangout
hangovers	hangover
hanks	hank
hanker	hank
hanked	hank
happened	happen
happens	happen
happenings	happening
happinesses	happiness
happier	happy
happiest	happy
harassing	harass
harasses	harass
harassments	harassment
harbingers	harbinger
harbingering	harbinger
harbingered	harbinger
harboring	harbor
harbored	harbor
harbors	harbor
harbouring	harbour
harbours	harbour
harboured	harbour
hardbacks	hardback
hardbacked	hardback
hardcovers	hardcover
hardening	harden
hardens	harden
hardliners	hardliner
hardnesses	hardness
hardships	hardship
hardwoods	hardwood
hardier	hardy
hardiest	hardy
hares	hare
haring	hare
hared	hare
harems	harem
harking	hark
harks	hark
harked	hark
harmed	harm
harming	harm
harms	harm
harmonics	harmonic
harmonicas	harmonica
harmonised	harmonise
harmonising	harmonise
harmonises	harmonise
harmonizing	harmonize
harmonized	harmonize
harmonizes	harmonize
harmonies	harmony
harnessed	harness
harnessing	harness
harnesses	harness
harping	harp
harps	harp
harped	harp
harpers	harper
harpsichords	harpsichord
harriers	harrier
harrows	harrow
harrowed	harrow
harrying	harry
harries	harry
harsher	harsh
harshest	harsh
harshnesses	harshness
harts	hart
harvested	harvest
harvests	harvest
hashing	hash
hashed	hash
hashes	hash
hassles	hassle
hassled	hassle
hassling	hassle
hastened	hasten
hastening	hasten
hastens	hasten
hastiest	hasty
hastier	hasty
hats	hat
hatted	hat
hatting	hat
hatched	hatch
hatching	hatch
hatches	hatch
hatcheries	hatchery
hatchets	hatchet
hates	hate
hating	hate
haters	hater
hatreds	hatred
haughtiest	haughty
hauled	haul
hauling	haul
hauls	haul
haunches	haunch
haunts	haunt
hauntings	haunting
havanas	havana
having	have
had	have
has	have
havens	haven
havocs	havoc
hawaiians	hawaiian
hawks	hawk
hawking	hawk
hawked	hawk
hawthorns	hawthorn
hays	hay
haying	hay
hayed	hay
haystacks	haystack
hazards	hazard
hazarded	hazard
hazarding	hazard
hazes	haze
hazed	haze
hazing	haze
hazels	hazel
hazelnuts	hazelnut
haziest	hazy
hazier	hazy
heads	head
headaches	headache
headbands	headband
headboards	headboard
headdresses	headdress
headers	header
headhunters	headhunter
headings	heading
headlands	headland
headlights	headlight
headlines	headline
headlined	headline
headlining	headline
headliners	headliner
headmen	headman
headmasters	headmaster
headmistresses	headmistress
headnotes	headnote
headquartered	headquarter
headsets	headset
headstones	headstone
headteachers	headteacher
headways	headway
headier	heady
healed	heal
heals	heal
healers	healer
healings	healing
healthier	healthy
healthiest	healthy
heaps	heap
heaping	heap
heard	hear
hears	hear
hearers	hearer
hearings	hearing
hearts	heart
heartbeats	heartbeat
heartbreaks	heartbreak
heartened	hearten
heartens	hearten
hearths	hearth
heartlands	heartland
hearties	hearty
heartiest	hearty
heartier	hearty
heats	heat
heaters	heater
heaths	heath
heathers	heather
heaved	heave
heaving	heave
heaves	heave
heavens	heaven
heavier	heavy
heaviest	heavy
heavies	heavy
heavyweights	heavyweight
hebrews	hebrew
hecks	heck
heckled	heckle
heckling	heckle
heckles	heckle
hectares	hectare
hectoring	hector
hectored	hector
hectors	hector
hedges	hedge
hedging	hedge
hedged	hedge
hedgehogs	hedgehog
hedgerows	hedgerow
heeded	heed
heeding	heed
heeds	heed
heels	heel
heeled	heel
heeling	heel
hefted	heft
hefting	heft
hefts	heft
heftier	hefty
heftiest	hefty
hegels	hegel
hegemonies	hegemony
heifers	heifer
heights	height
heightening	heighten
heightens	heighten
heinrichs	heinrich
heirs	heir
heiresses	heiress
heirlooms	heirloom
helicopters	helicopter
helicoptered	helicopter
helicoptering	helicopter
helixes	helix
hells	hell
hellos	hello
helms	helm
helming	helm
helmed	helm
helmets	helmet
helped	help
helps	help
helpers	helper
helpings	helping
helplines	helpline
hemmed	hem
hems	hem
hemming	hem
hemispheres	hemisphere
hemlines	hemline
hemlocks	hemlock
hemorrhaging	hemorrhage
hemorrhaged	hemorrhage
hemorrhages	hemorrhage
hens	hen
henchmen	henchman
heparins	heparin
hepatics	hepatic
hering	her
heralded	herald
heralds	herald
heralding	herald
herbs	herb
herbals	herbal
herbicides	herbicide
herds	herd
herded	herd
herding	herd
herders	herder
heresies	heresy
heretics	heretic
heritages	heritage
hermits	hermit
hermitages	hermitage
hernias	hernia
heroes	hero
heroics	heroic
heroines	heroine
heroisms	heroism
herons	heron
herrs	herr
herrings	herring
hesitated	hesitate
hesitating	hesitate
hesitates	hesitate
hesitations	hesitation
heterogeneities	heterogeneity
heterosexuals	heterosexual
heuristics	heuristic
hewing	hew
hewed	hew
hews	hew
hewn	hew
heys	hey
heydays	heyday
hiccups	hiccup
hiccupped	hiccup
hiccupping	hiccup
hiccuped	hiccup
hid	hide
hides	hide
hideaways	hideaway
hideouts	hideout
hierarchies	hierarchy
highs	high
high-flyers	high-flyer
high-rises	high-rise
high-ups	high-up
highers	higher
highlands	highland
highlanders	highlander
highlighted	highlight
highlights	highlight
highlighting	highlight
highnesses	highness
highways	highway
hijacked	hijack
hijacks	hijack
hijackers	hijacker
hijackings	hijacking
hikes	hike
hiked	hike
hikers	hiker
hills	hill
hilling	hill
hilled	hill
hillsides	hillside
hilltops	hilltop
hillier	hilly
hilliest	hilly
hilts	hilt
hims	him
hinds	hind
hindered	hinder
hindering	hinder
hinders	hinder
hindrances	hindrance
hindus	hindu
hinges	hinge
hinged	hinge
hingeing	hinge
hints	hint
hinted	hint
hinting	hint
hinterlands	hinterland
hips	hip
hippest	hip
hipper	hip
hippies	hippy
hirs	hir
hires	hire
hirings	hiring
hispanics	hispanic
hissed	hiss
hissing	hiss
hisses	hiss
histamines	histamine
historians	historian
histories	history
hits	hit
hitched	hitch
hitching	hitch
hitches	hitch
hitchhiking	hitchhike
hitchhiked	hitchhike
hitchhikes	hitchhike
hitters	hitter
hives	hive
hived	hive
hiving	hive
hmos	hmo
hos	ho
hoards	hoard
hoarded	hoard
hoardings	hoarding
hoarser	hoarse
hoaxes	hoax
hoaxed	hoax
hoaxing	hoax
hobs	hob
hobbing	hob
hobbed	hob
hobbled	hobble
hobbling	hobble
hobbles	hobble
hobbies	hobby
hobos	hobo
hoeing	hoe
hoes	hoe
hoed	hoe
hogging	hog
hogs	hog
hogged	hog
hogans	hogan
hoggs	hogg
hoisted	hoist
hoisting	hoist
hoists	hoist
held	hold
holds	hold
hold-ups	hold-up
holders	holder
holdings	holding
holes	hole
holed	hole
holing	hole
holidays	holiday
holidaying	holiday
holidayed	holiday
holidaymakers	holidaymaker
holinesses	holiness
hollands	holland
hollered	holler
hollering	holler
hollers	holler
hollows	hollow
hollowed	hollow
hollowing	hollow
holloways	holloway
hollies	holly
holocausts	holocaust
holograms	hologram
holsters	holster
holstered	holster
holstering	holster
holts	holt
holiest	holy
holier	holy
holies	holy
homages	homage
homes	home
homing	home
homed	home
homecomings	homecoming
homelands	homeland
homelier	homely
homemakers	homemaker
homeowners	homeowner
homers	homer
homesteads	homestead
homesteading	homestead
homeworks	homework
homeworking	homework
homicides	homicide
homilies	homily
homologies	homology
homophobics	homophobic
homosexuals	homosexual
homosexualities	homosexuality
hons	hon
honing	hon
hondurans	honduran
honed	hone
hones	hone
honeys	honey
honeying	honey
honied	honey
honeymoons	honeymoon
honeymooning	honeymoon
honeymooned	honeymoon
honking	honk
honked	honk
honks	honk
honors	honor
honoring	honor
honours	honour
honouring	honour
honourables	honourable
hoods	hood
hooding	hood
hooves	hoof
hoofing	hoof
hoofed	hoof
hoofs	hoof
hooks	hook
hooking	hook
hookers	hooker
hooligans	hooligan
hoops	hoop
hooped	hoop
hooping	hoop
hoopers	hooper
hooted	hoot
hoots	hoot
hooting	hoot
hoovering	hoover
hoovered	hoover
hoovers	hoover
hops	hop
hopping	hop
hopped	hop
hoping	hope
hoped	hope
hopes	hope
hopefuls	hopeful
hoppers	hopper
hordes	horde
horizons	horizon
horizontals	horizontal
hormones	hormone
horns	horn
horning	horn
horniest	horny
horoscopes	horoscope
horrids	horrid
horrifies	horrify
horrors	horror
horses	horse
horsing	horse
horsed	horse
horsemen	horseman
horseshoes	horseshoe
horseshoeing	horseshoe
horseshoed	horseshoe
hoses	hose
hosing	hose
hosed	hose
hospices	hospice
hospitals	hospital
hospitalities	hospitality
hospitalizations	hospitalization
hospitalized	hospitalize
hospitalizes	hospitalize
hospitalizing	hospitalize
hosts	host
hosted	host
hosting	host
hostages	hostage
hostels	hostel
hostelling	hostel
hostesses	hostess
hostessing	hostess
hostessed	hostess
hostiles	hostile
hotter	hot
hottest	hot
hotting	hot
hots	hot
hotbeds	hotbed
hotels	hotel
hoteliers	hotelier
hotlines	hotline
hotshots	hotshot
hounds	hound
hounded	hound
hounding	hound
hours	hour
houses	house
housed	house
houseboats	houseboat
households	household
householders	householder
housekeepers	housekeeper
housewives	housewife
housings	housing
hoves	hove
hoving	hove
hovering	hover
hovered	hover
hovers	hover
howled	howl
howls	howl
howlings	howling
hqs	hq
hrs	hr
hsing	hse
hses	hse
hubs	hub
huddled	huddle
huddling	huddle
huddles	huddle
hudsoned	hudson
hudsoning	hudson
hues	hue
hued	hue
huffed	huff
huffing	huff
huffs	huff
hugged	hug
hugging	hug
hugs	hug
hulks	hulk
hulked	hulk
hulls	hull
hulled	hull
hulling	hull
humming	hum
hummed	hum
hums	hum
humans	human
humanists	humanist
humanitarians	humanitarian
humanizing	humanize
humanized	humanize
humanizes	humanize
humbled	humble
humbles	humble
humes	hume
humidities	humidity
humiliated	humiliate
humiliates	humiliate
humiliations	humiliation
hummingbirds	hummingbird
humors	humor
humoring	humor
humored	humor
humours	humour
humouring	humour
humoured	humour
humps	hump
humping	hump
humped	hump
hunched	hunch
hunches	hunch
hunching	hunch
hungarians	hungarian
hungers	hunger
hungered	hunger
hungering	hunger
hungrier	hungry
hungriest	hungry
hunks	hunk
hunkered	hunker
hunkers	hunker
hunkering	hunker
hunts	hunt
hunters	hunter
huntsmen	huntsman
hurdles	hurdle
hurdling	hurdle
hurdled	hurdle
hurdlers	hurdler
hurled	hurl
hurling	hurl
hurls	hurl
hurleys	hurley
hurricanes	hurricane
hurrying	hurry
hurries	hurry
hurting	hurt
hurts	hurt
hurtling	hurtle
hurtled	hurtle
hurtles	hurtle
husbands	husband
husbanding	husband
husbanded	husband
hushing	hush
hushes	hush
husks	husk
husked	husk
husking	husk
huskier	husky
huskies	husky
huskiest	husky
hustled	hustle
hustling	hustle
hustles	hustle
hustlers	hustler
huts	hut
hybrids	hybrid
hybridisations	hybridisation
hybridizations	hybridization
hydrants	hydrant
hydrocarbons	hydrocarbon
hydrogens	hydrogen
hyenas	hyena
hymns	hymn
hymned	hymn
hymning	hymn
hypes	hype
hyperboles	hyperbole
hypnotics	hypnotic
hypnotized	hypnotize
hypnotizing	hypnotize
hypnotizes	hypnotize
hypocrisies	hypocrisy
hypocrites	hypocrite
hypotheses	hypothesis
hypothesized	hypothesize
hypothesizing	hypothesize
hypothesizes	hypothesize
hypotheticals	hypothetical
hysterectomies	hysterectomy
hysterias	hysteria
ices	ice
icebergs	iceberg
icelands	iceland
icelandics	icelandic
icings	icing
icons	icon
iconographies	iconography
icus	icu
icier	icy
ids	id
iding	id
ideas	idea
ideals	ideal
idealisms	idealism
idealists	idealist
idealizes	idealize
idealizing	idealize
identifications	identification
identifiers	identifier
identifying	identify
identifies	identify
identities	identity
ideologues	ideologue
ideologies	ideology
idioms	idiom
idiosyncrasies	idiosyncrasy
idiots	idiot
idling	idle
idled	idle
idles	idle
idols	idol
idolized	idolize
idolizing	idolize
idolizes	idolize
idylls	idyll
ies	ie
ignited	ignite
igniting	ignite
ignites	ignite
ignitions	ignition
ignorants	ignorant
ignored	ignore
ignoring	ignore
ignores	ignore
iguanas	iguana
ilks	ilk
ills	ill
illegals	illegal
illegitimates	illegitimate
illicits	illicit
illiterates	illiterate
illnesses	illness
illuminates	illuminate
illuminations	illumination
illusions	illusion
illustrates	illustrate
illustrating	illustrate
illustrations	illustration
illustrators	illustrator
ilps	ilp
images	image
imaged	image
imageries	imagery
imaginations	imagination
imagining	imagine
imagines	imagine
imagings	imaging
imams	imam
imbalances	imbalance
imbalanced	imbalance
imbalancing	imbalance
imbued	imbue
imbues	imbue
imbuing	imbue
imitating	imitate
imitated	imitate
imitates	imitate
imitations	imitation
imitators	imitator
immatures	immature
immediacies	immediacy
immersed	immerse
immersing	immerse
immerses	immerse
immersions	immersion
immigrants	immigrant
immigrated	immigrate
immigrating	immigrate
immigrates	immigrate
imminents	imminent
immobilized	immobilize
immobilizes	immobilize
immobilizing	immobilize
immoralities	immorality
immortals	immortal
immortalized	immortalize
immortalizing	immortalize
immortalizes	immortalize
immunities	immunity
immunizations	immunization
immunized	immunize
immunizing	immunize
immunizes	immunize
immutables	immutable
impacts	impact
impacted	impact
impacting	impact
impairs	impair
impairing	impair
impairments	impairment
impaled	impale
impaling	impale
impales	impale
imparted	impart
imparts	impart
imparting	impart
impeached	impeach
impeaching	impeach
impeaches	impeach
impeachments	impeachment
impedances	impedance
impeded	impede
impeding	impede
impedes	impede
impediments	impediment
impelled	impel
impels	impel
impelling	impel
imperatives	imperative
imperfections	imperfection
imperialists	imperialist
imperilled	imperil
imperilling	imperil
imperils	imperil
imperiled	imperil
impersonating	impersonate
impersonates	impersonate
impersonated	impersonate
impinges	impinge
impinged	impinge
impinging	impinge
implants	implant
implanted	implant
implanting	implant
implantations	implantation
implemented	implement
implementing	implement
implements	implement
implementations	implementation
implicated	implicate
implicating	implicate
implicates	implicate
implications	implication
imploded	implode
implodes	implode
imploding	implode
implored	implore
imploring	implore
implores	implore
implies	imply
implying	imply
imports	import
importing	import
importations	importation
importers	importer
imposed	impose
imposes	impose
impositions	imposition
impossibilities	impossibility
impounded	impound
impounding	impound
impounds	impound
impoverishing	impoverish
impoverishes	impoverish
impregnated	impregnate
impregnating	impregnate
impregnates	impregnate
impressing	impress
impresses	impress
impressions	impression
impressionists	impressionist
imprinted	imprint
imprints	imprint
imprinting	imprint
imprisoning	imprison
imprisons	imprison
imprisonments	imprisonment
improbables	improbable
impromptus	impromptu
improprieties	impropriety
improves	improve
improvements	improvement
improvisations	improvisation
improvising	improvise
improvises	improvise
impulses	impulse
impurities	impurity
inabilities	inability
inaccuracies	inaccuracy
inactions	inaction
inadequacies	inadequacy
inadequates	inadequate
inanimates	inanimate
inaugurated	inaugurate
inaugurating	inaugurate
inaugurates	inaugurate
inaugurations	inauguration
incas	inca
incandescents	incandescent
incapacitated	incapacitate
incapacitates	incapacitate
incapacitating	incapacitate
incapacities	incapacity
incarcerated	incarcerate
incarcerating	incarcerate
incarcerates	incarcerate
incarcerations	incarceration
incarnates	incarnate
incarnated	incarnate
incarnating	incarnate
incarnations	incarnation
incendiaries	incendiary
incenses	incense
incensing	incense
incentives	incentive
inceptions	inception
inches	inch
inched	inch
inching	inch
incidences	incidence
incidents	incident
incidentals	incidental
incinerated	incinerate
incinerating	incinerate
incinerates	incinerate
incinerators	incinerator
incisions	incision
incisors	incisor
inciting	incite
incites	incite
incited	incite
inclinations	inclination
inclining	incline
inclines	incline
includes	include
inclusions	inclusion
incomes	income
incomers	incomer
incomings	incoming
incompatibilities	incompatibility
incompatibles	incompatible
incompetences	incompetence
incompetents	incompetent
inconclusives	inconclusive
incongruities	incongruity
inconsistencies	inconsistency
inconveniences	inconvenience
inconvenienced	inconvenience
inconveniencing	inconvenience
incorporated	incorporate
incorporating	incorporate
incorporates	incorporate
incorporations	incorporation
incorrects	incorrect
increases	increase
increments	increment
incremented	increment
incrementing	increment
incrementals	incremental
incriminated	incriminate
incriminates	incriminate
incubated	incubate
incubating	incubate
incubates	incubate
incubations	incubation
incubators	incubator
inculcated	inculcate
inculcating	inculcate
inculcates	inculcate
incumbents	incumbent
incurred	incur
incurring	incur
incurs	incur
incurables	incurable
incursions	incursion
indecisions	indecision
indemnities	indemnity
indented	indent
indents	indent
indenting	indent
indentations	indentation
independents	independent
indices	index
indexed	index
indexes	index
indians	indian
indicates	indicate
indicated	indicate
indicating	indicate
indications	indication
indicators	indicator
indicted	indict
indicting	indict
indicts	indict
indictments	indictment
indigents	indigent
indignities	indignity
indigos	indigo
indiscretions	indiscretion
indiscriminating	indiscriminate
indispensables	indispensable
individuals	individual
individualists	individualist
individualities	individuality
individualizing	individualize
individualizes	individualize
indonesians	indonesian
induces	induce
inducing	induce
inducements	inducement
inducted	induct
inducting	induct
inducts	induct
inductances	inductance
inductions	induction
indulging	indulge
indulged	indulge
indulges	indulge
indulgences	indulgence
industrialists	industrialist
industrializing	industrialize
industrializes	industrialize
industries	industry
inefficiencies	inefficiency
ineligibles	ineligible
inequalities	inequality
inequities	inequity
inertias	inertia
inevitabilities	inevitability
infants	infant
infantries	infantry
infantrymen	infantryman
infarctions	infarction
infatuations	infatuation
infects	infect
infecting	infect
infections	infection
inferred	infer
inferring	infer
infers	infer
inferences	inference
inferencing	inference
inferiors	inferior
inferiorities	inferiority
infernos	inferno
infested	infest
infesting	infest
infests	infest
infestations	infestation
infidels	infidel
infidelities	infidelity
infields	infield
infiltrated	infiltrate
infiltrating	infiltrate
infiltrates	infiltrate
infiltrations	infiltration
infinitives	infinitive
infinities	infinity
infirmaries	infirmary
inflaming	inflame
inflames	inflame
inflammations	inflammation
inflatables	inflatable
inflating	inflate
inflates	inflate
inflations	inflation
inflections	inflection
inflicted	inflict
inflicting	inflict
inflicts	inflict
inflows	inflow
inflowing	inflow
influenced	influence
influences	influence
influencing	influence
influxes	influx
informing	inform
informs	inform
informals	informal
informants	informant
informers	informer
infractions	infraction
infrastructures	infrastructure
infringed	infringe
infringing	infringe
infringes	infringe
infringer	infringe
infringements	infringement
infuriated	infuriate
infuriates	infuriate
infused	infuse
infusing	infuse
infuses	infuse
infusions	infusion
ingenuities	ingenuity
ingested	ingest
ingesting	ingest
ingests	ingest
ingestions	ingestion
ingraining	ingrain
ingrains	ingrain
ingredients	ingredient
inhabited	inhabit
inhabits	inhabit
inhabiting	inhabit
inhabitants	inhabitant
inhalations	inhalation
inhaled	inhale
inhaling	inhale
inhales	inhale
inheriting	inherit
inherits	inherit
inheritances	inheritance
inhibits	inhibit
inhibiting	inhibit
inhibitions	inhibition
inhibitors	inhibitor
iniquities	iniquity
initials	initial
initialled	initial
initialling	initial
initiated	initiate
initiating	initiate
initiates	initiate
initiations	initiation
initiatives	initiative
injected	inject
injecting	inject
injects	inject
injections	injection
injunctions	injunction
injuring	injure
injures	injure
injuries	injury
injustices	injustice
inks	ink
inked	ink
inking	ink
inklings	inkling
inlets	inlet
inmates	inmate
inns	inn
innkeepers	innkeeper
innocents	innocent
innovated	innovate
innovates	innovate
innovating	innovate
innovations	innovation
innovators	innovator
innuendos	innuendo
inoculated	inoculate
inoculating	inoculate
inoculates	inoculate
inorganics	inorganic
inpatients	inpatient
inputs	input
inputting	input
inquests	inquest
inquired	inquire
inquiring	inquire
inquires	inquire
inquiries	inquiry
inquisitions	inquisition
insanities	insanity
inscribing	inscribe
inscribes	inscribe
inscriptions	inscription
insects	insect
insecticides	insecticide
insecurities	insecurity
insensitivities	insensitivity
inseparables	inseparable
inserted	insert
inserting	insert
inserts	insert
insertions	insertion
insetting	inset
insets	inset
insides	inside
insiders	insider
insights	insight
insinuating	insinuate
insinuated	insinuate
insinuates	insinuate
insisted	insist
insists	insist
insisting	insist
insistences	insistence
insolubles	insoluble
insolvencies	insolvency
insolvents	insolvent
insps	insp
inspected	inspect
inspecting	inspect
inspects	inspect
inspections	inspection
inspectors	inspector
inspectorates	inspectorate
inspirations	inspiration
inspires	inspire
instabilities	instability
installed	install
installing	install
installs	install
installations	installation
installments	installment
instalments	instalment
instances	instance
instanced	instance
instancing	instance
instants	instant
instigated	instigate
instigating	instigate
instigates	instigate
instigations	instigation
instilled	instil
instilling	instil
instils	instil
instills	instill
instincts	instinct
institutes	institute
instituted	institute
instituting	institute
institutions	institution
institutionals	institutional
institutionalizing	institutionalize
institutionalizes	institutionalize
instructed	instruct
instructing	instruct
instructs	instruct
instructions	instruction
instructors	instructor
instruments	instrument
instrumentals	instrumental
instrumentations	instrumentation
insulates	insulate
insulations	insulation
insulins	insulin
insults	insult
insulted	insult
insurances	insurance
insured	insure
insuring	insure
insures	insure
insurers	insurer
insurgencies	insurgency
insurgents	insurgent
insurrections	insurrection
intakes	intake
intangibles	intangible
integers	integer
integrals	integral
integrating	integrate
integrates	integrate
integrations	integration
intellects	intellect
intellectuals	intellectual
intelligences	intelligence
intelligentsias	intelligentsia
intends	intend
intending	intend
intensifications	intensification
intensifying	intensify
intensifies	intensify
intensities	intensity
intents	intent
intentions	intention
interred	inter
interring	inter
inters	inter
interacts	interact
interacting	interact
interacted	interact
interactions	interaction
interceded	intercede
interceding	intercede
intercedes	intercede
intercepted	intercept
intercepting	intercept
intercepts	intercept
interceptions	interception
interchanges	interchange
interchanged	interchange
interchanging	interchange
intercoms	intercom
interconnects	interconnect
interconnecting	interconnect
interconnections	interconnection
intercuts	intercut
intercutting	intercut
interdependences	interdependence
interdictions	interdiction
interests	interest
interfaces	interface
interfaced	interface
interfering	interfere
interfered	interfere
interferes	interfere
interferences	interference
intergroups	intergroup
interims	interim
interiors	interior
interjected	interject
interjects	interject
interjecting	interject
interlocked	interlock
interlocks	interlock
interlockings	interlocking
interlocutors	interlocutor
interludes	interlude
intermediaries	intermediary
intermediates	intermediate
intermediated	intermediate
intermissions	intermission
interned	intern
interning	intern
interns	intern
internals	internal
internalized	internalize
internalizing	internalize
internalizes	internalize
internationals	international
internments	internment
internships	internship
interplays	interplay
interposed	interpose
interposing	interpose
interposes	interpose
interpreted	interpret
interpreting	interpret
interprets	interpret
interpretations	interpretation
interpreters	interpreter
interrelationships	interrelationship
interrogated	interrogate
interrogating	interrogate
interrogates	interrogate
interrogations	interrogation
interrogators	interrogator
interrupted	interrupt
interrupting	interrupt
interrupts	interrupt
interruptions	interruption
intersects	intersect
intersected	intersect
intersecting	intersect
intersections	intersection
intersectioning	intersection
interspersing	intersperse
intersperses	intersperse
interstates	interstate
intertwined	intertwine
intertwining	intertwine
intertwines	intertwine
intervals	interval
intervened	intervene
intervenes	intervene
interventions	intervention
interventionists	interventionist
interviews	interview
interviewed	interview
interviewing	interview
interviewees	interviewee
interviewers	interviewer
interweaving	interweave
interweaves	interweave
interwove	interweave
intestines	intestine
intimacies	intimacy
intimated	intimate
intimates	intimate
intimating	intimate
intimations	intimation
intimidated	intimidate
intimidates	intimidate
intimidations	intimidation
intolerances	intolerance
intonations	intonation
intoned	intone
intones	intone
intoning	intone
intoxicated	intoxicate
intoxicates	intoxicate
intransigents	intransigent
intricacies	intricacy
intricating	intricate
intrigues	intrigue
intrinsics	intrinsic
introduced	introduce
introducing	introduce
introduces	introduce
introductions	introduction
introspections	introspection
intruding	intrude
intruded	intrude
intrudes	intrude
intruders	intruder
intrusions	intrusion
intrusives	intrusive
intuitions	intuition
inundated	inundate
inundating	inundate
inundates	inundate
invaded	invade
invades	invade
invaders	invader
invalids	invalid
invaliding	invalid
invalided	invalid
invalidated	invalidate
invalidates	invalidate
invalidating	invalidate
invasions	invasion
invented	invent
inventing	invent
invents	invent
inventions	invention
inventors	inventor
inventories	inventory
inventoried	inventory
inventorying	inventory
inverses	inverse
inversions	inversion
inverting	invert
inverts	invert
invertebrates	invertebrate
invested	invest
invests	invest
investigated	investigate
investigating	investigate
investigates	investigate
investigations	investigation
investigators	investigator
investments	investment
investors	investor
invigorated	invigorate
invigorates	invigorate
invisibles	invisible
invitations	invitation
invites	invite
invocations	invocation
invoices	invoice
invoiced	invoice
invoicing	invoice
invoked	invoke
invoking	invoke
invokes	invoke
involving	involve
involves	involve
involvements	involvement
ions	ion
ipos	ipo
iranians	iranian
iraqis	iraqi
irises	iris
irishmen	irishman
irked	irk
irks	irk
irking	irk
irons	iron
ironed	iron
ironworks	ironwork
ironworking	ironwork
ironies	irony
irradiated	irradiate
irradiating	irradiate
irradiates	irradiate
irradiations	irradiation
irrationals	irrational
irreconcilables	irreconcilable
irregulars	irregular
irregularities	irregularity
irrelevances	irrelevance
irreverents	irreverent
irrigated	irrigate
irrigating	irrigate
irrigates	irrigate
irrigations	irrigation
irritants	irritant
irritates	irritate
irritations	irritation
islamists	islamist
islands	island
islanders	islander
isles	isle
isolates	isolate
isolating	isolate
isolations	isolation
isolationists	isolationist
isotopes	isotope
israelis	israeli
israelites	israelite
issuances	issuance
issues	issue
issued	issue
issuers	issuer
italians	italian
itching	itch
itched	itch
itches	itch
itchiest	itchy
items	item
iterations	iteration
itinerants	itinerant
itineraries	itinerary
ivories	ivory
ivies	ivy
jabbed	jab
jabbing	jab
jabs	jab
jacks	jack
jacked	jack
jacking	jack
jackets	jacket
jacketing	jacket
jacketed	jacket
jackpots	jackpot
jacobites	jacobite
jacquards	jacquard
jades	jade
jading	jade
jaguars	jaguar
jailed	jail
jails	jail
jailing	jail
jakes	jake
jammed	jam
jams	jam
jamming	jam
jamaicans	jamaican
jangled	jangle
jangling	jangle
jangles	jangle
janitors	janitor
japanning	japan
japanned	japan
japans	japan
jars	jar
jarred	jar
jarring	jar
jargons	jargon
jargoning	jargon
jasmines	jasmine
jaspers	jasper
jaunts	jaunt
jaunted	jaunt
jaunting	jaunt
javas	java
javelins	javelin
jaws	jaw
jawed	jaw
jawing	jaw
jays	jay
jazzing	jazz
jazzed	jazz
jazzes	jazz
jazzier	jazzy
jealousies	jealousy
jeeps	jeep
jeered	jeer
jeers	jeer
jeering	jeer
jekylls	jekyll
jellies	jelly
jellied	jelly
jellying	jelly
jellyfishes	jellyfish
jenner	jen
jens	jen
jennies	jenny
jeopardised	jeopardise
jeopardising	jeopardise
jeopardises	jeopardise
jeopardized	jeopardize
jeopardizing	jeopardize
jeopardizes	jeopardize
jeopardies	jeopardy
jerked	jerk
jerking	jerk
jerks	jerk
jerkier	jerky
jerseys	jersey
jesses	jess
jesting	jest
jests	jest
jested	jest
jesuits	jesuit
jets	jet
jetting	jet
jetted	jet
jetliners	jetliner
jettisoned	jettison
jettisoning	jettison
jettisons	jettison
jetties	jetty
jettied	jetty
jews	jew
jewels	jewel
jewelled	jewel
jewelling	jewel
jewellers	jeweller
jibes	jibe
jibed	jibe
jibing	jibe
jigs	jig
jigging	jig
jigged	jig
jiggled	jiggle
jiggling	jiggle
jiggles	jiggle
jigsaws	jigsaw
jimmying	jimmy
jimmied	jimmy
jimmies	jimmy
jingles	jingle
jingled	jingle
jingling	jingle
joest	jo
jobs	job
jobbing	job
jobbed	job
jocks	jock
jocked	jock
jockeys	jockey
jockeying	jockey
jockeyed	jockey
joeys	joey
jogged	jog
jogs	jog
joggers	jogger
johnnies	johnny
joined	join
joining	join
joins	join
joiners	joiner
joinering	joiner
joints	joint
jointed	joint
jointing	joint
joists	joist
joisted	joist
jokes	joke
joking	joke
joked	joke
jokers	joker
jollies	jolly
jollier	jolly
jolliest	jolly
jollying	jolly
jollied	jolly
jolted	jolt
jolting	jolt
jolts	jolt
joned	jon
jordanians	jordanian
joshing	josh
joshed	josh
joshes	josh
jostling	jostle
jostled	jostle
jostles	jostle
jotted	jot
jotting	jot
jots	jot
journals	journal
journalists	journalist
journeys	journey
journeyed	journey
journeying	journey
joys	joy
joying	joy
joyed	joy
joysticks	joystick
jps	jp
jrs	jr
jubilees	jubilee
judges	judge
judged	judge
judging	judge
judgements	judgement
judgments	judgment
judiciaries	judiciary
jugs	jug
jugging	jug
jugged	jug
juggernauts	juggernaut
juggling	juggle
juggled	juggle
juggles	juggle
juices	juice
juiciest	juicy
juicier	juicy
jukeboxes	jukebox
jumbled	jumble
jumbles	jumble
jumbling	jumble
jumbos	jumbo
jumped	jump
jumps	jump
jumpers	jumper
jumpsuits	jumpsuit
junctions	junction
junctures	juncture
jungles	jungle
juniors	junior
junipers	juniper
junks	junk
junking	junk
junked	junk
junker	junk
juntas	junta
jurisdictions	jurisdiction
jurisdictionals	jurisdictional
jurists	jurist
jurors	juror
juries	jury
justices	justice
justifications	justification
justifies	justify
justifying	justify
jutting	jut
jutted	jut
juts	jut
juveniles	juvenile
juxtaposed	juxtapose
juxtaposes	juxtapose
juxtaposing	juxtapose
juxtapositions	juxtaposition
kaisers	kaiser
kaled	kale
kaleidoscopes	kaleidoscope
kaleidoscoped	kaleidoscope
kangaroos	kangaroo
karaokes	karaoke
karmas	karma
kayaks	kayak
kbs	kb
keeled	keel
keeling	keel
keels	keel
keener	keen
keenest	keen
keening	keen
keened	keen
keens	keen
kept	keep
keeps	keep
keepers	keeper
kegs	keg
kegging	keg
kennels	kennel
kennelled	kennel
kennelling	kennel
kenyans	kenyan
kerbs	kerb
kerbed	kerb
kerbing	kerb
kernels	kernel
kerries	kerry
kestrels	kestrel
ketchups	ketchup
kettles	kettle
kettled	kettle
keys	key
keyed	key
keying	key
keyboards	keyboard
keyboarding	keyboard
keyboarded	keyboard
keyholes	keyhole
keynesians	keynesian
keynotes	keynote
keynoting	keynote
keynoted	keynote
keypads	keypad
keystones	keystone
keywords	keyword
keywording	keyword
kgs	kg
khans	khan
kicked	kick
kicking	kick
kicks	kick
kick-offs	kick-off
kick-starts	kick-start
kick-started	kick-start
kick-starting	kick-start
kickbacks	kickback
kickers	kicker
kickoffs	kickoff
kids	kid
kidded	kid
kidnapped	kidnap
kidnaps	kidnap
kidnappers	kidnapper
kidnappings	kidnapping
kidneys	kidney
kievs	kiev
kills	kill
killers	killer
killings	killing
kilns	kiln
kilos	kilo
kilograms	kilogram
kilometres	kilometre
kimonos	kimono
kinases	kinase
kinased	kinase
kinasing	kinase
kinds	kind
kinder	kind
kindest	kind
kindergartens	kindergarten
kindled	kindle
kindling	kindle
kindles	kindle
kindlier	kindly
kindnesses	kindness
kindreds	kindred
kingdoms	kingdom
kingfishers	kingfisher
kingpins	kingpin
kingships	kingship
kinks	kink
kinking	kink
kinked	kink
kinkies	kinky
kinkier	kinky
kinships	kinship
kinsmen	kinsman
kiosks	kiosk
kirks	kirk
kissed	kiss
kisses	kiss
kissings	kissing
kits	kit
kitted	kit
kitting	kit
kitchens	kitchen
kites	kite
kiting	kite
kited	kite
kittens	kitten
kittened	kitten
kittening	kitten
kiwis	kiwi
kms	km
knacks	knack
knacked	knack
knapsacks	knapsack
kneading	knead
kneaded	knead
kneads	knead
knees	knee
kneeing	knee
knelt	kneel
kneeling	kneel
kneels	kneel
knives	knife
knifed	knife
knifing	knife
knifes	knife
knights	knight
knighted	knight
knighting	knight
knighthoods	knighthood
knits	knit
knitteds	knitted
knitters	knitter
knobs	knob
knobbed	knob
knobbing	knob
knocked	knock
knocks	knock
knockers	knocker
knockings	knocking
knockouts	knockout
knolls	knoll
knolled	knoll
knots	knot
knotting	knot
knew	know
knows	know
know-alls	know-all
knowledges	knowledge
knuckles	knuckle
knuckled	knuckle
knuckling	knuckle
korans	koran
koreans	korean
koshered	kosher
kurds	kurd
kuwaitis	kuwaiti
ls	l
labs	lab
labels	label
labellings	labelling
labors	labor
laboring	labor
labored	labor
laboratories	laboratory
laborers	laborer
labours	labour
laboured	labour
labourers	labourer
labradors	labrador
labyrinths	labyrinth
laces	lace
laced	lace
lacing	lace
lacked	lack
lacks	lack
lackings	lacking
lacquered	lacquer
lacquers	lacquer
lacquering	lacquer
lads	lad
ladders	ladder
laddered	ladder
laddering	ladder
laded	laden
lades	laden
ladings	lading
ladled	ladle
ladles	ladle
ladling	ladle
ladies	lady
lagging	lag
lags	lag
lagged	lag
lagers	lager
lagered	lager
lagoons	lagoon
lairs	lair
lairds	laird
lakes	lake
lambs	lamb
lambing	lamb
lambed	lamb
lames	lame
lamed	lame
laming	lame
lamest	lame
lamer	lame
lamented	lament
laments	lament
lamenting	lament
laminas	lamina
lamps	lamp
lans	lan
lances	lance
lanced	lance
lancing	lance
lancets	lancet
lands	land
landers	lander
landfalls	landfall
landfills	landfill
landforms	landform
landings	landing
landladies	landlady
landlords	landlord
landmarks	landmark
landmarking	landmark
landowners	landowner
landscapes	landscape
landscaped	landscape
landslides	landslide
landsliding	landslide
lanes	lane
languages	language
languishing	languish
languished	languish
languishes	languish
lanterns	lantern
laps	lap
lapped	lap
lapping	lap
lapels	lapel
lapses	lapse
lapsed	lapse
lapsing	lapse
laptops	laptop
larded	lard
larding	lard
lards	lard
larders	larder
larger	large
largest	large
larks	lark
larking	lark
larked	lark
larvae	larva
lasagnas	lasagna
lasers	laser
lasered	laser
lasering	laser
lashes	lash
lashed	lash
lashing	lash
lasses	lass
lasted	last
lasts	last
latched	latch
latches	latch
latching	latch
latelier	lately
latencies	latency
laterals	lateral
latexes	latex
lathes	lathe
latins	latin
latinos	latino
latitudes	latitude
latrines	latrine
lattices	lattice
latticed	lattice
latvians	latvian
lauded	laud
lauding	laud
lauds	laud
laughed	laugh
laughs	laugh
launched	launch
launches	launch
launchers	launcher
laundered	launder
launders	launder
launderettes	launderette
laundromats	laundromat
laundries	laundry
laureates	laureate
laurels	laurel
lavas	lava
lavatories	lavatory
lavenders	lavender
lavished	lavish
lavishing	lavish
lavishes	lavish
laws	law
lawmakers	lawmaker
lawns	lawn
lawsuits	lawsuit
lawyers	lawyer
laxatives	laxative
lays	lay
layers	layer
layerings	layering
laymen	layman
layoffs	layoff
layouts	layout
laziest	lazy
lazier	lazy
lbs	lb
lcds	lcd
ldcs	ldc
leaching	leach
leached	leach
leaches	leach
leads	lead
leaders	leader
leaderships	leadership
leaves	leaf
leafing	leaf
leafed	leaf
leafs	leaf
leaflets	leaflet
leafier	leafy
leagues	league
leaguing	league
leagued	league
leaguers	leaguer
leaked	leak
leaks	leak
leaking	leak
leakages	leakage
leakiest	leaky
leaned	lean
leans	lean
leaner	lean
leanings	leaning
leapt	leap
leaping	leap
leaps	leap
learing	lear
learns	learn
learners	learner
leases	lease
leased	lease
leaseholds	leasehold
leaseholding	leasehold
leashes	leash
leashed	leash
leashing	leash
leasings	leasing
leathers	leather
leathering	leather
leathered	leather
leavers	leaver
leavings	leaving
lecterns	lectern
lectures	lecture
lecturing	lecture
lectured	lecture
lecturers	lecturer
leds	led
ledges	ledge
ledged	ledge
ledgers	ledger
ledgered	ledger
ledgering	ledger
lees	lee
leeches	leech
leeching	leech
leeched	leech
leeks	leek
leered	leer
leering	leer
leers	leer
leeries	leery
leftists	leftist
leftovers	leftover
lefties	lefty
legs	leg
legacies	legacy
legalities	legality
legalized	legalize
legalizing	legalize
legalizes	legalize
legends	legend
legions	legion
legislating	legislate
legislated	legislate
legislates	legislate
legislations	legislation
legislators	legislator
legislatures	legislature
legitimating	legitimate
legitimated	legitimate
legitimates	legitimate
legitimized	legitimize
legitimizes	legitimize
legitimizing	legitimize
legumes	legume
leighs	leigh
leisured	leisure
lemons	lemon
lemonades	lemonade
lening	len
lends	lend
lenders	lender
lendings	lending
lengths	length
lengthening	lengthen
lengthened	lengthen
lengthens	lengthen
lengthier	lengthy
lengthiest	lengthy
lenses	lense
lensing	lense
lensed	lense
lents	lent
leos	leo
leopards	leopard
lepers	leper
lesbians	lesbian
lesions	lesion
lesioned	lesion
lesioning	lesion
lessees	lessee
lessened	lessen
lessening	lessen
lessens	lessen
lessons	lesson
lessors	lessor
lets	let
lethals	lethal
letters	letter
lettered	letter
letterings	lettering
lettings	letting
lettuces	lettuce
leukaemias	leukaemia
levees	levee
levels	level
levelled	level
levelling	level
levers	lever
levered	lever
levering	lever
leveraging	leverage
leverages	leverage
levitating	levitate
levitates	levitate
levitated	levitate
levied	levy
levies	levy
levying	levy
lexicographers	lexicographer
lexicons	lexicon
leys	ley
lfas	lfa
liabilities	liability
liaising	liaise
liaises	liaise
liaised	liaise
liaisons	liaison
liars	liar
libs	lib
libbing	lib
libelled	libel
libels	libel
libelling	libel
liberals	liberal
liberalisations	liberalisation
liberalizing	liberalize
liberalized	liberalize
liberalizes	liberalize
liberates	liberate
liberators	liberator
libertarians	libertarian
liberties	liberty
libidos	libido
librarians	librarian
libraries	library
libyans	libyan
licences	licence
licenced	licence
licencing	licence
licenses	license
licensees	licensee
lichens	lichen
licked	lick
licking	lick
licks	lick
lids	lid
lidded	lid
lies	lie
lain	lie
lie-ins	lie-in
liens	lien
lieutenants	lieutenant
lives	life
lifeboats	lifeboat
lifeguards	lifeguard
lifeguarding	lifeguard
lifelines	lifeline
lifespans	lifespan
lifestyles	lifestyle
lifetimes	lifetime
lifted	lift
lifts	lift
lift-offs	lift-off
lifters	lifter
liftings	lifting
ligaments	ligament
ligands	ligand
lights	light
lightest	light
lightened	lighten
lightening	lighten
lightens	lighten
lighters	lighter
lighthouses	lighthouse
lightnesses	lightness
lightnings	lightning
lightweights	lightweight
liked	like
likes	like
likelihoods	likelihood
likeliest	likely
likened	liken
likens	liken
likening	liken
likenesses	likeness
likings	liking
lilacs	lilac
lilies	lily
limbs	limb
limbed	limb
limbos	limbo
limes	lime
liming	lime
limed	lime
limericks	limerick
limestones	limestone
limits	limit
limitations	limitation
limos	limo
limousines	limousine
limped	limp
limping	limp
limps	limp
limpest	limp
linning	lin
lindens	linden
lines	line
line-ups	line-up
lineages	lineage
linebackers	linebacker
linemen	lineman
linens	linen
liners	liner
linesmen	linesman
lineups	lineup
lings	ling
lingered	linger
lingers	linger
linguists	linguist
linings	lining
links	link
link-ups	link-up
linkages	linkage
linkings	linking
lions	lion
lips	lip
lipped	lip
lipids	lipid
lipsticks	lipstick
lipsticking	lipstick
lipsticked	lipstick
liqueurs	liqueur
liquids	liquid
liquidated	liquidate
liquidating	liquidate
liquidates	liquidate
liquidations	liquidation
liquidators	liquidator
liquors	liquor
liras	lira
lists	list
listened	listen
listens	listen
listeners	listener
listenings	listening
listings	listing
lits	lit
litanies	litany
lites	lite
literacies	literacy
literals	literal
literates	literate
literatures	literature
lithiums	lithium
lithuanians	lithuanian
litigants	litigant
litigated	litigate
litigating	litigate
litigates	litigate
litigations	litigation
litres	litre
littered	litter
litters	litter
littering	litter
liturgies	liturgy
lived	live
livelihoods	livelihood
livelier	lively
liveliest	lively
livers	liver
liveries	livery
liveried	livery
livings	living
lizards	lizard
lizzies	lizzy
llamas	llama
loing	lo
loads	load
loaders	loader
loadings	loading
loaves	loaf
loafing	loaf
loafed	loaf
loafs	loaf
loafers	loafer
loans	loan
loaned	loan
loaning	loan
loaths	loath
loathed	loathe
loathes	loathe
lobbed	lob
lobbing	lob
lobs	lob
lobbies	lobby
lobbied	lobby
lobbyists	lobbyist
lobes	lobe
lobed	lobe
lobsters	lobster
locals	local
locales	locale
localities	locality
localizing	localize
localizes	localize
locating	locate
locates	locate
locations	location
lochs	loch
locks	lock
locking	lock
lockes	locke
lockers	locker
lockouts	lockout
locos	loco
locomotives	locomotive
locusts	locust
lodged	lodge
lodges	lodge
lodgers	lodger
lofts	loft
lofted	loft
lofting	loft
loftier	lofty
loftiest	lofty
logs	log
logged	log
loggers	logger
logics	logic
logicals	logical
logos	logo
loins	loin
loined	loin
lokking	lok
lolling	loll
lolled	loll
lolls	loll
lollipops	lollipop
londoners	londoner
lonelinesses	loneliness
loneliest	lonely
lonelier	lonely
loners	loner
longed	long
longs	long
longings	longing
longitudes	longitude
longitudinals	longitudinal
looing	loo
looked	look
looks	look
lookings	looking
lookouts	lookout
loomed	loom
looms	loom
loons	loon
looning	loon
loonies	loony
looniest	loony
loops	loop
looping	loop
looped	loop
loopholes	loophole
loopholed	loophole
looser	loos
loosest	loos
loosed	loose
loosing	loose
looses	loose
loosened	loosen
loosening	loosen
loosens	loosen
looted	loot
loots	loot
looters	looter
lootings	looting
loped	lope
loping	lope
lopes	lope
lording	lord
lorded	lord
lordships	lordship
lores	lore
lorries	lorry
loses	lose
losers	loser
losses	loss
lotting	lot
lotted	lot
lotions	lotion
lotioned	lotion
lotteries	lottery
louder	loud
loudest	loud
loudspeakers	loudspeaker
loudspeakering	loudspeaker
loudspeakered	loudspeaker
loughs	lough
lounges	lounge
lounging	lounge
lounged	lounge
lice	louse
loused	louse
lousing	louse
lousier	lousy
louvres	louvre
loves	love
loveliest	lovely
lovelier	lovely
lovelies	lovely
lovers	lover
lovings	loving
lows	low
lowed	low
lowing	low
lowers	lower
lowerings	lowering
lowlands	lowland
lowliest	lowly
lowlier	lowly
loyalists	loyalist
loyalties	loyalty
lps	lp
lubricants	lubricant
lubricated	lubricate
lubricating	lubricate
lubricates	lubricate
luces	luce
luckier	lucky
luckiest	lucky
lugging	lug
lugged	lug
lugs	lug
luggaged	luggage
lulled	lull
lulling	lull
lulls	lull
lullabies	lullaby
lumbered	lumber
lumbers	lumber
lumens	lumen
luminaries	luminary
luminosities	luminosity
lumps	lump
lumped	lump
lumping	lump
lumpier	lumpy
lunatics	lunatic
lunches	lunch
lunched	lunch
lunching	lunch
luncheons	luncheon
lunchtimes	lunchtime
lungs	lung
lunging	lung
lunged	lunge
lunges	lunge
lungeing	lunge
lurched	lurch
lurching	lurch
lurches	lurch
lured	lure
luring	lure
lures	lure
lurking	lurk
lurked	lurk
lurks	lurk
lusher	lush
lushes	lush
lushest	lush
lusts	lust
lusting	lust
lusted	lust
lustres	lustre
lustier	lusty
luthers	luther
lutherans	lutheran
luxuries	luxury
lymphocytes	lymphocyte
lymphomas	lymphoma
lynched	lynch
lynches	lynch
lynchings	lynching
med	m
macs	mac
macaronis	macaroni
machs	mach
machetes	machete
machinations	machination
machines	machine
machined	machine
machining	machine
machineries	machinery
machinists	machinist
mackerels	mackerel
mackerelled	mackerel
macros	macro
macroeconomics	macroeconomic
madder	mad
maddest	mad
mads	mad
madams	madam
madames	madame
maddening	madden
maddened	madden
maddens	madden
mader	made
madeiras	madeira
madeleines	madeleine
madmen	madman
madnesses	madness
madonnas	madonna
madrigals	madrigal
maelstroms	maelstrom
maestros	maestro
mafias	mafia
mags	mag
magazines	magazine
mages	mage
maged	mage
magentas	magenta
maggots	maggot
magics	magic
magicians	magician
magistrates	magistrate
magmas	magma
magnates	magnate
magnesiums	magnesium
magnets	magnet
magnetics	magnetic
magnifications	magnification
magnified	magnify
magnifies	magnify
magnitudes	magnitude
magnolias	magnolia
magnums	magnum
magpies	magpie
mahoganies	mahogany
maids	maid
maidens	maiden
maidenheads	maidenhead
mailed	mail
mails	mail
mailboxes	mailbox
mailings	mailing
mailmen	mailman
maimed	maim
maiming	maim
maims	maim
mainframes	mainframe
mainlining	mainline
mainlines	mainline
mainlined	mainline
mainstays	mainstay
mainstreaming	mainstream
mainstreams	mainstream
maintaining	maintain
maintains	maintain
majesties	majesty
majors	major
majoring	major
majored	major
majorities	majority
makes	make
makeovers	makeover
makers	maker
makeshifts	makeshift
makings	making
malas	mala
maladies	malady
malarias	malaria
malaysians	malaysian
males	male
malfunctions	malfunction
malfunctioned	malfunction
malfunctioning	malfunction
malices	malice
maligned	malign
maligning	malign
maligns	malign
malignancies	malignancy
malignants	malignant
malls	mall
malling	mall
mallards	mallard
mallets	mallet
malpractices	malpractice
malts	malt
malting	malt
malted	malt
mams	mam
mamas	mama
mammas	mamma
mammals	mammal
mammograms	mammogram
mammoths	mammoth
men	man
mans	man
manages	manage
managements	management
managers	manager
manatees	manatee
mandarins	mandarin
mandates	mandate
mandating	mandate
mandibles	mandible
manes	mane
maneuvers	maneuver
maneuvered	maneuver
mangling	mangle
mangles	mangle
mangoes	mango
mangroves	mangrove
manhoods	manhood
manhunts	manhunt
manias	mania
maniacs	maniac
manics	manic
manicures	manicure
manicuring	manicure
manifested	manifest
manifests	manifest
manifesting	manifest
manifestations	manifestation
manifestos	manifesto
manifolds	manifold
manifolding	manifold
manifolded	manifold
manipulated	manipulate
manipulating	manipulate
manipulates	manipulate
manipulations	manipulation
manipulatives	manipulative
manipulators	manipulator
manliest	manly
manlier	manly
mannequins	mannequin
manners	manner
mannerisms	mannerism
manoeuvres	manoeuvre
manoeuvred	manoeuvre
manoeuvrings	manoeuvring
manors	manor
mansions	mansion
manslaughters	manslaughter
mantels	mantel
mantelpieces	mantelpiece
mantles	mantle
mantled	mantle
mantling	mantle
mantras	mantra
manuals	manual
manufactures	manufacture
manufacturers	manufacturer
manures	manure
manured	manure
manuring	manure
manuscripts	manuscript
maps	map
mapped	map
maples	maple
mappings	mapping
marred	mar
marring	mar
marathons	marathon
marbles	marble
marbling	marble
marcelling	marcel
marcelled	marcel
marcels	marcel
marched	march
marches	march
marchers	marcher
mares	mare
margarines	margarine
margaritas	margarita
margins	margin
marginals	marginal
marginalizing	marginalize
marginalizes	marginalize
marguerites	marguerite
marigolds	marigold
marinas	marina
marinades	marinade
marinading	marinade
marinaded	marinade
marinating	marinate
marinates	marinate
marines	marine
mariners	mariner
maritimes	maritime
markers	marker
markets	market
marketed	market
marketeers	marketeer
marketers	marketer
marketplaces	marketplace
markings	marking
marksmen	marksman
markups	markup
marmalades	marmalade
marooned	maroon
maroons	maroon
marooning	maroon
marquees	marquee
marquesses	marquess
marriages	marriage
marrows	marrow
marrying	marry
marries	marry
marshes	marsh
marshalled	marshal
marshals	marshal
marshalling	marshal
marshalls	marshall
marshmallows	marshmallow
martialled	martial
martials	martial
martians	martian
martins	martin
martinis	martini
martyrs	martyr
martyred	martyr
martyring	martyr
martyrdoms	martyrdom
marvelled	marvel
marvels	marvel
marvelling	marvel
marxisms	marxism
marxists	marxist
mascaras	mascara
mascots	mascot
masculines	masculine
masculinities	masculinity
mashing	mash
mashes	mash
masks	mask
masons	mason
masonries	masonry
masquerading	masquerade
masquerades	masquerade
masqueraded	masquerade
masses	mass
massing	mass
mass-producing	mass-produce
mass-produced	mass-produce
mass-produces	mass-produce
massacres	massacre
massacring	massacre
massacred	massacre
massaging	massage
massaged	massage
massages	massage
masts	mast
masted	mast
masters	master
mastered	master
mastering	master
masterminded	mastermind
masterminding	mastermind
masterminds	mastermind
masterpieces	masterpiece
masturbating	masturbate
masturbated	masturbate
masturbates	masturbate
mats	mat
matted	mat
matting	mat
matches	match
matchings	matching
mates	mate
mated	mate
maters	mater
materials	material
materialised	materialise
materialises	materialise
materialising	materialise
materialists	materialist
materialized	materialize
materializing	materialize
materializes	materialize
maternities	maternity
mathematicians	mathematician
matinees	matinee
matings	mating
matriarchs	matriarch
matrices	matrix
matrons	matron
matts	matt
mattes	matte
matters	matter
mattered	matter
mattresses	mattress
maturations	maturation
matures	mature
matured	mature
maturing	mature
maturer	mature
maturities	maturity
mauled	maul
mauls	maul
mauling	maul
mausoleums	mausoleum
mauves	mauve
mavericks	maverick
maxims	maxim
maximising	maximise
maximised	maximise
maximises	maximise
maximizing	maximize
maximizes	maximize
maximized	maximize
maxima	maximum
mayas	maya
mayans	mayan
mayhews	mayhew
mayonnaises	mayonnaise
mayors	mayor
mazes	maze
mazing	maze
mazed	maze
mbs	mb
mbest	mb
mbas	mba
mcs	mc
mds	md
mes	me
meads	mead
meadows	meadow
meals	meal
meandered	meander
meanders	meander
meandering	meander
meanings	meaning
meannesses	meanness
measures	measure
measurements	measurement
meats	meat
meatballs	meatball
meatier	meaty
meccas	mecca
mechanics	mechanic
mechanicals	mechanical
mechanisms	mechanism
mechanized	mechanize
mechanizing	mechanize
mechanizes	mechanize
medals	medal
medalists	medalist
medallions	medallion
medallists	medallist
meddling	meddle
meddled	meddle
meddles	meddle
medians	median
mediated	mediate
mediating	mediate
mediates	mediate
mediations	mediation
mediators	mediator
medics	medic
medicals	medical
medications	medication
medicines	medicine
mediocres	mediocre
mediocrities	mediocrity
meditating	meditate
meditated	meditate
meditates	meditate
meditations	meditation
mediums	medium
medleys	medley
meekest	meek
meeker	meek
meets	meet
meetings	meeting
megs	meg
megas	mega
megabytes	megabyte
megawatts	megawatt
melanomas	melanoma
melded	meld
melding	meld
melds	meld
melees	melee
mellowed	mellow
mellower	mellow
mellowing	mellow
mellows	mellow
melodramas	melodrama
melodies	melody
melons	melon
melts	melt
members	member
memberships	membership
membranes	membrane
mementoes	memento
memos	memo
memoirs	memoir
memoranda	memorandum
memorials	memorial
memorialized	memorialize
memorializing	memorialize
memorializes	memorialize
memorised	memorise
memorising	memorise
memorises	memorise
memorizing	memorize
memorized	memorize
memorizes	memorize
memories	memory
menaces	menace
menaced	menace
mending	mend
mended	mend
mends	mend
menials	menial
menstruating	menstruate
menstruates	menstruate
menstruated	menstruate
mentalities	mentality
mentioned	mention
mentioning	mention
mentions	mention
mentors	mentor
mentored	mentor
menus	menu
meps	mep
mercenaries	mercenary
mercers	mercer
merchandised	merchandise
merchants	merchant
merchanting	merchant
mercurials	mercurial
mercies	mercy
merest	mere
meres	mere
merged	merge
merges	merge
mergers	merger
meringues	meringue
merits	merit
merited	merit
meriting	merit
merlins	merlin
mermaids	mermaid
merovingians	merovingian
merrier	merry
merriest	merry
mesas	mesa
meshes	mesh
meshed	mesh
meshing	mesh
meshs	mesh
mesmerized	mesmerize
mesmerizing	mesmerize
mesmerizes	mesmerize
messing	mess
messed	mess
messes	mess
messages	message
messaged	message
messengers	messenger
messiahs	messiah
messier	messy
mestizos	mestizo
mets	met
metabolisms	metabolism
metals	metal
metaling	metal
metaled	metal
metallics	metallic
metaphors	metaphor
metaphysicals	metaphysical
meted	mete
meting	mete
metes	mete
meteors	meteor
meteorites	meteorite
meteorologists	meteorologist
meters	meter
metered	meter
metering	meter
meths	meth
methanes	methane
methods	method
methodists	methodist
methodologies	methodology
metres	metre
metrics	metric
metros	metro
metropolises	metropolis
metropolitans	metropolitan
mexicans	mexican
mgs	mg
mias	mia
mickeys	mickey
micros	micro
micro-organisms	micro-organism
microbes	microbe
microbiologists	microbiologist
microchips	microchip
microcomputers	microcomputer
microcosms	microcosm
microns	micron
microorganisms	microorganism
microphones	microphone
microprocessors	microprocessor
microscopes	microscope
microscoping	microscope
microsystems	microsystem
microwaves	microwave
microwaved	microwave
microwaving	microwave
mids	mid
middles	middle
middling	middle
middled	middle
middlemen	middleman
midfields	midfield
midfielders	midfielder
midgets	midget
midnights	midnight
midpoints	midpoint
midsections	midsection
midsummers	midsummer
midways	midway
mightiest	mighty
mightier	mighty
migraines	migraine
migrants	migrant
migrating	migrate
migrated	migrate
migrates	migrate
migrations	migration
mikes	mike
mils	mil
milder	mild
mildest	mild
milds	mild
mildewed	mildew
mildews	mildew
mildewing	mildew
mileages	mileage
milestones	milestone
milieus	milieu
militants	militant
militates	militate
militated	militate
militating	militate
militias	militia
militiamen	militiaman
milked	milk
milks	milk
milkings	milking
milkmen	milkman
milled	mill
millenniums	millennium
millers	miller
millets	millet
milligrams	milligram
millimetres	millimetre
millings	milling
millionaires	millionaire
millionths	millionth
milliseconds	millisecond
miming	mime
mimed	mime
mimes	mime
mimics	mimic
mimicking	mimic
mimicked	mimic
mimicks	mimick
mins	min
mincing	mince
minces	mince
minds	mind
minded	mind
minding	mind
minders	minder
mines	mine
mined	mine
minefields	minefield
miners	miner
minerals	mineral
mingled	mingle
mingling	mingle
mingles	mingle
minis	mini
miniatures	miniature
minimalists	minimalist
minimising	minimise
minimised	minimise
minimises	minimise
minimizing	minimize
minimized	minimize
minimizes	minimize
minima	minimum
ministers	minister
ministering	minister
ministered	minister
ministries	ministry
minivans	minivan
minks	mink
minnows	minnow
minoans	minoan
minors	minor
minorities	minority
minsters	minster
minstrels	minstrel
mints	mint
minted	mint
minting	mint
minuses	minus
minuscules	minuscule
minutes	minute
minutiae	minutia
miracles	miracle
mirages	mirage
mires	mire
mired	mire
miring	mire
mirrors	mirror
mirroring	mirror
misbehaving	misbehave
misbehaved	misbehave
misbehaves	misbehave
miscalculated	miscalculate
miscalculating	miscalculate
miscalculates	miscalculate
miscalculations	miscalculation
miscarriages	miscarriage
mischiefs	mischief
mischiefing	mischief
misconceptions	misconception
misconducted	misconduct
misconducts	misconduct
misconducting	misconduct
misdeeds	misdeed
misdemeanors	misdemeanor
misdemeanours	misdemeanour
miseries	misery
misfits	misfit
misfitting	misfit
misfortunes	misfortune
misgivings	misgiving
mishandling	mishandle
mishandled	mishandle
mishandles	mishandle
mishaps	mishap
misinformations	misinformation
misinterpreted	misinterpret
misinterprets	misinterpret
misinterpreting	misinterpret
misinterpretations	misinterpretation
misjudged	misjudge
misjudging	misjudge
misjudges	misjudge
misled	mislead
misleads	mislead
mismatches	mismatch
mismatching	mismatch
mismatched	mismatch
misnomers	misnomer
misperceptions	misperception
misplaces	misplace
misplacing	misplace
misreading	misread
misreads	misread
misrepresented	misrepresent
misrepresenting	misrepresent
misrepresents	misrepresent
misrepresentations	misrepresentation
misses	miss
missiles	missile
missions	mission
missionaries	missionary
misstated	misstate
misstating	misstate
misstates	misstate
mists	mist
misted	mist
misting	mist
mistakes	mistake
mistaking	mistake
mistook	mistake
mistreated	mistreat
mistreating	mistreat
mistreats	mistreat
mistresses	mistress
mistrusted	mistrust
mistrusting	mistrust
mistrusts	mistrust
mistier	misty
misunderstands	misunderstand
misunderstandings	misunderstanding
misused	misuse
misusing	misuse
misuses	misuse
mitched	mitch
mites	mite
mitigated	mitigate
mitigates	mitigate
mitts	mitt
mittens	mitten
mittened	mitten
mixes	mix
mixers	mixer
mixings	mixing
mixtures	mixture
mls	ml
mos	mo
moaned	moan
moaning	moan
moans	moan
moats	moat
mobs	mob
mobbed	mob
mobbing	mob
mobiles	mobile
mobilised	mobilise
mobilising	mobilise
mobilises	mobilise
mobilities	mobility
mobilizations	mobilization
mobilized	mobilize
mobilizing	mobilize
mobilizes	mobilize
mobsters	mobster
moccasins	moccasin
mocked	mock
mocks	mock
mockeries	mockery
mockings	mocking
mods	mod
modded	mod
modding	mod
modals	modal
modalities	modality
modes	mode
models	model
modelled	model
modems	modem
moderates	moderate
moderated	moderate
moderating	moderate
moderations	moderation
moderators	moderator
moderns	modern
modernisations	modernisation
modernised	modernise
modernising	modernise
modernises	modernise
modernisms	modernism
modernists	modernist
modernities	modernity
modernizations	modernization
modernizing	modernize
modernized	modernize
modernizes	modernize
modesties	modesty
modifications	modification
modifying	modify
modifies	modify
modulated	modulate
modulating	modulate
modulates	modulate
modulations	modulation
modules	module
moduli	modulus
moguls	mogul
moister	moist
moistened	moisten
moistening	moisten
moistens	moisten
moisturized	moisturize
moisturizing	moisturize
moisturizes	moisturize
moisturizers	moisturizer
molars	molar
molds	mold
moles	mole
molecules	molecule
molested	molest
molesting	molest
molests	molest
molestations	molestation
molesters	molester
molluscs	mollusc
mollies	molly
mollied	molly
moms	mom
moments	moment
mommies	mommy
mons	mon
monarchs	monarch
monarchies	monarchy
monasteries	monastery
monastics	monastic
mondays	monday
mondes	monde
monetarists	monetarist
moneys	money
mongrels	mongrel
monikered	moniker
monitored	monitor
monitors	monitor
monitorings	monitoring
monks	monk
monkeys	monkey
monkeying	monkey
monkeyed	monkey
monochromes	monochrome
monochromed	monochrome
monoclonals	monoclonal
monographs	monograph
monoliths	monolith
monologues	monologue
monologuing	monologue
monopolised	monopolise
monopolising	monopolise
monopolises	monopolise
monopolized	monopolize
monopolizes	monopolize
monopolizing	monopolize
monopolies	monopoly
monotones	monotone
monotonies	monotony
monoxided	monoxide
monsoons	monsoon
monsters	monster
monstrosities	monstrosity
montages	montage
months	month
monthlies	monthly
monuments	monument
monies	mony
moods	mood
moodier	moody
moodys	moody
moodiest	moody
moons	moon
mooning	moon
mooned	moon
moonlighting	moonlight
moonlighted	moonlight
moonlights	moonlight
moors	moor
moored	moor
moorings	mooring
moorlands	moorland
mooses	moose
mooted	moot
moots	moot
mooting	moot
mooter	moot
mopping	mop
mopped	mop
mops	mop
morals	moral
morales	morale
moralities	morality
morans	moran
morasses	morass
moratoriums	moratorium
morays	moray
morbids	morbid
morgues	morgue
mormons	mormon
mornings	morning
moroccans	moroccan
moroccos	morocco
morons	moron
morphs	morph
morphing	morph
morphed	morph
morphologies	morphology
morsels	morsel
mortals	mortal
mortalities	mortality
mortars	mortar
mortaring	mortar
mortared	mortar
mortgages	mortgage
mortgaged	mortgage
mortgaging	mortgage
mortgagees	mortgagee
mortified	mortify
mortifies	mortify
mortifying	mortify
mortimers	mortimer
mortuaries	mortuary
mosaics	mosaic
moslems	moslem
mosques	mosque
mosquitos	mosquito
mosses	moss
mossies	mossy
motels	motel
moths	moth
mothers	mother
mothering	mother
mothered	mother
mother-in-laws	mother-in-law
motherboards	motherboard
motherfuckers	motherfucker
motherhoods	motherhood
motherlands	motherland
motifs	motif
motilities	motility
motions	motion
motioned	motion
motioning	motion
motivates	motivate
motivations	motivation
motivators	motivator
motives	motive
motleyed	motley
motlier	motley
motliest	motley
motleys	motley
motors	motor
motored	motor
motorbikes	motorbike
motorbiking	motorbike
motorcades	motorcade
motorcaded	motorcade
motorcycles	motorcycle
motorcycling	motorcycle
motorcycled	motorcycle
motorists	motorist
motorways	motorway
mottos	motto
moulds	mould
mouldings	moulding
moulting	moult
moults	moult
moulted	moult
mounds	mound
mounding	mound
mounded	mound
mounts	mount
mountains	mountain
mountainsides	mountainside
mountaintops	mountaintop
mountings	mounting
mourned	mourn
mourns	mourn
mourners	mourner
mournings	mourning
mice	mouse
mousing	mouse
moused	mouse
mouses	mouse
moussing	mousse
moussed	mousse
mousses	mousse
moustaches	moustache
mouths	mouth
mouthed	mouth
mouthing	mouth
mouthfuls	mouthful
mouthpieces	mouthpiece
movables	movable
moved	move
moves	move
movements	movement
movers	mover
movies	movie
moviegoers	moviegoer
mowing	mow
mowed	mow
mows	mow
mowers	mower
mrnas	mrna
mscs	msc
mus	mu
mucking	muck
mucked	muck
mucks	muck
mucosae	mucosa
muds	mud
mudding	mud
mudded	mud
muddling	muddle
muddles	muddle
muddied	muddy
muddies	muddy
muddying	muddy
muddier	muddy
muddiest	muddy
muffins	muffin
muffling	muffle
muffles	muffle
mufflers	muffler
muftis	mufti
mugs	mug
mugged	mug
mugging	mug
muggers	mugger
muirs	muir
mulberries	mulberry
mulches	mulch
mulching	mulch
mulched	mulch
mules	mule
mulling	mull
mulled	mull
mulls	mull
mullets	mullet
multiculturalisms	multiculturalism
multilaterals	multilateral
multinationals	multinational
multiples	multiple
multiplications	multiplication
multiplicities	multiplicity
multipliers	multiplier
multiplied	multiply
multiplying	multiply
multiplies	multiply
multitudes	multitude
mums	mum
mumbled	mumble
mumbling	mumble
mumbles	mumble
mummies	mummy
munching	munch
munched	munch
munches	munch
municipals	municipal
municipalities	municipality
munitioning	munition
munitioned	munition
murals	mural
murders	murder
murdering	murder
murderers	murderer
murkiest	murky
murkier	murky
murmured	murmur
murmuring	murmur
murmurs	murmur
muscles	muscle
muscled	muscle
muscling	muscle
mused	muse
muses	muse
museums	museum
mushed	mush
mushes	mush
mushing	mush
mushrooms	mushroom
mushroomed	mushroom
mushrooming	mushroom
mushies	mushy
musics	music
musicals	musical
musicians	musician
musings	musing
muskets	musket
muslims	muslim
muslins	muslin
mustards	mustard
mustarded	mustard
mustered	muster
mustering	muster
musters	muster
mustiest	musty
mutants	mutant
mutated	mutate
mutates	mutate
mutating	mutate
mutations	mutation
mutes	mute
muting	mute
mutilating	mutilate
mutilates	mutilate
mutilations	mutilation
mutinies	mutiny
mutinied	mutiny
mutinying	mutiny
mutts	mutt
muttered	mutter
muttering	mutter
mutters	mutter
muttons	mutton
mutuals	mutual
muzzles	muzzle
muzzled	muzzle
muzzling	muzzle
mws	mw
myriads	myriad
myrtles	myrtle
mysteries	mystery
mystics	mystic
mystifying	mystify
mystifies	mystify
mystiques	mystique
myths	myth
mythologies	mythology
nabbed	nab
nabs	nab
nabbing	nab
nadirs	nadir
nagged	nag
nags	nag
naggings	nagging
nails	nail
nailed	nail
nailing	nail
naiveties	naivety
names	name
namesakes	namesake
namings	naming
nans	nan
nanning	nan
nanas	nana
nannies	nanny
nannying	nanny
nannied	nanny
napping	nap
naps	nap
napped	nap
napes	nape
napkins	napkin
nappies	nappy
narcotics	narcotic
narrated	narrate
narrates	narrate
narrating	narrate
narrations	narration
narratives	narrative
narrators	narrator
narrower	narrow
narrowed	narrow
narrows	narrow
narrowest	narrow
narrowings	narrowing
nasals	nasal
nasties	nasty
nastier	nasty
nastiest	nasty
natter	nat
nations	nation
nationals	national
nationalisations	nationalisation
nationalisms	nationalism
nationalists	nationalist
nationalities	nationality
nationalizations	nationalization
nationalizing	nationalize
nationalizes	nationalize
natives	native
naturalists	naturalist
naturalizations	naturalization
natures	nature
naughtiest	naughty
naughtier	naughty
naughties	naughty
navajos	navajo
naves	nave
navels	navel
navigating	navigate
navigated	navigate
navigates	navigate
navigations	navigation
navigators	navigator
navies	navy
naysayers	naysayer
nazis	nazi
nes	ne
nearing	near
neared	near
nears	near
neater	neat
neatest	neat
nebulae	nebula
necessaries	necessary
necessitated	necessitate
necessitates	necessitate
necessitating	necessitate
necessities	necessity
necks	neck
necking	neck
necked	neck
necklaces	necklace
necklaced	necklace
necklacing	necklace
necklines	neckline
nectars	nectar
neds	ned
needs	need
needed	need
needing	need
needles	needle
needling	needle
needled	needle
neediest	needy
negated	negate
negates	negate
negating	negate
negations	negation
negatives	negative
negatived	negative
negativing	negative
neglecting	neglect
neglects	neglect
negligenter	negligent
negotiates	negotiate
negotiations	negotiation
negotiators	negotiator
negros	negro
neighbors	neighbor
neighbored	neighbor
neighborhoods	neighborhood
neighbours	neighbour
neighboured	neighbour
neighbourhoods	neighbourhood
neoliberals	neoliberal
neons	neon
neophytes	neophyte
nephews	nephew
nerds	nerd
nerves	nerve
nerved	nerve
nerving	nerve
nesses	ness
nests	nest
nested	nest
nestings	nesting
nestling	nestle
nestled	nestle
nestles	nestle
nets	net
netted	net
nethers	nether
nettings	netting
nettles	nettle
nettled	nettle
nettling	nettle
networks	network
neurologists	neurologist
neurons	neuron
neurones	neurone
neurosciences	neuroscience
neuroscientists	neuroscientist
neuroses	neurosis
neurosurgeons	neurosurgeon
neurotics	neurotic
neurotransmitters	neurotransmitter
neutrals	neutral
neutralisations	neutralisation
neutralised	neutralise
neutralising	neutralise
neutralises	neutralise
neutralized	neutralize
neutralizing	neutralize
neutralizes	neutralize
neutrinos	neutrino
neutrons	neutron
neutrophils	neutrophil
newer	new
newest	new
newborns	newborn
newcomers	newcomer
newlyweds	newlywed
newsagents	newsagent
newscasts	newscast
newscasters	newscaster
newsletters	newsletter
newsmen	newsman
newsomes	newsome
newspapers	newspaper
newsreels	newsreel
newsrooms	newsroom
newsstands	newsstand
newtons	newton
newtonians	newtonian
nibbling	nibble
nibbled	nibble
nibbles	nibble
nicaraguans	nicaraguan
nicer	nice
nicest	nice
niceties	nicety
niches	nich
niched	nich
nicked	nick
nicking	nick
nicks	nick
nickels	nickel
nickelling	nickel
nickelled	nickel
nicknamed	nickname
nicknames	nickname
nicknaming	nickname
nicols	nicol
nicotined	nicotine
nieces	niece
niftiest	nifty
nigerians	nigerian
niggers	nigger
nights	night
night-times	night-time
nightclubs	nightclub
nightclubbing	nightclub
nightdresses	nightdress
nightgowns	nightgown
nightingales	nightingale
nightmares	nightmare
nils	nil
nimbled	nimble
nipped	nip
nipping	nip
nips	nip
nipples	nipple
nippled	nipple
nirvanas	nirvana
nitrates	nitrate
nitrating	nitrate
nitrated	nitrate
nitrogens	nitrogen
nixed	nix
nixes	nix
nobilities	nobility
nobles	noble
noblemen	nobleman
nobodies	nobody
nocturnals	nocturnal
nodded	nod
nodding	nod
nods	nod
nodes	node
noded	node
noises	noise
noising	noise
noised	noise
noisier	noisy
noisiest	noisy
nomads	nomad
nomes	nome
nominals	nominal
nominating	nominate
nominates	nominate
nominations	nomination
nominees	nominee
non-existents	non-existent
non-smokers	non-smoker
non-whites	non-white
nonconformists	nonconformist
nondescripts	nondescript
nonmembers	nonmember
nonsenses	nonsense
nonstops	nonstop
noodles	noodle
noodling	noodle
noodled	noodle
nooks	nook
noons	noon
nooses	noose
noosed	noose
noosing	noose
nordics	nordic
norms	norm
normals	normal
normalities	normality
normalized	normalize
normalizing	normalize
normalizes	normalize
normans	norman
northumbrians	northumbrian
norways	norway
norwegians	norwegian
noses	nose
nosing	nose
nosed	nose
nostalgias	nostalgia
nostrils	nostril
nostrilling	nostril
notables	notable
notations	notation
notched	notch
notching	notch
notches	notch
notes	note
noting	note
notebooks	notebook
notepads	notepad
notepapers	notepaper
noticed	notice
noticing	notice
notices	notice
notifications	notification
notified	notify
notifying	notify
notifies	notify
notions	notion
noughts	nought
nouns	noun
nourished	nourish
nourishes	nourish
nourishing	nourish
novas	nova
novels	novel
novelists	novelist
novellas	novella
novelties	novelty
novices	novice
nozzles	nozzle
nus	nu
nuer	nu
nuances	nuance
nuancing	nuance
nucleotides	nucleotide
nuclei	nucleus
nudes	nude
nuder	nude
nudged	nudge
nudging	nudge
nudges	nudge
nuggets	nugget
nuisances	nuisance
nukes	nuke
nuked	nuke
nuking	nuke
nulling	null
nulled	null
nulls	null
nullified	nullify
nullifying	nullify
nullifies	nullify
numbed	numb
numbing	numb
numbs	numb
numbers	number
numbering	number
numerals	numeral
numerics	numeric
nuns	nun
nurses	nurse
nursed	nurse
nurseries	nursery
nurtured	nurture
nurtures	nurture
nutting	nut
nutted	nut
nutmegs	nutmeg
nutmegged	nutmeg
nutrients	nutrient
nutritionists	nutritionist
nutshells	nutshell
nutties	nutty
nuzzled	nuzzle
nuzzling	nuzzle
nuzzles	nuzzle
nvqs	nvq
nylons	nylon
nymphs	nymph
oaks	oak
oars	oar
oases	oasis
oaths	oath
obes	obe
obediences	obedience
obeyed	obey
obeying	obey
obeys	obey
obituaries	obituary
objects	object
objected	object
objecting	object
objections	objection
objectives	objective
objectivities	objectivity
objectors	objector
obligated	obligate
obligating	obligate
obligates	obligate
obligations	obligation
obliges	oblige
obliques	oblique
obliterated	obliterate
obliterating	obliterate
obliterates	obliterate
oblivions	oblivion
oboes	oboe
obscenities	obscenity
obscured	obscure
obscures	obscure
obscuring	obscure
obscurer	obscure
obscurities	obscurity
observables	observable
observances	observance
observations	observation
observatories	observatory
observing	observe
observes	observe
observers	observer
obsesses	obsess
obsessing	obsess
obsessions	obsession
obsessives	obsessive
obsoleted	obsolete
obsoleting	obsolete
obstacles	obstacle
obstetricians	obstetrician
obstructing	obstruct
obstructed	obstruct
obstructs	obstruct
obstructions	obstruction
obtained	obtain
obtaining	obtain
obtains	obtain
obviates	obviate
obviating	obviate
obviated	obviate
occasions	occasion
occasioned	occasion
occasioning	occasion
occulting	occult
occulted	occult
occults	occult
occupancies	occupancy
occupants	occupant
occupations	occupation
occupiers	occupier
occupies	occupy
occurs	occur
occurred	occur
occurring	occur
occurrences	occurrence
oceans	ocean
oceanics	oceanic
ochs	och
octaves	octave
oddballs	oddball
oddities	oddity
odes	ode
odors	odor
odours	odour
odysseys	odyssey
oemed	oem
oeming	oem
oestrogens	oestrogen
oeuvres	oeuvre
offing	off
offed	off
offs	off
offences	offence
offended	offend
offends	offend
offenders	offender
offenses	offense
offensives	offensive
offers	offer
offerings	offering
offerors	offeror
offices	office
officers	officer
officering	officer
officered	officer
officials	official
officiating	officiate
officiated	officiate
officiates	officiate
offlined	offline
offlining	offline
offlines	offline
offsets	offset
offsetting	offset
offshoots	offshoot
offsides	offside
offsprings	offspring
oils	oil
oiled	oil
oiling	oil
oilfields	oilfield
oilies	oily
oilier	oily
oiliest	oily
ointments	ointment
okaying	okay
okayed	okay
okays	okay
older	old
oldest	old
olds	old
oligonucleotides	oligonucleotide
olives	olive
olympians	olympian
ombudsmen	ombudsman
omelettes	omelette
omens	omen
omening	omen
omened	omen
omissions	omission
omitted	omit
omitting	omit
omits	omit
oncologists	oncologist
ones	one
one-offs	one-off
one-pieces	one-piece
onions	onion
onlookers	onlooker
onslaughts	onslaught
ontos	onto
oohs	ooh
oozing	ooze
oozed	ooze
oozes	ooze
ops	op
opped	op
opaques	opaque
opaqued	opaque
opened	open
opens	open
opencasting	opencast
openers	opener
openings	opening
operas	opera
operands	operand
operated	operate
operates	operate
operatics	operatic
operations	operation
operationalized	operationalize
operationalizing	operationalize
operatives	operative
operators	operator
ophthalmologists	ophthalmologist
opiates	opiate
opined	opine
opines	opine
opining	opine
opinions	opinion
opioids	opioid
opponents	opponent
opportunists	opportunist
opportunities	opportunity
opposes	oppose
opposites	opposite
oppositions	opposition
oppressing	oppress
oppresses	oppress
oppressions	oppression
oppressors	oppressor
opting	opt
opted	opt
opts	opt
opt-outs	opt-out
opticals	optical
opticians	optician
optimised	optimise
optimising	optimise
optimises	optimise
optimists	optimist
optimized	optimize
optimizing	optimize
optimizes	optimize
options	option
oracles	oracle
orals	oral
oranges	orange
orators	orator
oratories	oratory
orbs	orb
orbing	orb
orbed	orb
orbits	orbit
orbiting	orbit
orbited	orbit
orbitals	orbital
orbiters	orbiter
orchards	orchard
orchestras	orchestra
orchestrated	orchestrate
orchestrating	orchestrate
orchestrates	orchestrate
orchids	orchid
ords	ord
ordaining	ordain
ordains	ordain
ordeals	ordeal
orders	order
orderings	ordering
orderlies	orderly
ordinances	ordinance
ordinaries	ordinary
ordinations	ordination
ordnances	ordnance
ores	ore
organs	organ
organics	organic
organisations	organisation
organising	organise
organises	organise
organisers	organiser
organisms	organism
organists	organist
organizations	organization
organizes	organize
organizers	organizer
orgasms	orgasm
orgasmed	orgasm
orgies	orgy
orienting	orient
orients	orient
orientals	oriental
orientated	orientate
orientating	orientate
orientates	orientate
orientations	orientation
origins	origin
originals	original
originalities	originality
originated	originate
originating	originate
originates	originate
originators	originator
ornaments	ornament
ornamented	ornament
ornamenting	ornament
ornamentals	ornamental
orphans	orphan
orphaning	orphan
orphanages	orphanage
orthodoxies	orthodoxy
orthopaedics	orthopaedic
orthopedics	orthopedic
oscars	oscar
oscillates	oscillate
oscillating	oscillate
oscillated	oscillate
oscillations	oscillation
ostracized	ostracize
ostracizing	ostracize
ostracizes	ostracize
ostriches	ostrich
otters	otter
ottomans	ottoman
ouches	ouch
ounces	ounce
ousted	oust
ousting	oust
ousts	oust
ousters	ouster
outed	out
outs	out
outages	outage
outboards	outboard
outbreaks	outbreak
outbuildings	outbuilding
outbursts	outburst
outcasts	outcast
outcomes	outcome
outcrops	outcrop
outcropped	outcrop
outcroppings	outcropping
outcries	outcry
outcrying	outcry
outcried	outcry
outdoing	outdo
outdid	outdo
outdoes	outdo
outdone	outdo
outers	outer
outfields	outfield
outfielders	outfielder
outfits	outfit
outfitting	outfit
outfitted	outfit
outfitters	outfitter
outflows	outflow
outflowing	outflow
outgoings	outgoing
outgrown	outgrow
outgrowing	outgrow
outgrows	outgrow
outgrew	outgrow
outgrowths	outgrowth
outhouses	outhouse
outhoused	outhouse
outings	outing
outlasted	outlast
outlasts	outlast
outlasting	outlast
outlawed	outlaw
outlaws	outlaw
outlawing	outlaw
outlays	outlay
outlaid	outlay
outlets	outlet
outlined	outline
outlines	outline
outlining	outline
outlived	outlive
outlives	outlive
outliving	outlive
outlooks	outlook
outnumbered	outnumber
outnumbering	outnumber
outnumbers	outnumber
outpaced	outpace
outpacing	outpace
outpaces	outpace
outpatients	outpatient
outperformed	outperform
outperforms	outperform
outperforming	outperform
outposts	outpost
outposted	outpost
outpourings	outpouring
outputs	output
outputting	output
outrages	outrage
outraging	outrage
outreaching	outreach
outreaches	outreach
outreached	outreach
outrights	outright
outrunning	outrun
outruns	outrun
outran	outrun
outscored	outscore
outscoring	outscore
outscores	outscore
outsiders	outsider
outsourcing	outsource
outsourced	outsource
outsources	outsource
outstripped	outstrip
outstrips	outstrip
outstripping	outstrip
outweighed	outweigh
outweighs	outweigh
outweighing	outweigh
outwitted	outwit
outwitting	outwit
outwits	outwit
ovals	oval
ovaries	ovary
ovations	ovation
ovens	oven
overs	over
overalls	overall
overcasting	overcast
overcasts	overcast
overcharging	overcharge
overcharged	overcharge
overcharges	overcharge
overcoats	overcoat
overcoated	overcoat
overcoming	overcome
overcame	overcome
overcomes	overcome
overcrowds	overcrowd
overdoing	overdo
overdone	overdo
overdid	overdo
overdoes	overdo
overdoses	overdose
overdosing	overdose
overdosed	overdose
overdrafts	overdraft
overdriving	overdrive
overdrove	overdrive
overdrives	overdrive
overdriven	overdrive
overdues	overdue
overeating	overeat
overeats	overeat
overate	overeat
overeaten	overeat
overestimated	overestimate
overestimating	overestimate
overestimates	overestimate
overflowing	overflow
overflowed	overflow
overflows	overflow
overgrowing	overgrow
overgrew	overgrow
overgrows	overgrow
overhangs	overhang
overhung	overhang
overhauled	overhaul
overhauling	overhaul
overhauls	overhaul
overheard	overhear
overhearing	overhear
overhears	overhear
overheats	overheat
overlaps	overlap
overlapped	overlap
overlaid	overlay
overlaying	overlay
overlays	overlay
overloading	overload
overloaded	overload
overloads	overload
overlooking	overlook
overlooked	overlook
overlooks	overlook
overlords	overlord
overlies	overly
overnights	overnight
overpowered	overpower
overpowers	overpower
overreacting	overreact
overreacted	overreact
overreacts	overreact
overrides	override
overrode	override
overridden	override
overridings	overriding
overruled	overrule
overruling	overrule
overrules	overrule
overrunning	overrun
overruns	overrun
overran	overrun
overseeing	oversee
oversees	oversee
oversaw	oversee
overseers	overseer
overshadowed	overshadow
overshadows	overshadow
overshadowing	overshadow
oversights	oversight
oversighted	oversight
overstated	overstate
overstates	overstate
overstating	overstate
overstepped	overstep
overstepping	overstep
oversteps	overstep
overtaken	overtake
overtook	overtake
overtaking	overtake
overtakes	overtake
overthrown	overthrow
overthrowing	overthrow
overthrows	overthrow
overthrew	overthrow
overtones	overtone
overtures	overture
overturned	overturn
overturning	overturn
overturns	overturn
overused	overuse
overusing	overuse
overuses	overuse
overvalued	overvalue
overvalues	overvalue
overvaluing	overvalue
overviews	overview
overviewing	overview
overviewed	overview
overweights	overweight
overweighted	overweight
overwhelms	overwhelm
overworking	overwork
overworks	overwork
ovulating	ovulate
ovulated	ovulate
ovulates	ovulate
ows	ow
ower	ow
owed	owe
owes	owe
owings	owing
owls	owl
owned	own
owns	own
owning	own
owners	owner
ownerships	ownership
oxen	ox
oxer	ox
oxidations	oxidation
oxides	oxide
oxidized	oxidize
oxidizes	oxidize
oxidizing	oxidize
oxygens	oxygen
oysters	oyster
oystering	oyster
oystered	oyster
ozs	oz
paces	pace
pacing	pace
paced	pace
pacemakers	pacemaker
pacifists	pacifist
pacified	pacify
pacifying	pacify
pacifies	pacify
packs	pack
packages	package
packets	packet
packings	packing
pacts	pact
pads	pad
paddings	padding
paddling	paddle
paddled	paddle
paddles	paddle
paddocks	paddock
paddocked	paddock
paddies	paddy
padres	padre
pagans	pagan
pages	page
paging	page
paged	page
pageants	pageant
pagers	pager
pails	pail
pains	pain
paining	pain
painkillers	painkiller
paints	paint
paintbrushes	paintbrush
painters	painter
paintings	painting
pairs	pair
pairings	pairing
pakistanis	pakistani
pals	pal
palling	pal
palled	pal
palaces	palace
palaeozoics	palaeozoic
palates	palate
palatines	palatine
palazzos	palazzo
paler	pale
paled	pale
palest	pale
pales	pale
paling	pale
paleontologists	paleontologist
palestinians	palestinian
palettes	palette
palls	pall
pallets	pallet
palms	palm
palmed	palm
palming	palm
palsied	palsy
palsies	palsy
palsying	palsy
pampers	pamper
pampered	pamper
pampering	pamper
pamphlets	pamphlet
pans	pan
panned	pan
panning	pan
panaceas	panacea
panamas	panama
panamanians	panamanian
pancakes	pancake
pancaked	pancake
pandas	panda
pandemics	pandemic
pandering	pander
panders	pander
pandered	pander
panes	pane
panels	panel
panelists	panelist
panellings	panelling
pangs	pang
panicking	panic
panics	panic
panoramas	panorama
pansies	pansy
pansying	pansy
panting	pant
panted	pant
pantheons	pantheon
panthers	panther
pantomimes	pantomime
pantomimed	pantomime
pantomiming	pantomime
pantries	pantry
papas	papa
papayas	papaya
papers	paper
papered	paper
papering	paper
paperbacks	paperback
paperbacked	paperback
paperworks	paperwork
pars	par
parred	par
parring	par
paras	para
parables	parable
parachutes	parachute
parachuting	parachute
parachuted	parachute
parades	parade
parading	parade
paraded	parade
paradigms	paradigm
paradises	paradise
paradoxes	paradox
paraffins	paraffin
paragons	paragon
paragraphs	paragraph
paragraphing	paragraph
paragraphed	paragraph
parallels	parallel
paralleling	parallel
parallelled	parallel
parallelisms	parallelism
paralysing	paralyse
paralyses	paralyse
paralyzes	paralyze
paralyzing	paralyze
paramedics	paramedic
parameters	parameter
paramilitaries	paramilitary
paranoias	paranoia
paranoids	paranoid
parapets	parapet
paraphrased	paraphrase
paraphrases	paraphrase
paraphrasing	paraphrase
parasites	parasite
paratroopers	paratrooper
parcels	parcel
parcelled	parcel
parcelling	parcel
parchments	parchment
pardoned	pardon
pardons	pardon
pardoning	pardon
pared	pare
paring	pare
pares	pare
parents	parent
parentheses	parenthesis
pariahs	pariah
parietals	parietal
parishes	parish
parishioners	parishioner
parisians	parisian
parities	parity
parks	park
parkas	parka
parkers	parker
parklands	parkland
parkways	parkway
parlaying	parlay
parlayed	parlay
parlays	parlay
parliaments	parliament
parliamentarians	parliamentarian
parlors	parlor
parlours	parlour
parmas	parma
parmesans	parmesan
parochials	parochial
parodies	parody
parodied	parody
parodying	parody
paroled	parole
paroles	parole
paroling	parole
parrots	parrot
parroting	parrot
parroted	parrot
parried	parry
parrying	parry
parries	parry
parses	parse
parsed	parse
parsing	parse
parts	part
parted	part
partaking	partake
partakes	partake
partook	partake
partaken	partake
partials	partial
participants	participant
participated	participate
participates	participate
participations	participation
particles	particle
particularities	particularity
particulates	particulate
partings	parting
partisans	partisan
partisanships	partisanship
partitioned	partition
partitions	partition
partitioning	partition
partners	partner
partnering	partner
partnered	partner
partnerships	partnership
partridges	partridge
parties	party
partying	party
partied	party
pascals	pascal
passed	pass
passes	pass
passages	passage
passageways	passageway
passengers	passenger
passers	passer
passions	passion
passives	passive
passports	passport
passwords	password
pastas	pasta
pasted	paste
pastes	paste
pasting	paste
pastels	pastel
pastimes	pastime
pastors	pastor
pastorals	pastoral
pastries	pastry
pastures	pasture
pastured	pasture
pasturing	pasture
patted	pat
patting	pat
pats	pat
patches	patch
patched	patch
patching	patch
patchworks	patchwork
patchier	patchy
pates	pate
patents	patent
patenting	patent
paths	path
pathetics	pathetic
pathfinders	pathfinder
pathogens	pathogen
pathologicals	pathological
pathologists	pathologist
pathologies	pathology
pathways	pathway
patients	patient
patinas	patina
patios	patio
patriarchs	patriarch
patricians	patrician
patriots	patriot
patrols	patrol
patrolling	patrol
patrolled	patrol
patrolmen	patrolman
patrons	patron
patronages	patronage
patronised	patronise
patronises	patronise
patronized	patronize
patronizes	patronize
patsies	patsy
pattens	patten
pattered	patter
pattering	patter
patters	patter
patterns	pattern
patternings	patterning
patties	patty
paupers	pauper
paupered	pauper
paused	pause
pausing	pause
pauses	pause
paves	pave
pavements	pavement
pavilions	pavilion
pavings	paving
paws	paw
pawing	paw
pawed	paw
pawns	pawn
pawned	pawn
pawning	pawn
pays	pay
payables	payable
paybacks	payback
payers	payer
payloads	payload
paymasters	paymaster
payments	payment
payoffs	payoff
payouts	payout
payrolls	payroll
pcs	pc
pcbs	pcb
pdas	pda
pes	pe
peas	pea
peacekeepers	peacekeeper
peacemakers	peacemaker
peaches	peach
peaching	peach
peached	peach
peacocks	peacock
peacocking	peacock
peaks	peak
peaked	peak
peaking	peak
peanuts	peanut
pearls	pearl
pearling	pearl
pearled	pearl
pearliest	pearly
peasants	peasant
peasantries	peasantry
peats	peat
peating	peat
pebbles	pebble
pecans	pecan
pecked	peck
pecks	peck
peculiars	peculiar
peculiarities	peculiarity
pedagogies	pedagogy
pedals	pedal
pedalling	pedal
pedalled	pedal
peddling	peddle
peddled	peddle
peddles	peddle
peddlers	peddler
pedestals	pedestal
pedestrians	pedestrian
pediatricians	pediatrician
pedigrees	pedigree
peeing	pee
peed	pee
pees	pee
peeking	peek
peeked	peek
peeks	peek
peels	peel
peelings	peeling
peeping	peep
peeped	peep
peeps	peep
peers	peer
peered	peer
peering	peer
peerages	peerage
pegs	peg
pegged	peg
pegging	peg
pejoratives	pejorative
pelicans	pelican
pellets	pellet
pelted	pelt
pelting	pelt
pelts	pelt
pelvises	pelvis
pens	pen
penned	pen
penning	pen
penalised	penalise
penalising	penalise
penalises	penalise
penalized	penalize
penalizes	penalize
penalizing	penalize
penalties	penalty
penances	penance
pences	pence
penchants	penchant
pencils	pencil
pencilled	pencil
pencilling	pencil
pendants	pendant
pendulums	pendulum
penetrated	penetrate
penetrates	penetrate
penetrations	penetration
penguins	penguin
penicillins	penicillin
peninsulas	peninsula
pennants	pennant
pennies	penny
pensions	pension
pensioned	pension
pensioning	pension
pensioners	pensioner
pentagons	pentagon
pentecostals	pentecostal
penthouses	penthouse
peonies	peony
peoples	people
peopling	people
peopled	people
peps	pep
pepped	pep
pepping	pep
peppers	pepper
peppered	pepper
peppering	pepper
peppercorns	peppercorn
peppermints	peppermint
pepperminted	peppermint
pepsinogens	pepsinogen
peptides	peptide
pers	per
perceives	perceive
perceiving	perceive
percentages	percentage
percentiles	percentile
perceptions	perception
perched	perch
perching	perch
perches	perch
percolating	percolate
percolates	percolate
percolated	percolate
percussions	percussion
peregrines	peregrine
perennials	perennial
perfected	perfect
perfecting	perfect
perfects	perfect
perfections	perfection
perfectionists	perfectionist
perforations	perforation
performed	perform
performs	perform
performances	performance
performers	performer
perfumes	perfume
perfuming	perfume
perfusions	perfusion
perils	peril
periling	peril
periled	peril
perimeters	perimeter
periods	period
periodicals	periodical
peripherals	peripheral
peripheries	periphery
perished	perish
perishing	perish
perishes	perish
perjuries	perjury
perks	perk
perked	perk
perking	perk
perkier	perky
perms	perm
permed	perm
perming	perm
permeabilities	permeability
permeates	permeate
permeated	permeate
permeating	permeate
permissions	permission
permissives	permissive
permits	permit
permitting	permit
permutations	permutation
peroxides	peroxide
peroxiding	peroxide
peroxided	peroxide
perpetrated	perpetrate
perpetrating	perpetrate
perpetrates	perpetrate
perpetrators	perpetrator
perpetuals	perpetual
perpetuated	perpetuate
perpetuating	perpetuate
perpetuates	perpetuate
perpetuities	perpetuity
perplexes	perplex
perried	perry
perries	perry
persecuted	persecute
persecuting	persecute
persecutes	persecute
persecutions	persecution
persevered	persevere
perseveres	persevere
persevering	persevere
persians	persian
persisted	persist
persists	persist
persisting	persist
persons	person
personas	persona
personages	personage
personalities	personality
personalizing	personalize
personalizes	personalize
personifications	personification
personified	personify
personifies	personify
personifying	personify
perspectives	perspective
persuaded	persuade
persuading	persuade
persuades	persuade
persuasions	persuasion
pertains	pertain
pertained	pertain
perturbed	perturb
perturbs	perturb
perturbing	perturb
perturbations	perturbation
perusing	peruse
perused	peruse
peruses	peruse
peruvians	peruvian
pervades	pervade
pervaded	pervade
pervading	pervade
perversest	perverse
perversions	perversion
perverts	pervert
perverting	pervert
peskiest	pesky
pessimists	pessimist
pests	pest
pestering	pester
pestered	pester
pesters	pester
pesticides	pesticide
pets	pet
petting	pet
petted	pet
petals	petal
petalling	petal
petalled	petal
petered	peter
petites	petite
petitions	petition
petitioned	petition
petitioning	petition
petitioners	petitioner
petrochemicals	petrochemical
petrols	petrol
petticoats	petticoat
pettier	petty
pettys	petty
pettiest	petty
peugeots	peugeot
pews	pew
pewtered	pewter
phs	ph
phalanxes	phalanx
phantoms	phantom
pharaohs	pharaoh
pharmaceuticals	pharmaceutical
pharmacists	pharmacist
pharmacies	pharmacy
phases	phase
phased	phase
phasing	phase
phds	phd
pheasants	pheasant
phenomena	phenomenon
phenotypes	phenotype
pheromones	pheromone
philanthropists	philanthropist
philanthropies	philanthropy
philosophers	philosopher
philosophies	philosophy
phobias	phobia
phoenixes	phoenix
phoned	phone
phones	phone
phoning	phone
phone-ins	phone-in
phonemes	phoneme
phoneys	phoney
phonologies	phonology
phonies	phony
phoniest	phony
phosphates	phosphate
phosphating	phosphate
photos	photo
photocopiers	photocopier
photocopies	photocopy
photocopied	photocopy
photocopying	photocopy
photographs	photograph
photographed	photograph
photographing	photograph
photographers	photographer
photons	photon
photovoltaics	photovoltaic
phrases	phrase
phrased	phrase
phrasings	phrasing
physicians	physician
physicists	physicist
physiologists	physiologist
physiotherapists	physiotherapist
physiques	physique
pis	pi
pianists	pianist
pianos	piano
piazzas	piazza
pics	pic
picked	pick
picks	pick
pickers	picker
pickets	picket
picketted	picket
picketing	picket
picketed	picket
pickings	picking
pickles	pickle
pickling	pickle
pickups	pickup
picnicked	picnic
picnicking	picnic
picnics	picnic
pictorials	pictorial
pictures	picture
pictured	picture
picturing	picture
pies	pie
pieces	piece
piecing	piece
pieced	piece
pieds	pied
piers	pier
pierced	pierce
pierces	pierce
piercings	piercing
pieties	piety
pigs	pig
pigging	pig
pigged	pig
pigeons	pigeon
piggies	piggy
pigments	pigment
pigmenting	pigment
pikes	pike
piking	pike
piked	pike
piles	pile
piled	pile
piling	pile
pile-ups	pile-up
pilgrims	pilgrim
pilgrimages	pilgrimage
pills	pill
pillaged	pillage
pillaging	pillage
pillages	pillage
pillars	pillar
pillows	pillow
pillowed	pillow
pillowing	pillow
pillowcases	pillowcase
pilots	pilot
piloting	pilot
piloted	pilot
pimps	pimp
pimping	pimp
pimped	pimp
pimples	pimple
pins	pin
pinned	pin
pinning	pin
pinballs	pinball
pinching	pinch
pinches	pinch
pines	pine
pining	pine
pined	pine
pineapples	pineapple
pinging	ping
pings	ping
pinged	ping
pinks	pink
pinker	pink
pinking	pink
pinked	pink
pinkies	pinky
pinnacles	pinnacle
pinnacled	pinnacle
pinnacling	pinnacle
pinpoints	pinpoint
pinpointed	pinpoint
pinpointing	pinpoint
pints	pint
pioneers	pioneer
pioneered	pioneer
pips	pip
pipped	pip
pipping	pip
pipes	pipe
piped	pipe
pipelines	pipeline
pipelined	pipeline
pipelining	pipeline
pipers	piper
pipings	piping
piqued	pique
piques	pique
piquing	pique
piracies	piracy
pirates	pirate
pirated	pirate
pirating	pirate
pissing	piss
pisses	piss
pistachios	pistachio
pistols	pistol
pistons	piston
pistoned	piston
pistoning	piston
pits	pit
pitted	pit
pitting	pit
pitches	pitch
pitchers	pitcher
pitfalls	pitfall
pittances	pittance
pitied	pity
pitying	pity
pities	pity
pivots	pivot
pivoting	pivot
pivoted	pivot
pixels	pixel
pizzas	pizza
placards	placard
placarded	placard
placarding	placard
placating	placate
placated	placate
placates	placate
places	place
placed	place
placebos	placebo
placements	placement
placentas	placenta
plagiarisms	plagiarism
plagued	plague
plagues	plague
plaguing	plague
plaids	plaid
plains	plain
plainer	plain
plainest	plain
plaining	plain
plained	plain
plaintiffs	plaintiff
plaits	plait
plaited	plait
plaiting	plait
plans	plan
planes	plane
planing	plane
planed	plane
planets	planet
planetariums	planetarium
planetaries	planetary
planks	plank
planked	plank
planking	plank
planners	planner
plants	plant
plantains	plantain
plantations	plantation
planters	planter
plantings	planting
plaques	plaque
plasmas	plasma
plasmids	plasmid
plasters	plaster
plastering	plaster
plastics	plastic
plates	plate
plating	plate
plateaus	plateau
platelets	platelet
platforms	platform
platinums	platinum
platitudes	platitude
platonics	platonic
platoons	platoon
platters	platter
played	play
plays	play
play-offs	play-off
playbacks	playback
playbooks	playbook
playboys	playboy
players	player
playgrounds	playground
playgroups	playgroup
playhouses	playhouse
playings	playing
playmates	playmate
playoffs	playoff
playwrights	playwright
playwrighting	playwright
plazas	plaza
plcs	plc
pled	ple
ples	ple
pleas	plea
pleaded	plead
pleads	plead
pleadings	pleading
pleasanter	pleasant
pleasantest	pleasant
pleases	please
pleasures	pleasure
pleasuring	pleasure
pleats	pleat
pleating	pleat
plebiscites	plebiscite
pledged	pledge
pledges	pledge
pledging	pledge
plighted	plight
plighting	plight
plights	plight
plinths	plinth
plodding	plod
plodded	plod
plods	plod
plopped	plop
plopping	plop
plops	plop
plots	plot
plotting	plot
plotted	plot
plotters	plotter
ploughing	plough
ploughed	plough
ploughs	plough
plovers	plover
plowed	plow
plowing	plow
plows	plow
ploys	ploy
ployed	ploy
plucked	pluck
plucking	pluck
plucks	pluck
plugged	plug
plugs	plug
plugging	plug
plums	plum
plumages	plumage
plumaged	plumage
plumbed	plumb
plumbs	plumb
plumbers	plumber
plumbings	plumbing
plumes	plume
plumed	plume
plummers	plummer
plummets	plummet
plummetted	plummet
plummeting	plummet
plummeted	plummet
plumped	plump
plumping	plump
plumper	plump
plumps	plump
plumpest	plump
plundered	plunder
plundering	plunder
plunders	plunder
plunged	plunge
plunging	plunge
plunges	plunge
plungers	plunger
plunked	plunk
plunks	plunk
plunking	plunk
plurals	plural
pluralisms	pluralism
pluralists	pluralist
pluralities	plurality
pluses	plus
plusher	plush
plushest	plush
plying	ply
plied	ply
plies	ply
plywoods	plywood
pneumatics	pneumatic
pneumonias	pneumonia
pos	po
poing	po
poaching	poach
poached	poach
poaches	poach
poachers	poacher
pockets	pocket
pocketing	pocket
pocketed	pocket
pods	pod
podding	pod
podded	pod
podiums	podium
poems	poem
poets	poet
points	point
pointing	point
pointers	pointer
pointier	pointy
poising	poise
poises	poise
poisons	poison
poisonings	poisoning
poked	poke
poking	poke
pokes	poke
pokers	poker
pols	pol
polars	polar
polarities	polarity
polarizations	polarization
polarizing	polarize
polarizes	polarize
polaroids	polaroid
poles	pole
poling	pole
poled	pole
polemics	polemic
policed	police
polices	police
policemen	policeman
policewomen	policewoman
policies	policy
policyholders	policyholder
policymakers	policymaker
polios	polio
polishes	polish
politburos	politburo
politest	polite
politer	polite
politenesses	politeness
politicians	politician
politicizations	politicization
politicizing	politicize
politicizes	politicize
politicos	politico
polities	polity
polkas	polka
polkaing	polka
polkaed	polka
polls	poll
polled	poll
pollens	pollen
pollocks	pollock
pollsters	pollster
pollutants	pollutant
polluting	pollute
pollutes	pollute
polluters	polluter
pollutions	pollution
polos	polo
polys	poly
polyesters	polyester
polyethylenes	polyethylene
polygons	polygon
polygraphs	polygraph
polymers	polymer
polymerases	polymerase
polynomials	polynomial
polyps	polyp
polypeptides	polypeptide
polystyrenes	polystyrene
polytechnics	polytechnic
polyunsaturates	polyunsaturate
polyunsaturated	polyunsaturate
polyurethanes	polyurethane
pomegranates	pomegranate
pomps	pomp
ponces	ponce
poncing	ponce
ponchos	poncho
ponds	pond
pondered	ponder
pondering	ponder
ponders	ponder
ponting	pont
ponts	pont
ponies	pony
ponytails	ponytail
poos	poo
pooing	poo
poodles	poodle
poodling	poodle
poodled	poodle
pools	pool
pooling	pool
pooled	pool
poorer	poor
poorest	poor
popped	pop
popping	pop
pops	pop
pop-ups	pop-up
popes	pope
poplars	poplar
poppies	poppy
poppiest	poppy
populars	popular
popularized	popularize
popularizing	popularize
popularizes	popularize
populating	populate
populates	populate
populations	population
populisms	populism
populists	populist
porcelains	porcelain
porches	porch
porcupines	porcupine
porcupined	porcupine
pores	pore
poring	pore
pored	pore
porking	pork
porosities	porosity
porpoises	porpoise
porpoising	porpoise
porpoised	porpoise
porridges	porridge
ports	port
ported	port
porting	port
portables	portable
portals	portal
portended	portend
portends	portend
portending	portend
porters	porter
portfolios	portfolio
portholes	porthole
porticos	portico
portions	portion
portioned	portion
portioning	portion
portraits	portrait
portrayed	portray
portrays	portray
portraying	portray
portrayals	portrayal
posed	pose
poses	pose
posing	pose
posher	posh
poshest	posh
poshed	posh
posits	posit
posited	posit
positing	posit
positions	position
positioned	position
positionings	positioning
positives	positive
positivists	positivist
possesses	possess
possessing	possess
possessions	possession
possessives	possessive
possessors	possessor
possibilities	possibility
possums	possum
posts	post
posted	post
post-mortems	post-mortem
postages	postage
postals	postal
postcards	postcard
postdoctorals	postdoctoral
posters	poster
posteriors	posterior
postgraduates	postgraduate
postings	posting
postmen	postman
postmodernists	postmodernist
postponing	postpon
postponed	postpone
postpones	postpone
postponements	postponement
postscripts	postscript
postulated	postulate
postulates	postulate
postulating	postulate
postures	posture
postured	posture
posturings	posturing
pots	pot
potting	pot
potatoes	potato
potencies	potency
potentials	potential
potentialities	potentiality
potholes	pothole
potholing	pothole
potholed	pothole
potions	potion
potters	potter
pottering	potter
pottered	potter
potteries	pottery
potties	potty
pouches	pouch
pouched	pouch
pouching	pouch
poultries	poultry
pounced	pounce
pouncing	pounce
pounces	pounce
pounds	pound
pounded	pound
poundings	pounding
poured	pour
pours	pour
pouting	pout
pouted	pout
pouts	pout
pows	pow
powders	powder
powdering	powder
powers	power
powering	power
powerhouses	powerhouse
poxed	pox
pps	pp
prs	pr
pring	pr
prest	pr
practicals	practical
practicalities	practicality
practices	practice
practises	practise
practitioners	practitioner
pragmatists	pragmatist
praised	praise
praising	praise
praises	praise
prams	pram
prammed	pram
pranks	prank
pranking	prank
pranked	prank
pratts	pratt
prawns	prawn
praying	pray
prayed	pray
prays	pray
prayers	prayer
pre-empts	pre-empt
preaching	preach
preached	preach
preaches	preach
preachers	preacher
preambles	preamble
precautions	precaution
preceded	precede
precedes	precede
precedences	precedence
precedents	precedent
precepts	precept
precepting	precept
precepted	precept
precincts	precinct
precincted	precinct
precipices	precipice
precipitated	precipitate
precipitating	precipitate
precipitates	precipitate
precipitations	precipitation
precisions	precision
precludes	preclude
precluded	preclude
precluding	preclude
preconceptions	preconception
preconditions	precondition
preconditioned	precondition
preconditioning	precondition
precursors	precursor
predates	predate
predating	predate
predated	predate
predations	predation
predators	predator
predecessors	predecessor
predicaments	predicament
predicated	predicate
predicates	predicate
predicating	predicate
predicting	predict
predicts	predict
predictions	prediction
predictors	predictor
predilections	predilection
predisposed	predispose
predisposes	predispose
predisposing	predispose
predispositions	predisposition
predominated	predominate
predominates	predominate
predominating	predominate
preempted	preempt
preempts	preempt
preempting	preempt
preening	preen
preened	preen
preens	preen
prefaced	preface
prefaces	preface
prefacing	preface
prefects	prefect
preferring	prefer
prefers	prefer
preferences	preference
prefixes	prefix
prefixed	prefix
prefixing	prefix
pregnancies	pregnancy
preheating	preheat
preheats	preheat
prejudices	prejudice
prejudicing	prejudice
preliminaries	preliminary
preludes	prelude
preluding	prelude
preluded	prelude
premiers	premier
premiered	premier
premiering	premier
premieres	premiere
premierships	premiership
premised	premise
premising	premise
premiums	premium
premonitions	premonition
prentices	prentice
preoccupations	preoccupation
preoccupying	preoccupy
preoccupies	preoccupy
preps	prep
prepped	prep
prepping	prep
preparations	preparation
preparing	prepare
prepares	prepare
prerequisites	prerequisite
prerogatives	prerogative
presaged	presage
presages	presage
presaging	presage
presbyterians	presbyterian
presbyteries	presbytery
preschoolers	preschooler
prescribing	prescribe
prescribes	prescribe
prescriptions	prescription
prescriptives	prescriptive
presences	presence
presented	present
presents	present
presenting	present
presentations	presentation
presenters	presenter
preservations	preservation
preservationists	preservationist
preservatives	preservative
preserves	preserve
presided	preside
presiding	preside
presides	preside
presidencies	presidency
presidents	president
presidiums	presidium
presses	press
pressings	pressing
pressures	pressure
pressured	pressure
pressuring	pressure
pressurised	pressurise
pressurising	pressurise
pressurises	pressurise
presumes	presume
presuming	presume
presumptions	presumption
presupposes	presuppose
presupposed	presuppose
presupposing	presuppose
presuppositions	presupposition
pretences	pretence
pretending	pretend
pretended	pretend
pretends	pretend
pretenders	pretender
pretenses	pretense
pretensions	pretension
pretexts	pretext
prettiest	pretty
prettier	pretty
pretzels	pretzel
prevails	prevail
prevailed	prevail
prevalences	prevalence
preventing	prevent
prevented	prevent
prevents	prevent
preventions	prevention
preventives	preventive
previews	preview
previewed	preview
previewing	preview
preyed	prey
preying	prey
preys	prey
prices	price
priced	price
pricking	prick
pricked	prick
pricks	prick
pricklier	prickly
pricier	pricy
priciest	pricy
prides	pride
prided	pride
priding	pride
priests	priest
priestesses	priestess
priesthoods	priesthood
primmest	prim
primmer	prim
primmed	prim
primming	prim
prims	prim
primacies	primacy
primaries	primary
primates	primate
primed	prime
priming	prime
primes	prime
primers	primer
primitives	primitive
primroses	primrose
princes	prince
princeliest	princely
princesses	princess
principals	principal
principalities	principality
principles	principle
prints	print
printers	printer
printings	printing
printouts	printout
priors	prior
prioritizing	prioritize
prioritizes	prioritize
prioritized	prioritize
priorities	priority
priories	priory
prised	prise
prising	prise
prises	prise
prisms	prism
prisons	prison
prisoners	prisoner
privacies	privacy
privates	private
privatisations	privatisation
privatising	privatise
privatizations	privatization
privatized	privatize
privatizing	privatize
privatizes	privatize
privets	privet
privileges	privilege
privileging	privilege
privies	privy
prizes	prize
prizing	prize
pros	pro
probabilities	probability
probables	probable
probations	probation
probes	probe
probed	probe
probings	probing
problems	problem
problematics	problematic
procedurals	procedural
procedures	procedure
proceeded	proceed
processes	process
processions	procession
processors	processor
proclaimed	proclaim
proclaiming	proclaim
proclaims	proclaim
proclamations	proclamation
proclivities	proclivity
proctors	proctor
proctoring	proctor
proctored	proctor
procuring	procure
procured	procure
procures	procure
procurements	procurement
prodded	prod
prodding	prod
prods	prod
prodigies	prodigy
produced	produce
producing	produce
produces	produce
producers	producer
products	product
productions	production
productivities	productivity
profs	prof
profaned	profane
profaning	profane
profanes	profane
profanities	profanity
professes	profess
professing	profess
professions	profession
professionals	professional
professionalisms	professionalism
professors	professor
proffered	proffer
proffering	proffer
proffers	proffer
proficiencies	proficiency
profiles	profile
profiled	profile
profits	profit
profiting	profit
profited	profit
profitabilities	profitability
profoundest	profound
profounder	profound
progenitors	progenitor
progenies	progeny
programs	program
programmed	program
programmes	programme
programmers	programmer
progressing	progress
progressed	progress
progresses	progress
progressions	progression
progressives	progressive
prohibiting	prohibit
prohibits	prohibit
prohibitions	prohibition
projects	project
projectiles	projectile
projections	projection
projectors	projector
proletarians	proletarian
proletariats	proletariat
proliferated	proliferate
proliferating	proliferate
proliferates	proliferate
proliferations	proliferation
prologues	prologue
prolonging	prolong
prolongs	prolong
proms	prom
promenades	promenade
promenading	promenade
promenaded	promenade
prominences	prominence
prominents	prominent
promises	promise
promontories	promontory
promoted	promote
promoting	promote
promotes	promote
promoters	promoter
promotions	promotion
promotionals	promotional
prompted	prompt
prompts	prompt
prompter	prompt
promptings	prompting
promulgated	promulgate
promulgating	promulgate
promulgates	promulgate
prongs	prong
pronouns	pronoun
pronouncing	pronounce
pronounces	pronounce
pronouncements	pronouncement
pronunciations	pronunciation
proofs	proof
proofed	proof
proofing	proof
proofreading	proofread
proofreads	proofread
propped	prop
props	prop
propping	prop
propagated	propagate
propagating	propagate
propagates	propagate
propagations	propagation
propelled	propel
propelling	propel
propels	propel
propellers	propeller
propensities	propensity
properties	property
prophecies	prophecy
prophesied	prophesy
prophesying	prophesy
prophesies	prophesy
prophets	prophet
proponents	proponent
proportions	proportion
proportioned	proportion
proportioning	proportion
proposals	proposal
proposing	propose
proposes	propose
propositions	proposition
propositioned	proposition
propositioning	proposition
propounded	propound
propounding	propound
propounds	propound
proprietors	proprietor
proprieties	propriety
proses	prose
prosing	prose
prosecuted	prosecute
prosecuting	prosecute
prosecutes	prosecute
prosecutions	prosecution
prosecutors	prosecutor
proselytizing	proselytize
proselytized	proselytize
proselytizes	proselytize
prospects	prospect
prospecting	prospect
prospected	prospect
prospectives	prospective
prospectors	prospector
prospered	prosper
prospering	prosper
prospers	prosper
prosperities	prosperity
prostaglandins	prostaglandin
prostates	prostate
prosthetics	prosthetic
prostitutes	prostitute
prostituting	prostitute
prostituted	prostitute
protagonists	protagonist
protecting	protect
protects	protect
protections	protection
protectionists	protectionist
protectors	protector
proteges	protege
proteins	protein
protests	protest
protested	protest
protesting	protest
protestants	protestant
protestations	protestation
protesters	protester
protestors	protestor
protocols	protocol
protons	proton
prototypes	prototype
protruded	protrude
protrudes	protrude
proudest	proud
prouder	proud
proved	prove
proving	prove
proves	prove
provenances	provenance
provenanced	provenance
provenancing	provenance
proverbs	proverb
proverbials	proverbial
provides	provide
providences	providence
providers	provider
provinces	province
provincials	provincial
provisions	provision
provisioning	provision
provisioned	provision
provisionals	provisional
provisos	proviso
provocations	provocation
provoked	provoke
provoking	provoke
provokes	provoke
provosts	provost
prowling	prowl
prowled	prowl
prowls	prowl
proximities	proximity
proxies	proxy
proxied	proxy
prudenter	prudent
prunes	prune
pruned	prune
prunings	pruning
prussians	prussian
prying	pry
pried	pry
prys	pry
pss	ps
psalms	psalm
pseudonyms	pseudonym
psis	psi
psyches	psych
psyched	psych
psyching	psych
psychedelics	psychedelic
psychiatrics	psychiatric
psychiatrists	psychiatrist
psychics	psychic
psychos	psycho
psychologists	psychologist
psychologies	psychology
psychometrics	psychometric
psychopaths	psychopath
psychotherapists	psychotherapist
psychotherapies	psychotherapy
psychotics	psychotic
pts	pt
pubs	pub
publicans	publican
publications	publication
publicising	publicise
publicises	publicise
publicists	publicist
publicizing	publicize
publicizes	publicize
publishes	publish
publishers	publisher
puckered	pucker
puckering	pucker
puckers	pucker
puddings	pudding
puddles	puddle
puddling	puddle
puddled	puddle
pudgier	pudgy
pueblos	pueblo
puffed	puff
puffs	puff
puffings	puffing
puffier	puffy
puking	puke
puked	puke
pukes	puke
pulitzers	pulitzer
pulled	pull
pulling	pull
pulls	pull
pulleys	pulley
pullovers	pullover
pulped	pulp
pulping	pulp
pulps	pulp
pulpits	pulpit
pulsars	pulsar
pulsating	pulsate
pulsated	pulsate
pulsates	pulsate
pulses	pulse
pulsed	pulse
pulsing	pulse
pummelled	pummel
pummelling	pummel
pummels	pummel
pumps	pump
pumped	pump
pumpkins	pumpkin
puns	pun
punning	pun
punned	pun
punched	punch
punches	punch
punching	punch
punctuated	punctuate
punctuating	punctuate
punctuates	punctuate
punctuations	punctuation
punctured	puncture
punctures	puncture
puncturing	puncture
pundits	pundit
punished	punish
punishes	punish
punishments	punishment
punks	punk
punts	punt
punting	punt
punted	punt
punters	punter
punier	puny
puniest	puny
pups	pup
pupped	pup
pupping	pup
pupils	pupil
puppets	puppet
puppies	puppy
purchased	purchase
purchases	purchase
purchasers	purchaser
purest	pure
purer	pure
purees	puree
pureeing	puree
pureed	puree
purges	purge
purged	purge
purging	purge
purifications	purification
purified	purify
purifying	purify
purifies	purify
purists	purist
puritans	puritan
purities	purity
purples	purple
purpler	purple
purpled	purple
purpling	purple
purplest	purple
purports	purport
purporting	purport
purposes	purpose
purposing	purpose
purposed	purpose
purred	purr
purrs	purr
purring	purr
pursed	purse
purses	purse
pursing	purse
pursued	pursue
pursuing	pursue
pursues	pursue
pursuers	pursuer
pursuits	pursuit
purveyors	purveyor
pushed	push
pushing	push
pushes	push
push-ups	push-up
pushchairs	pushchair
pushers	pusher
pushiest	pushy
pussies	pussy
putting	put
puts	put
put-downs	put-down
putts	putt
putted	putt
putters	putter
puttering	putter
puttered	putter
puttied	putty
putties	putty
puttying	putty
puzzles	puzzle
puzzlements	puzzlement
pvcs	pvc
pwrs	pwr
pylons	pylon
pylori	pylorus
pyramids	pyramid
pyramiding	pyramid
pyramided	pyramid
pythons	python
qing	q
qaing	qa
qcs	qc
quads	quad
quadrants	quadrant
quadrupled	quadruple
quadrupling	quadruple
quadruples	quadruple
quagmires	quagmire
quails	quail
quailed	quail
quailing	quail
quainter	quaint
quaking	quake
quakes	quake
quaked	quake
quakers	quaker
qualifications	qualification
qualifiers	qualifier
qualifies	qualify
qualities	quality
qualms	qualm
quandaries	quandary
quantifications	quantification
quantified	quantify
quantifying	quantify
quantifies	quantify
quantities	quantity
quarantined	quarantine
quarantines	quarantine
quarantining	quarantine
quarks	quark
quarrels	quarrel
quarrelled	quarrel
quarrelling	quarrel
quarries	quarry
quarrying	quarry
quarried	quarry
quarters	quarter
quartered	quarter
quartering	quarter
quarter-finals	quarter-final
quarterbacks	quarterback
quarterfinals	quarterfinal
quarterlies	quarterly
quartets	quartet
quasars	quasar
quashed	quash
quashing	quash
quashes	quash
quavers	quaver
quavered	quaver
quavering	quaver
quays	quay
quaysides	quayside
queasier	queasy
queening	queen
queened	queen
queers	queer
queerest	queer
queering	queer
queerer	queer
queered	queer
quelled	quell
quelling	quell
quells	quell
quenching	quench
quenched	quench
quenches	quench
queries	query
queried	query
querying	query
quests	quest
questing	quest
quested	quest
questions	question
questioned	question
questioners	questioner
questionings	questioning
questionnaires	questionnaire
queues	queue
queuing	queue
queued	queue
quibbles	quibble
quibbling	quibble
quibbled	quibble
quickened	quicken
quickens	quicken
quickening	quicken
quids	quid
quieter	quiet
quietest	quiet
quieted	quiet
quieting	quiet
quiets	quiet
quietened	quieten
quietening	quieten
quietens	quieten
quills	quill
quilling	quill
quilts	quilt
quilting	quilt
quipped	quip
quips	quip
quipping	quip
quirks	quirk
quirked	quirk
quirking	quirk
quirkiest	quirky
quirkier	quirky
quitting	quit
quits	quit
quivered	quiver
quivers	quiver
quiverings	quivering
quizzed	quiz
quizzing	quiz
quizzes	quiz
quotas	quota
quotations	quotation
quoting	quote
quotes	quote
quotients	quotient
ras	ra
rabbis	rabbi
rabbits	rabbit
rabbiting	rabbit
rabbited	rabbit
raccoons	raccoon
races	race
raced	race
racecourses	racecourse
racehorses	racehorse
racers	racer
racetracks	racetrack
racisms	racism
racists	racist
racks	rack
racked	rack
racking	rack
rackets	racket
racquets	racquet
racier	racy
raciest	racy
radars	radar
radials	radial
radiances	radiance
radiating	radiate
radiated	radiate
radiates	radiate
radiations	radiation
radiators	radiator
radicals	radical
radios	radio
radioing	radio
radioed	radio
radioactivities	radioactivity
radiologists	radiologist
radishes	radish
radii	radius
raffles	raffle
raffled	raffle
raffling	raffle
rafts	raft
rafted	raft
rafters	rafter
raftered	rafter
raftering	rafter
rags	rag
ragging	rag
raged	rage
rages	rage
raids	raid
raided	raid
raiding	raid
raiders	raider
rails	rail
railed	rail
railings	railing
railroads	railroad
railroaded	railroad
railroading	railroad
railways	railway
raining	rain
rains	rain
rained	rain
rainbows	rainbow
raincoats	raincoat
raincoated	raincoat
raindrops	raindrop
rainfalls	rainfall
rainforests	rainforest
rainstorms	rainstorm
rainiest	rainy
raises	raise
raisers	raiser
raisins	raisin
raisings	raising
raked	rake
raking	rake
rakes	rake
rallies	rally
rallied	rally
rammed	ram
rams	ram
ramming	ram
rambles	ramble
rambled	ramble
ramblers	rambler
ramblings	rambling
ramifications	ramification
ramps	ramp
ramping	ramp
ramped	ramp
rampaging	rampage
rampaged	rampage
rampages	rampage
ramparts	rampart
ramshackled	ramshackle
ranches	ranch
ranched	ranch
ranchers	rancher
randomizing	randomize
randomizes	randomize
randiest	randy
ranges	range
ranged	range
rangelands	rangeland
rangers	ranger
ranks	rank
rankings	ranking
rankled	rankle
rankles	rankle
rankling	rankle
ransacked	ransack
ransacking	ransack
ransacks	ransack
ransoms	ransom
ransoming	ransom
ransomed	ransom
ranting	rant
ranted	rant
rants	rant
rapped	rap
raps	rap
rapping	rap
raped	rape
raping	rape
rapes	rape
rapists	rapist
rappers	rapper
rapports	rapport
raptors	raptor
raptures	rapture
raptured	rapture
rarer	rare
rarest	rare
raring	rare
rarities	rarity
rashes	rash
rasped	rasp
rasping	rasp
rasps	rasp
raspberries	raspberry
raspberrying	raspberry
rats	rat
ratting	rat
ratted	rat
rates	rate
rated	rate
ratepayers	ratepayer
raters	rater
ratifications	ratification
ratified	ratify
ratifying	ratify
ratifies	ratify
ratings	rating
ratios	ratio
rations	ration
rationed	ration
rationales	rationale
rationalisations	rationalisation
rationalised	rationalise
rationalising	rationalise
rationalises	rationalise
rationalities	rationality
rationalizations	rationalization
rationalized	rationalize
rationalizing	rationalize
rationalizes	rationalize
rattling	rattle
rattled	rattle
rattles	rattle
rattlesnakes	rattlesnake
raunchiest	raunchy
raunchier	raunchy
ravaged	ravage
ravaging	ravage
raves	rave
raved	rave
ravens	raven
ravening	raven
ravened	raven
ravines	ravine
ravings	raving
rawest	raw
rays	ray
raying	ray
rayed	ray
razed	raze
razing	raze
razes	raze
razors	razor
res	re
re-elected	re-elect
re-electing	re-elect
re-entered	re-enter
re-entering	re-enter
re-enters	re-enter
re-examined	re-examine
re-examining	re-examine
re-examines	re-examine
re-runs	re-run
re-running	re-run
reached	reach
reaching	reach
reacted	react
reacting	react
reacts	react
reactions	reaction
reactionaries	reactionary
reactors	reactor
reads	read
readers	reader
readerships	readership
readinesses	readiness
readings	reading
readjusted	readjust
readjusting	readjust
readjusts	readjust
readouts	readout
readies	ready
readying	ready
readier	ready
readied	ready
ready-mades	ready-made
reaffirmed	reaffirm
reaffirming	reaffirm
reaffirms	reaffirm
realigning	realign
realigned	realign
realigns	realign
realignments	realignment
realisations	realisation
realised	realise
realising	realise
realises	realise
realisms	realism
realists	realist
realities	reality
realizations	realization
realized	realize
realizing	realize
realizes	realize
realms	realm
realtors	realtor
reams	ream
reaming	ream
reamed	ream
reaping	reap
reaped	reap
reaps	reap
reappeared	reappear
reappears	reappear
reappearing	reappear
reappearances	reappearance
reappraisals	reappraisal
reared	rear
rears	rear
rearguards	rearguard
rearranged	rearrange
rearranges	rearrange
rearranging	rearrange
rearrangements	rearrangement
reasons	reason
reasonings	reasoning
reassembled	reassemble
reassembling	reassemble
reassembles	reassemble
reasserted	reassert
reasserting	reassert
reasserts	reassert
reassessed	reassess
reassessing	reassess
reassesses	reassess
reassessments	reassessment
reassigned	reassign
reassigning	reassign
reassigns	reassign
reassurances	reassurance
reassures	reassure
rebates	rebate
rebating	rebate
rebated	rebate
rebels	rebel
rebelled	rebel
rebelling	rebel
rebellions	rebellion
rebirths	rebirth
rebirthing	rebirth
rebounded	rebound
rebounding	rebound
rebounds	rebound
rebuffed	rebuff
rebuffs	rebuff
rebuffing	rebuff
rebuilds	rebuild
rebuildings	rebuilding
rebuked	rebuke
rebuking	rebuke
rebukes	rebuke
rebutted	rebut
rebutting	rebut
rebuts	rebut
rebuttals	rebuttal
recs	rec
recced	rec
recalcitrants	recalcitrant
recalled	recall
recalls	recall
recalling	recall
recanted	recant
recanting	recant
recants	recant
recaptured	recapture
recapturing	recapture
recaptures	recapture
recasting	recast
recasts	recast
receded	recede
receding	recede
recedes	recede
receipts	receipt
receipting	receipt
receipted	receipt
receives	receive
receivers	receiver
receiverships	receivership
receptacles	receptacle
receptions	reception
receptionists	receptionist
receptors	receptor
recesses	recess
recessing	recess
recessions	recession
recharging	recharge
recharged	recharge
recharges	recharge
recipes	recipe
recipients	recipient
reciprocals	reciprocal
reciprocated	reciprocate
reciprocating	reciprocate
reciprocates	reciprocate
reciprocities	reciprocity
recitals	recital
recitations	recitation
reciting	recite
recited	recite
recites	recite
reckons	reckon
reckoned	reckon
reckonings	reckoning
reclaimed	reclaim
reclaiming	reclaim
reclaims	reclaim
reclamations	reclamation
reclining	recline
reclined	recline
reclines	recline
recognising	recognise
recognises	recognise
recognitions	recognition
recognizing	recognize
recognizes	recognize
recoiled	recoil
recoils	recoil
recoiling	recoil
recollected	recollect
recollects	recollect
recollecting	recollect
recollections	recollection
recombinants	recombinant
recommends	recommend
recommending	recommend
recommendations	recommendation
reconciled	reconcile
reconciling	reconcile
reconciles	reconcile
reconciliations	reconciliation
reconfigured	reconfigure
reconfiguring	reconfigure
reconnaissances	reconnaissance
reconnected	reconnect
reconnecting	reconnect
reconnects	reconnect
reconsidered	reconsider
reconsidering	reconsider
reconsiders	reconsider
reconsiderations	reconsideration
reconstituted	reconstitute
reconstituting	reconstitute
reconstitutes	reconstitute
reconstructed	reconstruct
reconstructing	reconstruct
reconstructs	reconstruct
reconstructions	reconstruction
reconvenes	reconvene
reconvening	reconvene
reconvened	reconvene
records	record
recorders	recorder
recordings	recording
recounted	recount
recounts	recount
recounting	recount
recouped	recoup
recouping	recoup
recoups	recoup
recourses	recourse
recovered	recover
recovering	recover
recovers	recover
recoveries	recovery
recreates	recreate
recreating	recreate
recreated	recreate
recreations	recreation
recriminations	recrimination
recruited	recruit
recruits	recruit
recruiters	recruiter
recruitments	recruitment
rectangles	rectangle
rectifications	rectification
rectified	rectify
rectifying	rectify
rectifies	rectify
rectors	rector
rectories	rectory
rectums	rectum
recuperating	recuperate
recuperated	recuperate
recuperates	recuperate
recurs	recur
recurred	recur
recurrences	recurrence
recyclables	recyclable
recycles	recycle
reds	red
redder	red
red-hottest	red-hot
reddened	redden
reddening	redden
reddens	redden
redecorating	redecorate
redecorated	redecorate
redecorates	redecorate
redeemed	redeem
redeeming	redeem
redeems	redeem
redefined	redefine
redefining	redefine
redefines	redefine
redefinitions	redefinition
redemptions	redemption
redesigned	redesign
redesigning	redesign
redesigns	redesign
redeveloped	redevelop
redeveloping	redevelop
redevelops	redevelop
redevelopments	redevelopment
redheads	redhead
redirected	redirect
redirecting	redirect
redirects	redirect
rediscovered	rediscover
rediscovering	rediscover
rediscovers	rediscover
redistributed	redistribute
redistributing	redistribute
redistributes	redistribute
redistributions	redistribution
rednecks	redneck
rednesses	redness
redrawn	redraw
redrawing	redraw
redraws	redraw
redressing	redress
redressed	redress
redresses	redress
redshifts	redshift
reducing	reduce
reduces	reduce
reductions	reduction
redundancies	redundancy
redwoods	redwood
reeds	reed
reeding	reed
reefs	reef
reefing	reef
reefed	reef
reeked	reek
reeks	reek
reeking	reek
reeling	reel
reeled	reel
reels	reel
reeving	reeve
reeved	reeve
refs	ref
referred	refer
refers	refer
referring	refer
referees	referee
refereed	referee
refereeing	referee
references	reference
referenced	reference
referencing	reference
referendums	referendum
referents	referent
referrals	referral
refilled	refill
refills	refill
refilling	refill
refinancing	refinance
refinanced	refinance
refinances	refinance
refining	refine
refines	refine
refinements	refinement
refineries	refinery
refitted	refit
refitting	refit
refits	refit
reflects	reflect
reflecting	reflect
reflectances	reflectance
reflections	reflection
reflectives	reflective
reflectors	reflector
reflexes	reflex
refluxed	reflux
reforms	reform
reformations	reformation
reformers	reformer
reformings	reforming
reformists	reformist
refractors	refractor
refrained	refrain
refraining	refrain
refrains	refrain
refreshed	refresh
refreshes	refresh
refreshments	refreshment
refrigerating	refrigerate
refrigerates	refrigerate
refrigerators	refrigerator
refuelling	refuel
refuelled	refuel
refuels	refuel
refuges	refuge
refugees	refugee
refunds	refund
refunded	refund
refunding	refund
refurbishing	refurbish
refurbishes	refurbish
refurbishments	refurbishment
refusals	refusal
refused	refuse
refusing	refuse
refuses	refuse
refuted	refute
refutes	refute
refuting	refute
regs	reg
regained	regain
regaining	regain
regains	regain
regals	regal
regaled	regale
regaling	regale
regales	regale
regarded	regard
regards	regard
regattas	regatta
regencies	regency
regenerating	regenerate
regenerated	regenerate
regenerates	regenerate
regenerations	regeneration
regents	regent
regimes	regime
regimens	regimen
regiments	regiment
regimented	regiment
regimenting	regiment
regimentals	regimental
regions	region
regionals	regional
registers	register
registering	register
registrars	registrar
registrations	registration
registries	registry
regressed	regress
regressing	regress
regresses	regress
regressions	regression
regretted	regret
regrets	regret
regretting	regret
regrouped	regroup
regrouping	regroup
regroups	regroup
regulars	regular
regularities	regularity
regulating	regulate
regulates	regulate
regulations	regulation
regulators	regulator
rehabilitated	rehabilitate
rehabilitating	rehabilitate
rehabilitates	rehabilitate
rehabilitations	rehabilitation
rehearsals	rehearsal
rehearsing	rehearse
rehearsed	rehearse
rehearses	rehearse
reheating	reheat
reheated	reheat
reheats	reheat
rehoused	rehouse
rehousing	rehouse
rehouses	rehouse
reigned	reign
reigns	reign
reimbursed	reimburse
reimburses	reimburse
reimbursing	reimburse
reimbursements	reimbursement
reins	rein
reined	rein
reining	rein
reincarnations	reincarnation
reindeers	reindeer
reinforced	reinforce
reinforces	reinforce
reinforcing	reinforce
reinforcements	reinforcement
reinstated	reinstate
reinstating	reinstate
reinstates	reinstate
reintroduced	reintroduce
reintroducing	reintroduce
reintroduces	reintroduce
reintroductions	reintroduction
reinventing	reinvent
reinvented	reinvent
reinvents	reinvent
reinvigorated	reinvigorate
reinvigorating	reinvigorate
reinvigorates	reinvigorate
reissued	reissue
reissues	reissue
reissuing	reissue
reiterated	reiterate
reiterating	reiterate
reiterates	reiterate
rejecting	reject
rejects	reject
rejections	rejection
rejoicing	rejoice
rejoiced	rejoice
rejoices	rejoice
rejoined	rejoin
rejoining	rejoin
rejoins	rejoin
rejuvenating	rejuvenate
rejuvenates	rejuvenate
rekindled	rekindle
rekindling	rekindle
rekindles	rekindle
relapses	relapse
relapsed	relapse
relapsing	relapse
relating	relate
relates	relate
relations	relation
relationships	relationship
relatives	relative
relativities	relativity
relaunched	relaunch
relaunching	relaunch
relaunches	relaunch
relaxes	relax
relaxations	relaxation
relayed	relay
relaying	relay
relays	relay
releasing	release
releases	release
relegated	relegate
relegating	relegate
relegates	relegate
relegations	relegation
relented	relent
relenting	relent
relents	relent
reliabilities	reliability
relics	relic
reliefs	relief
relieves	relieve
relievers	reliever
religions	religion
relinquished	relinquish
relinquishing	relinquish
relinquishes	relinquish
relished	relish
relishing	relish
relishes	relish
reliving	relive
relived	relive
relives	relive
reloaded	reload
reloading	reload
reloads	reload
relocated	relocate
relocating	relocate
relocates	relocate
relocations	relocation
relying	rely
relies	rely
relied	rely
rems	rem
remmed	rem
remained	remain
remainders	remainder
remaindered	remainder
remaindering	remainder
remade	remake
remaking	remake
remakes	remake
remanded	remand
remands	remand
remanding	remand
remarks	remark
remarked	remark
remarking	remark
remarried	remarry
remarrying	remarry
remarries	remarry
remedials	remedial
remedies	remedy
remedied	remedy
remedying	remedy
remembered	remember
remembering	remember
remembers	remember
remembrances	remembrance
reminded	remind
reminds	remind
reminding	remind
reminders	reminder
reminiscing	reminisce
reminisced	reminisce
reminisces	reminisce
reminiscences	reminiscence
remissions	remission
remitted	remit
remits	remit
remitting	remit
remittances	remittance
remixes	remix
remixed	remix
remixing	remix
remnants	remnant
remodelled	remodel
remodelling	remodel
remodels	remodel
remonstrated	remonstrate
remonstrating	remonstrate
remonstrates	remonstrate
remoter	remote
remotest	remote
removables	removable
removals	removal
removing	remove
removes	remove
remunerations	remuneration
renamed	rename
renaming	rename
renames	rename
rendered	render
renders	render
renderings	rendering
rendezvousing	rendezvous
rendezvoused	rendezvous
rendezvouses	rendezvous
renditions	rendition
renegades	renegade
reneging	renege
reneged	renege
reneges	renege
renegotiated	renegotiate
renegotiating	renegotiate
renegotiates	renegotiate
renewing	renew
renews	renew
renewables	renewable
renewals	renewal
renounced	renounce
renouncing	renounce
renounces	renounce
renovating	renovate
renovates	renovate
renovations	renovation
rents	rent
renting	rent
rentals	rental
renters	renter
renunciations	renunciation
reopened	reopen
reopens	reopen
reopening	reopen
reorganisations	reorganisation
reorganised	reorganise
reorganising	reorganise
reorganises	reorganise
reorganizations	reorganization
reorganized	reorganize
reorganizing	reorganize
reorganizes	reorganize
reps	rep
repped	rep
repping	rep
repainted	repaint
repainting	repaint
repaints	repaint
repairs	repair
repairing	repair
repaired	repair
repairmen	repairman
reparations	reparation
repatriated	repatriate
repatriating	repatriate
repatriates	repatriate
repatriations	repatriation
repaid	repay
repaying	repay
repays	repay
repayments	repayment
repealed	repeal
repealing	repeal
repeals	repeal
repeats	repeat
repelled	repel
repelling	repel
repels	repel
repellents	repellent
repented	repent
repents	repent
repenting	repent
repercussions	repercussion
repertoires	repertoire
repertories	repertory
repetitions	repetition
replaced	replace
replacing	replace
replaces	replace
replacements	replacement
replanting	replant
replanted	replant
replants	replant
replayed	replay
replays	replay
replaying	replay
replenished	replenish
replenishing	replenish
replenishes	replenish
repletes	replete
more replete	replete
most replete	replete
replicas	replica
replicated	replicate
replicates	replicate
replicating	replicate
replications	replication
replied	reply
replies	reply
replying	reply
reports	report
reporters	reporter
reposing	repose
reposed	repose
reposes	repose
repositioning	reposition
repositioned	reposition
repositions	reposition
repositories	repository
repossessed	repossess
repossessing	repossess
repossesses	repossess
repossessions	repossession
represented	represent
represents	represent
representing	represent
representations	representation
representatives	representative
repressing	repress
represses	repress
repressions	repression
reprieved	reprieve
reprieving	reprieve
reprieves	reprieve
reprimanded	reprimand
reprimands	reprimand
reprimanding	reprimand
reprinted	reprint
reprints	reprint
reprinting	reprint
reprisals	reprisal
reprised	reprise
reprising	reprise
reprises	reprise
reproached	reproach
reproaches	reproach
reproaching	reproach
reproduced	reproduce
reproducing	reproduce
reproduces	reproduce
reproductions	reproduction
reproductives	reproductive
reptiles	reptile
republics	republic
republicans	republican
repudiated	repudiate
repudiating	repudiate
repudiates	repudiate
repudiations	repudiation
repulsed	repulse
repulsing	repulse
repulses	repulse
reputations	reputation
reputing	repute
reputes	repute
requests	request
requested	request
requesting	request
requiems	requiem
requires	require
requiring	require
requirements	requirement
requisites	requisite
rereading	reread
rereads	reread
rerunning	rerun
reruns	rerun
reran	rerun
resales	resale
rescheduling	reschedule
rescheduled	reschedule
reschedules	reschedule
rescinded	rescind
rescinding	rescind
rescinds	rescind
rescued	rescue
rescuing	rescue
rescues	rescue
rescuers	rescuer
researching	research
researched	research
researches	research
researchers	researcher
resections	resection
reselling	resell
resells	resell
resold	resell
resellers	reseller
resemblances	resemblance
resembles	resemble
resembling	resemble
resembled	resemble
resented	resent
resenting	resent
resents	resent
resentments	resentment
reservations	reservation
reserves	reserve
reserving	reserve
reservists	reservist
reservoirs	reservoir
resets	reset
resetting	reset
resettled	resettle
resettling	resettle
resettles	resettle
resettlements	resettlement
reshaping	reshape
reshaped	reshape
reshapes	reshape
reshuffled	reshuffle
reshuffling	reshuffle
reshuffles	reshuffle
resides	reside
residing	reside
resided	reside
residences	residence
residencies	residency
residents	resident
residues	residue
resigning	resign
resigns	resign
resignations	resignation
resins	resin
resisted	resist
resisting	resist
resists	resist
resistances	resistance
resistors	resistor
resolutes	resolute
resolutions	resolution
resolving	resolve
resolves	resolve
resonances	resonance
resonates	resonate
resonated	resonate
resonating	resonate
resorts	resort
resorting	resort
resorted	resort
resounded	resound
resounds	resound
resources	resource
resourced	resource
resourcing	resource
respects	respect
respectables	respectable
respirations	respiration
respirators	respirator
respites	respite
respiting	respite
respited	respite
responding	respond
responded	respond
responds	respond
respondents	respondent
responders	responder
responses	response
responsibilities	responsibility
rested	rest
rests	rest
restarted	restart
restarting	restart
restarts	restart
restated	restate
restating	restate
restates	restate
restaurants	restaurant
restaurateurs	restaurateur
restitutions	restitution
restorations	restoration
restoratives	restorative
restores	restore
restrains	restrain
restraints	restraint
restricting	restrict
restricts	restrict
restrictions	restriction
restructured	restructure
restructures	restructure
restructurings	restructuring
results	result
resulted	result
resultants	resultant
resumed	resume
resuming	resume
resumes	resume
resumptions	resumption
resurfaced	resurface
resurfacing	resurface
resurfaces	resurface
resurgences	resurgence
resurrected	resurrect
resurrecting	resurrect
resurrects	resurrect
resurrections	resurrection
resuscitated	resuscitate
resuscitating	resuscitate
resuscitates	resuscitate
retails	retail
retailed	retail
retailers	retailer
retains	retain
retaining	retain
retainers	retainer
retaking	retake
retakes	retake
retook	retake
retaken	retake
retaliated	retaliate
retaliating	retaliate
retaliates	retaliate
retaliations	retaliation
retarding	retard
retards	retard
retells	retell
retold	retell
retellings	retelling
retentions	retention
rethinking	rethink
rethinks	rethink
rethought	rethink
reticences	reticence
retinas	retina
retinues	retinue
retires	retire
retirees	retiree
retirements	retirement
retooling	retool
retools	retool
retooled	retool
retorted	retort
retorts	retort
retorting	retort
retraced	retrace
retracing	retrace
retraces	retrace
retracted	retract
retracting	retract
retracts	retract
retrained	retrain
retrains	retrain
retreated	retreat
retreats	retreat
retributions	retribution
retrievals	retrieval
retrieved	retrieve
retrieving	retrieve
retrieves	retrieve
retrievers	retriever
retros	retro
retrofitting	retrofit
retrofits	retrofit
retrofitted	retrofit
retrogrades	retrograde
retrograding	retrograde
retrograded	retrograde
retrospects	retrospect
retrospecting	retrospect
retrospected	retrospect
retrospectives	retrospective
returned	return
returns	return
returnees	returnee
returnings	returning
reunions	reunion
reunited	reunite
reunites	reunite
reuniting	reunite
reused	reuse
reusing	reuse
reuses	reuse
revs	rev
revved	rev
revving	rev
revaluations	revaluation
revalued	revalue
revaluing	revalue
revalues	revalue
revamping	revamp
revamps	revamp
revealed	reveal
reveals	reveal
revealings	revealing
revelled	revel
revelling	revel
revels	revel
revelations	revelation
revenged	revenge
revenges	revenge
revenging	revenge
revenues	revenue
revers	rever
revering	rever
reverbs	reverb
reverberated	reverberate
reverberating	reverberate
reverberates	reverberate
reveres	revere
reverenced	reverence
reverences	reverence
reverencing	reverence
reverends	reverend
reveries	reverie
reversals	reversal
reversed	reverse
reversing	reverse
reverses	reverse
reversions	reversion
reverting	revert
reverted	revert
reverts	revert
reviewed	review
reviews	review
reviewing	review
reviewers	reviewer
reviled	revile
reviling	revile
reviles	revile
revising	revise
revises	revise
revisions	revision
revisionists	revisionist
revisited	revisit
revisiting	revisit
revisits	revisit
revitalised	revitalise
revitalising	revitalise
revitalises	revitalise
revitalized	revitalize
revitalizing	revitalize
revitalizes	revitalize
revivals	revival
reviving	revive
revives	revive
revoked	revoke
revoking	revoke
revokes	revoke
revolts	revolt
revolted	revolt
revolutions	revolution
revolutionaries	revolutionary
revolutionised	revolutionise
revolutionising	revolutionise
revolutionises	revolutionise
revolutionized	revolutionize
revolutionizing	revolutionize
revolutionizes	revolutionize
revolves	revolve
revolved	revolve
revolvers	revolver
revues	revue
revulsions	revulsion
rewards	reward
rewarded	reward
reworked	rework
reworking	rework
reworks	rework
rewritten	rewrite
rewrites	rewrite
rewriting	rewrite
rewrote	rewrite
rhetorics	rhetoric
rhetoricals	rhetorical
rhines	rhine
rhinos	rhino
rhododendrons	rhododendron
rhubarbed	rhubarb
rhymes	rhyme
rhyming	rhyme
rhymed	rhyme
rhythms	rhythm
rhythmics	rhythmic
ribs	rib
ribbing	rib
ribbers	ribber
ribbons	ribbon
ribboning	ribbon
rices	rice
ricing	rice
riced	rice
richer	rich
richest	rich
richnesses	richness
ricks	rick
ricked	rick
ricking	rick
ricocheted	ricochet
ricochets	ricochet
ricochetting	ricochet
ridding	rid
rids	rid
riddles	riddle
riddling	riddle
rode	ride
ridden	ride
rides	ride
riders	rider
ridges	ridge
ridging	ridge
ridged	ridge
ridiculed	ridicule
ridiculing	ridicule
ridicules	ridicule
ridings	riding
ridleys	ridley
riffs	riff
riffing	riff
riffed	riff
rifles	rifle
rifled	rifle
rifling	rifle
rifts	rift
rifting	rift
rifted	rift
rigs	rig
rigged	rig
rights	right
righting	right
righted	right
right-ons	right-on
rigidities	rigidity
rigors	rigor
rigours	rigour
riled	rile
riles	rile
riling	rile
rims	rim
rimming	rim
rinds	rind
rinded	rind
rang	ring
rings	ring
ringed	ringe
ringes	ringe
ringers	ringer
rinks	rink
rinking	rink
rinsing	rinse
rinses	rinse
riots	riot
rioted	riot
riotings	rioting
ripping	rip
rips	rip
rip-offs	rip-off
riparians	riparian
ripest	ripe
riper	ripe
ripening	ripen
ripens	ripen
ripened	ripen
ripostes	riposte
riposting	riposte
riposted	riposte
riposts	riposte
ripples	ripple
rippled	ripple
ripplings	rippling
risen	rise
rises	rise
risers	riser
risings	rising
risks	risk
risking	risk
risked	risk
riskier	risky
riskiest	risky
rites	rite
rituals	ritual
rivals	rival
rivalled	rival
rivalling	rival
rivalries	rivalry
riverbanks	riverbank
riverbeds	riverbed
riverboats	riverboat
riversides	riverside
rivets	rivet
riveted	rivet
rnas	rna
roaches	roach
roaching	roach
roached	roach
roads	road
roadblocks	roadblock
roadshows	roadshow
roadsides	roadside
roadways	roadway
roadworks	roadwork
roaming	roam
roamed	roam
roams	roam
roared	roar
roars	roar
roarings	roaring
roasts	roast
roaster	roast
robbed	rob
robbing	rob
robs	rob
robbers	robber
robberies	robbery
robes	robe
robed	robe
robing	robe
robots	robot
robuster	robust
rocks	rock
rocked	rock
rockers	rocker
rockets	rocket
rocketed	rocket
rocketing	rocket
rockier	rocky
rods	rod
rodding	rod
rodents	rodent
rodeos	rodeo
roes	roe
rogering	roger
rogered	roger
rogues	rogue
roiling	roil
roils	roil
roiled	roil
roles	role
rollers	roller
rollered	roller
rollering	roller
roller-coasters	roller-coaster
rollings	rolling
rollovers	rollover
roms	rom
romans	roman
romances	romance
romancing	romance
romanced	romance
romanians	romanian
romantics	romantic
romanticized	romanticize
romanticizes	romanticize
romanticizing	romanticize
romeos	romeo
romped	romp
romping	romp
romps	romp
roofs	roof
roofed	roof
rooftops	rooftop
rooftopping	rooftop
rooks	rook
rooked	rook
rooking	rook
rooms	room
rooming	room
roomed	room
roommates	roommate
roomier	roomy
roomiest	roomy
roosting	roost
roosts	roost
roosted	roost
roosters	rooster
roots	root
rooting	root
ropes	rope
roped	rope
roping	rope
rosaries	rosary
roses	rose
rosettes	rosette
rosters	roster
rostered	roster
rostering	roster
rosier	rosy
rosiest	rosy
rotted	rot
rots	rot
rotas	rota
rotaries	rotary
rotated	rotate
rotates	rotate
rotations	rotation
rotors	rotor
rottweilers	rottweiler
rotundas	rotunda
roubles	rouble
rouges	rouge
rouged	rouge
rouging	rouge
rougher	rough
roughest	rough
roughed	rough
roughs	rough
roughing	rough
roulettes	roulette
rounds	round
rounding	round
rounder	round
roundabouts	roundabout
roundups	roundup
rourkes	rourke
roused	rouse
rouses	rouse
routed	rout
routing	rout
routs	rout
routes	route
routers	router
routered	router
routines	routine
roved	rove
roves	rove
rovers	rover
rovings	roving
rows	row
rowed	row
rowboats	rowboat
rowdies	rowdy
rowdier	rowdy
rowdiest	rowdy
rowntrees	rowntree
royals	royal
royalists	royalist
royalties	royalty
royces	royce
rpms	rpm
rubbed	rub
rubbing	rub
rubs	rub
rubbers	rubber
rubbering	rubber
rubbered	rubber
rubbished	rubbish
rubbishing	rubbish
rubbishes	rubbish
rubbles	rubble
rubrics	rubric
rubies	ruby
rucks	ruck
rucking	ruck
rucked	ruck
rucksacks	rucksack
rucksacked	rucksack
rudders	rudder
ruddering	rudder
ruddier	ruddy
ruddied	ruddy
ruddys	ruddy
ruder	rude
rudest	rude
rudenesses	rudeness
ruing	rue
rues	rue
rued	rue
ruffled	ruffle
ruffling	ruffle
ruffles	ruffle
rugs	rug
ruins	ruin
ruining	ruin
rules	rule
ruled	rule
rulers	ruler
rulings	ruling
rums	rum
rummer	rum
rumbled	rumble
rumbles	rumble
rumblings	rumbling
rummaged	rummage
rummaging	rummage
rummages	rummage
rumors	rumor
rumoring	rumor
rumored	rumor
rumours	rumour
rumouring	rumour
rumps	rump
ran	run
runs	run
run-ins	run-in
run-ups	run-up
runaways	runaway
runes	rune
runing	rune
rungs	rung
runners	runner
runnings	running
runnier	runny
runoffs	runoff
runways	runway
rupees	rupee
ruptured	rupture
rupturing	rupture
ruptures	rupture
ruses	ruse
rusing	ruse
rushed	rush
rushes	rush
rushers	rusher
rushings	rushing
russians	russian
rusting	rust
rusts	rust
rustics	rustic
rustling	rustle
rustled	rustle
rustles	rustle
rustiest	rusty
rustier	rusty
ruts	rut
rutted	rut
rutting	rut
ryes	rye
sabahs	sabah
sabbaths	sabbath
sabbaticals	sabbatical
sabering	saber
sabered	saber
sabers	saber
sabines	sabine
sabotaged	sabotage
sabotaging	sabotage
sabotages	sabotage
saboteurs	saboteur
sabres	sabre
sacs	sac
sacked	sack
sacks	sack
sackings	sacking
sacraments	sacrament
sacramentals	sacramental
sacrifices	sacrifice
sacrificed	sacrifice
sacrificing	sacrifice
saddest	sad
sadder	sad
saddened	sadden
saddens	sadden
saddening	sadden
saddled	saddle
saddles	saddle
saddling	saddle
sadnesses	sadness
saed	sae
saes	sae
safaris	safari
safest	safe
safes	safe
safeguards	safeguard
safeguarding	safeguard
safeguarded	safeguard
sagged	sag
sags	sag
sagas	saga
sagaing	saga
sages	sage
sagest	sage
sager	sage
saids	said
sailed	sail
sails	sail
sailboats	sailboat
sailings	sailing
sailors	sailor
saints	saint
sainting	saint
sainted	saint
saintliest	saintly
sakes	sake
salads	salad
salamanders	salamander
salamis	salami
salaries	salary
salesmen	salesman
salespersons	salesperson
salients	salient
salinities	salinity
sallies	sally
sallied	sally
salmons	salmon
salmonellas	salmonella
salons	salon
saloons	saloon
salts	salt
salting	salt
saltier	salty
saluted	salute
salutes	salute
saluting	salute
salvaged	salvage
salvaging	salvage
salvages	salvage
salvos	salvo
samaritans	samaritan
samples	sample
sampled	sample
samplers	sampler
samplings	sampling
sanctions	sanction
sanctioned	sanction
sanctioning	sanction
sanctities	sanctity
sanctuaries	sanctuary
sands	sand
sanding	sand
sanded	sand
sandals	sandal
sandbags	sandbag
sandbagged	sandbag
sandbagging	sandbag
sandbars	sandbar
sandboxes	sandbox
sandinistas	sandinista
sandpapered	sandpaper
sandpapering	sandpaper
sandpapers	sandpaper
sandstones	sandstone
sandwiches	sandwich
sandwiched	sandwich
sandwiching	sandwich
sandier	sandy
saner	sane
sanest	sane
sanitized	sanitize
sanitizing	sanitize
sanitizes	sanitize
sapped	sap
sapping	sap
saps	sap
saplings	sapling
sapphires	sapphire
saracens	saracen
sarcasms	sarcasm
sardines	sardine
sardined	sardine
saris	sari
sashes	sash
satchels	satchel
satellites	satellite
satins	satin
satires	satire
satisfactions	satisfaction
satisfies	satisfy
saturating	saturate
saturates	saturate
saturations	saturation
saturdays	saturday
sauces	sauce
sauced	sauce
saucing	sauce
saucepans	saucepan
saucers	saucer
saudis	saudi
saunas	sauna
sauntered	saunter
sauntering	saunter
saunters	saunter
sausages	sausage
savages	savage
savaged	savage
savaging	savage
savannas	savanna
savannahs	savannah
saved	save
saves	save
savers	saver
saviours	saviour
savoring	savor
savored	savor
savors	savor
savories	savory
savouring	savour
savoured	savour
savours	savour
savouries	savoury
savoys	savoy
savviest	savvy
savvying	savvy
savvied	savvy
savvies	savvy
sawing	saw
saws	saw
sawn	saw
sawed	saw
sawmills	sawmill
saxes	sax
saxons	saxon
saxophones	saxophone
saxophonists	saxophonist
says	say
sayings	saying
scabs	scab
scabbed	scab
scabbing	scab
scaffolded	scaffold
scaffolds	scaffold
scaffoldings	scaffolding
scalded	scald
scalding	scald
scalds	scald
scales	scale
scaled	scale
scalings	scaling
scallops	scallop
scalloping	scallop
scalloped	scallop
scalps	scalp
scalped	scalp
scalping	scalp
scalpels	scalpel
scalpelling	scalpel
scams	scam
scammed	scam
scamming	scam
scampered	scamper
scampering	scamper
scampers	scamper
scanned	scan
scans	scan
scandals	scandal
scandinavians	scandinavian
scanners	scanner
scanted	scant
scantest	scant
scanting	scant
scants	scant
scanties	scanty
scantiest	scanty
scapegoats	scapegoat
scapegoating	scapegoat
scapegoated	scapegoat
scars	scar
scarring	scar
scarcer	scarce
scarcest	scarce
scarcities	scarcity
scares	scare
scaring	scare
scarecrows	scarecrow
scarves	scarf
scarfed	scarf
scarfing	scarf
scarfs	scarf
scarlets	scarlet
scariest	scary
scarier	scary
scatters	scatter
scatterings	scattering
scavenged	scavenge
scavenges	scavenge
scavenging	scavenge
scavengers	scavenger
scenarios	scenario
scenes	scene
sceneries	scenery
scents	scent
scenting	scent
sceptics	sceptic
scepticisms	scepticism
scheds	sched
schedules	schedule
schemata	schema
schematics	schematic
schemes	scheme
scheming	scheme
schemed	scheme
schisms	schism
schizophrenias	schizophrenia
schizophrenics	schizophrenic
scholars	scholar
scholarships	scholarship
scholastics	scholastic
schools	school
schooled	school
schoolboys	schoolboy
schooldays	schoolday
schoolgirls	schoolgirl
schoolhouses	schoolhouse
schoolmasters	schoolmaster
schoolmastering	schoolmaster
schoolmates	schoolmate
schoolteachers	schoolteacher
schoolyards	schoolyard
schooners	schooner
sciences	science
scientists	scientist
scions	scion
scoffed	scoff
scoffing	scoff
scoffs	scoff
scolded	scold
scolding	scold
scolds	scold
scones	scone
scooped	scoop
scooping	scoop
scoops	scoop
scooted	scoot
scooting	scoot
scoots	scoot
scooters	scooter
scopes	scope
scorches	scorch
scored	score
scores	score
scoreboards	scoreboard
scorecards	scorecard
scorers	scorer
scorned	scorn
scorning	scorn
scorns	scorn
scorpions	scorpion
scotched	scotch
scotches	scotch
scotching	scotch
scotsmen	scotsman
scoundrels	scoundrel
scouring	scour
scoured	scour
scours	scour
scourges	scourge
scourged	scourge
scourging	scourge
scouts	scout
scouted	scout
scowled	scowl
scowling	scowl
scowls	scowl
scrabbled	scrabble
scrabbling	scrabble
scrabbles	scrabble
scrambling	scramble
scrambles	scramble
scraps	scrap
scrapped	scrap
scrapping	scrap
scrapbooks	scrapbook
scraped	scrape
scrapes	scrape
scrapings	scraping
scratched	scratch
scratches	scratch
scratchings	scratching
scrawled	scrawl
scrawling	scrawl
scrawls	scrawl
scrawnier	scrawny
screamed	scream
screams	scream
screeched	screech
screeching	screech
screeches	screech
screens	screen
screened	screen
screeners	screener
screenings	screening
screenplays	screenplay
screenwriters	screenwriter
screws	screw
screwed	screw
screwing	screw
screwdrivers	screwdriver
scribbling	scribble
scribbled	scribble
scribbles	scribble
scribes	scribe
scribing	scribe
scribed	scribe
scrimmaging	scrimmage
scrimmaged	scrimmage
scrimmages	scrimmage
scripts	script
scripted	script
scripting	script
scriptures	scripture
scrolls	scroll
scrolling	scroll
scrounged	scrounge
scrounges	scrounge
scrounging	scrounge
scrubbed	scrub
scrubbing	scrub
scrubs	scrub
scruffier	scruffy
scruffiest	scruffy
scruffies	scruffy
scrums	scrum
scrummed	scrum
scrunched	scrunch
scrunching	scrunch
scrunches	scrunch
scruples	scruple
scrupled	scruple
scrupling	scruple
scrutinised	scrutinise
scrutinising	scrutinise
scrutinises	scrutinise
scrutinized	scrutinize
scrutinizing	scrutinize
scrutinizes	scrutinize
scrutinies	scrutiny
scuffed	scuff
scuffing	scuff
scuffs	scuff
scuffles	scuffle
scuffling	scuffle
scuffled	scuffle
sculleries	scullery
sculpting	sculpt
sculpts	sculpt
sculptors	sculptor
sculptures	sculpture
sculptured	sculpture
sculpturing	sculpture
scums	scum
scummed	scum
scumming	scum
scuppered	scupper
scuppering	scupper
scuppers	scupper
scurrying	scurry
scurried	scurry
scurries	scurry
scuttled	scuttle
scuttling	scuttle
scuttles	scuttle
scythes	scythe
scythed	scythe
scything	scythe
ses	se
seas	sea
seafoods	seafood
seafronts	seafront
seagulls	seagull
seals	seal
sealing	seal
seams	seam
seamed	seam
seaming	seam
seamen	seaman
seamstresses	seamstress
seared	sear
sears	sear
searched	search
searches	search
searchers	searcher
searchings	searching
searchlights	searchlight
seashells	seashell
seashores	seashore
seasides	seaside
seasons	season
seasonals	seasonal
seasonings	seasoning
seats	seat
seatings	seating
seaweeds	seaweed
seceded	secede
seceding	secede
secedes	secede
secessions	secession
secessionists	secessionist
seclusions	seclusion
seconds	second
seconded	second
seconding	second
second-hands	second-hand
secondaries	secondary
seconders	seconder
secondments	secondment
secrecies	secrecy
secrets	secret
secretariats	secretariat
secretaries	secretary
secreted	secrete
secreting	secrete
secretes	secrete
secretions	secretion
sects	sect
sectarians	sectarian
sections	section
sectioned	section
sectioning	section
sectors	sector
seculars	secular
secularists	secularist
secured	secure
securing	secure
secures	secure
securities	security
sedans	sedan
sedated	sedate
sedates	sedate
sedating	sedate
sedatives	sedative
sedges	sedge
sediments	sediment
seduced	seduce
seducing	seduce
seduces	seduce
seductions	seduction
seen	see
sees	see
see-throughs	see-through
seeds	seed
seeded	seed
seeding	seed
seedlings	seedling
seedier	seedy
seediest	seedy
seeings	seeing
seeking	seek
seeks	seek
seekers	seeker
seems	seem
seemed	seem
seemings	seeming
seeping	seep
seeped	seep
seeps	seep
seers	seer
seethed	seethe
seethes	seethe
seething	seethe
segments	segment
segmented	segment
segmenting	segment
segmentations	segmentation
segregating	segregate
segregates	segregate
segregations	segregation
seines	seine
seining	seine
seined	seine
seized	seize
seizing	seize
seizes	seize
seizures	seizure
selecting	select
selects	select
selections	selection
selectives	selective
selectivities	selectivity
selectors	selector
selves	self
self-controls	self-control
self-images	self-image
self-interests	self-interest
selfishnesses	selfishness
sold	sell
sells	sell
sell-offs	sell-off
sell-outs	sell-out
sellers	seller
semblances	semblance
semesters	semester
semis	semi
semi-finals	semi-final
semicircles	semicircle
semiconductors	semiconductor
semifinals	semifinal
seminars	seminar
seminaries	seminary
sens	sen
senates	senate
senators	senator
sent	send
sends	send
senders	sender
sendings	sending
seniors	senior
sensations	sensation
senses	sense
sensed	sense
sensibilities	sensibility
sensitives	sensitive
sensitivities	sensitivity
sensitized	sensitize
sensitizing	sensitize
sensitizes	sensitize
sensors	sensor
sensualities	sensuality
sentences	sentence
sentenced	sentence
sentiments	sentiment
sentinels	sentinel
sentinelled	sentinel
sentries	sentry
separates	separate
separations	separation
separatists	separatist
septs	sept
sequels	sequel
sequences	sequence
sequenced	sequence
sequestered	sequester
sequestering	sequester
sequesters	sequester
sequins	sequin
sequinned	sequin
serbians	serbian
serenades	serenade
serenading	serenade
serenaded	serenade
serfs	serf
sergeants	sergeant
serials	serial
serialled	serial
sermons	sermon
serpents	serpent
serums	serum
servants	servant
served	serve
serves	serve
servers	server
services	service
serviced	service
servicemen	serviceman
servicings	servicing
servings	serving
servitudes	servitude
sessions	session
sets	set
setbacks	setback
settees	settee
setters	setter
settings	setting
settling	settle
settles	settle
settlements	settlement
settlers	settler
settlors	settlor
setups	setup
severing	sever
severs	sever
severances	severance
severest	severe
severer	severe
severities	severity
sewn	sew
sewed	sew
sews	sew
sewages	sewage
sewers	sewer
sewered	sewer
sewings	sewing
sexes	sex
sexing	sex
sexed	sex
sexists	sexist
sexualities	sexuality
sexiest	sexy
sexier	sexy
sfs	sf
shabbier	shabby
shabbiest	shabby
shacks	shack
shacked	shack
shacking	shack
shackles	shackle
shackled	shackle
shackling	shackle
shads	shad
shades	shade
shadings	shading
shadowing	shadow
shadows	shadow
shadowier	shadowy
shadier	shady
shadiest	shady
shafts	shaft
shafting	shaft
shafted	shaft
shagging	shag
shags	shag
shagged	shag
shahs	shah
shaikhs	shaikh
shook	shake
shaken	shake
shakes	shake
shake-ups	shake-up
shakers	shaker
shakings	shaking
shakier	shaky
shakiest	shaky
shales	shale
shallots	shallot
shallower	shallow
shallowest	shallow
shallowed	shallow
shallowing	shallow
shams	sham
shamming	sham
shammed	sham
shamen	shaman
shambled	shamble
shambling	shamble
shamed	shame
shames	shame
shaming	shame
shampoos	shampoo
shampooing	shampoo
shampooed	shampoo
shanghaiing	shanghai
shanghaied	shanghai
shanghais	shanghai
shanks	shank
shanked	shank
shanking	shank
shanties	shanty
shapes	shape
shapeliest	shapely
shapings	shaping
shards	shard
shares	share
sharecroppers	sharecropper
shareholders	shareholder
shareholdings	shareholding
sharings	sharing
sharks	shark
sharking	shark
sharked	shark
sharps	sharp
sharper	sharpe
sharpest	sharpe
sharpening	sharpen
sharpens	sharpen
shatters	shatter
shaves	shave
shavers	shaver
shavings	shaving
shaws	shaw
shawls	shawl
shawled	shawl
sheaves	sheaf
shears	shear
shorn	shear
shearing	shear
sheared	shear
shearers	shearer
sheaths	sheath
sheathed	sheathe
sheathes	sheathe
sheathing	sheathe
sheds	shed
shedding	shed
sheened	sheen
sheens	sheen
sheening	sheen
sheeps	sheep
sheers	sheer
sheered	sheer
sheering	sheer
sheets	sheet
sheeted	sheet
sheiks	sheik
sheikhs	sheikh
shelves	shelf
shells	shell
shelled	shell
shelters	shelter
sheltering	shelter
shelved	shelve
shelving	shelve
shepherds	shepherd
shepherded	shepherd
shepherding	shepherd
sheriffs	sheriff
sherries	sherry
shias	shia
shielding	shield
shielded	shield
shifts	shift
shifted	shift
shifters	shifter
shiftings	shifting
shiites	shiite
shillings	shilling
shimmered	shimmer
shimmers	shimmer
shins	shin
shinning	shin
shinned	shin
shone	shine
shines	shine
shingled	shingle
shingling	shingle
shingles	shingle
shinier	shiny
shiniest	shiny
ships	ship
shipped	ship
shipments	shipment
shipowners	shipowner
shippings	shipping
shipwrecks	shipwreck
shipwrecked	shipwreck
shipwrecking	shipwreck
shipyards	shipyard
shires	shire
shirts	shirt
shitted	shit
shitting	shit
shits	shit
shivered	shiver
shivering	shiver
shivers	shiver
shoaling	shoal
shoaled	shoal
shocks	shock
shoddiest	shoddy
shoddier	shoddy
shoes	shoe
shod	shoe
shoeing	shoe
shoemakers	shoemaker
shoestrings	shoestring
shoots	shoot
shoot-outs	shoot-out
shooters	shooter
shootings	shooting
shootouts	shootout
shops	shop
shopped	shop
shopkeepers	shopkeeper
shoplifted	shoplift
shoplifts	shoplift
shoppers	shopper
shores	shore
shoring	shore
shored	shore
shorelines	shoreline
shorter	short
shortest	short
shorting	short
shorted	short
shortages	shortage
shortcomings	shortcoming
shortcuts	shortcut
shortening	shorten
shortens	shorten
shortfalls	shortfall
shorthanded	shorthand
shortlisted	shortlist
shortlists	shortlist
shortlisting	shortlist
shots	shot
shotguns	shotgun
shoulders	shoulder
shouldered	shoulder
shouldering	shoulder
shouted	shout
shouts	shout
shoved	shove
shoving	shove
shoves	shove
shovels	shovel
shovelling	shovel
shovelled	shovel
shown	show
showed	show
shows	show
show-offs	show-off
showcases	showcase
showcasing	showcase
showcased	showcase
showdowns	showdown
showers	shower
showered	shower
showering	shower
showings	showing
showpieces	showpiece
showrooms	showroom
shreds	shred
shredding	shred
shrewder	shrewd
shrewdest	shrewd
shrieked	shriek
shrieking	shriek
shrieks	shriek
shriller	shrill
shrills	shrill
shrillest	shrill
shrilling	shrill
shrilled	shrill
shrimps	shrimp
shrimping	shrimp
shrimped	shrimp
shrines	shrine
shrining	shrine
shrined	shrine
shrank	shrink
shrunk	shrink
shrinks	shrink
shrivelled	shrivel
shrivelling	shrivel
shrivels	shrivel
shrouded	shroud
shrouds	shroud
shrouding	shroud
shrubs	shrub
shrubberies	shrubbery
shrugged	shrug
shrugging	shrug
shrugs	shrug
shuddered	shudder
shuddering	shudder
shudders	shudder
shuffled	shuffle
shuffles	shuffle
shufflings	shuffling
shunned	shun
shunning	shun
shuns	shun
shunted	shunt
shunting	shunt
shunts	shunt
shutting	shut
shuts	shut
shutdowns	shutdown
shutters	shutter
shuttering	shutter
shuttles	shuttle
shuttling	shuttle
shuttled	shuttle
shied	shy
shying	shy
shies	shy
shyer	shy
shyest	shy
sibs	sib
siberians	siberian
siblings	sibling
sicking	sic
sicked	sic
sics	sic
sicilians	sicilian
sicker	sick
sickest	sick
sicks	sick
sickened	sicken
sickens	sicken
sickles	sickle
sickling	sickle
sicklied	sickly
sickliest	sickly
sicklier	sickly
sicknesses	sickness
sides	side
sided	side
side-effects	side-effect
sidebars	sidebar
sideboards	sideboard
sidekicks	sidekick
sidelines	sideline
sidelined	sideline
sidelining	sideline
sideshows	sideshow
sidestepped	sidestep
sidestepping	sidestep
sidesteps	sidestep
sidewalks	sidewalk
sidings	siding
sidled	sidle
sidling	sidle
sidles	sidle
sieges	siege
sierras	sierra
sieves	sieve
sieved	sieve
sieving	sieve
sifting	sift
sifted	sift
sifts	sift
sighed	sigh
sighs	sigh
sighing	sigh
sights	sight
sightings	sighting
sigmas	sigma
signs	sign
signals	signal
signalled	signal
signatories	signatory
signatures	signature
significances	significance
signifiers	signifier
signifies	signify
signified	signify
signifying	signify
signings	signing
signposts	signpost
signposted	signpost
signposting	signpost
sikhs	sikh
silenced	silence
silencing	silence
silences	silence
silhouettes	silhouette
silhouetted	silhouette
silhouetting	silhouette
silicas	silica
siliconed	silicon
siliconing	silicon
silicones	silicone
silks	silk
silkiest	silky
silkier	silky
sills	sill
sillinesses	silliness
silliest	silly
sillier	silly
silos	silo
silts	silt
silted	silt
silting	silt
silvering	silver
silvered	silver
silvers	silver
similarities	similarity
similes	simile
simmered	simmer
simmers	simmer
simplest	simple
simpler	simple
simplicities	simplicity
simplifications	simplification
simplifies	simplify
simplifying	simplify
simpsons	simpson
simulating	simulate
simulates	simulate
simulations	simulation
simulators	simulator
sins	sin
sinned	sin
sinning	sin
sincerest	sincere
sincerer	sincere
sincerities	sincerity
sang	sing
sung	sing
sings	sing
singers	singer
singer-songwriters	singer-songwriter
singhing	singh
singles	single
singled	single
singling	single
singulars	singular
singularities	singularity
sinisters	sinister
sank	sink
sunk	sink
sinks	sink
sinkings	sinking
sinners	sinner
sipped	sip
sipping	sip
sips	sip
siphoned	siphon
siphoning	siphon
siphons	siphon
sirs	sir
sired	sire
sires	sire
siring	sire
sirens	siren
sisters	sister
sister-in-laws	sister-in-law
sits	sit
sit-downs	sit-down
sit-ins	sit-in
sitars	sitar
sitcoms	sitcom
sites	site
sited	site
sitings	siting
sitters	sitter
sittings	sitting
sitting-rooms	sitting-room
situates	situate
situating	situate
situations	situation
sixpences	sixpence
sizes	size
sizing	size
sizzled	sizzle
sizzles	sizzle
skates	skate
skated	skate
skateboards	skateboard
skateboarding	skateboard
skaters	skater
skeins	skein
skeletons	skeleton
skepticisms	skepticism
sketches	sketch
sketched	sketch
sketching	sketch
sketchbooks	sketchbook
sketchiest	sketchy
sketchier	sketchy
skewing	skew
skews	skew
skewers	skewer
skewered	skewer
skewering	skewer
skis	ski
skied	ski
ski'd	ski
skidded	skid
skidding	skid
skids	skid
skiers	skier
skiffs	skiff
skills	skill
skillets	skillet
skimming	skim
skimmed	skim
skims	skim
skimpiest	skimpy
skins	skin
skinned	skin
skinning	skin
skinheads	skinhead
skinners	skinner
skinnier	skinny
skinnys	skinny
skinniest	skinny
skipped	skip
skipping	skip
skips	skip
skippers	skipper
skippered	skipper
skippering	skipper
skirmishes	skirmish
skirmishing	skirmish
skirmished	skirmish
skirts	skirt
skirted	skirt
skirting	skirt
skits	skit
skittered	skitter
skittering	skitter
skitters	skitter
skulls	skull
skunks	skunk
skunked	skunk
skulling	skunk
skulled	skunk
skies	sky
skying	sky
skylights	skylight
skylines	skyline
skylined	skyline
skyrocketing	skyrocket
skyrocketed	skyrocket
skyrockets	skyrocket
skyscrapers	skyscraper
slabs	slab
slabbed	slab
slacker	slack
slacking	slack
slackest	slack
slacked	slack
slackened	slacken
slackening	slacken
slackens	slacken
slagging	slag
slags	slag
slagged	slag
slains	slain
slaloms	slalom
slaloming	slalom
slalomed	slalom
slammed	slam
slamming	slam
slams	slam
slanders	slander
slandering	slander
slandered	slander
slanging	slang
slangs	slang
slanged	slang
slanting	slant
slants	slant
slapped	slap
slapping	slap
slaps	slap
slashed	slash
slashing	slash
slashes	slash
slats	slat
slatting	slat
slatted	slat
slates	slate
slated	slate
slating	slate
slaters	slater
slathered	slather
slathering	slather
slathers	slather
slaughtered	slaughter
slaughtering	slaughter
slaughters	slaughter
slaughterhouses	slaughterhouse
slaves	slave
slaving	slave
slaved	slave
slays	slay
slayings	slaying
sleaziest	sleazy
sleazier	sleazy
sleds	sled
sledding	sled
sledded	sled
sledges	sledge
sledging	sledge
sledged	sledge
sledgehammers	sledgehammer
sledgehammering	sledgehammer
sledgehammered	sledgehammer
sleeker	sleek
sleekest	sleek
sleeking	sleek
sleeks	sleek
sleeked	sleek
slept	sleep
sleeps	sleep
sleepers	sleeper
sleepered	sleeper
sleepier	sleepy
sleepies	sleepy
sleeting	sleet
sleeted	sleet
sleets	sleet
sleeves	sleeve
sleeved	sleeve
sleeving	sleeve
sleighing	sleigh
sleighs	sleigh
sleighed	sleigh
slendering	slender
slewed	slew
slewing	slew
slews	slew
slices	slice
slicing	slice
slicks	slick
slicked	slick
slicking	slick
slickest	slick
slickers	slicker
slid	slide
slides	slide
sliders	slider
slightest	slight
slighter	slight
slights	slight
slighted	slight
slighting	slight
slimmer	slim
slimming	slim
slimmed	slim
slims	slim
slimmest	slim
slimes	slime
slimed	slime
sliming	slime
slimier	slimy
slimiest	slimy
slung	sling
slings	sling
slinging	sling
slinking	slink
slinks	slink
slinked	slink
slunk	slink
slipped	slip
slipping	slip
slips	slip
slippers	slipper
slippered	slipper
slippering	slipper
slits	slit
slitting	slit
slithered	slither
slithering	slither
slithers	slither
slivers	sliver
slivering	sliver
slivered	sliver
slobs	slob
slobbed	slob
slobbing	slob
slogging	slog
slogged	slog
slogs	slog
slogans	slogan
sloganned	slogan
slopping	slop
slopped	slop
slops	slop
slopes	slope
sloped	slope
sloppiest	sloppy
sloppier	sloppy
sloshing	slosh
sloshed	slosh
sloshes	slosh
slots	slot
slotted	slot
slotting	slot
sloths	sloth
slouched	slouch
slouching	slouch
slouches	slouch
sloughed	slough
sloughing	slough
sloughs	slough
slovaks	slovak
slovenes	slovene
slowing	slow
slowed	slow
slows	slow
slowest	slow
slowdowns	slowdown
sludges	sludge
sludging	sludge
sludged	sludge
slugs	slug
slugging	slug
slugged	slug
sluggers	slugger
slums	slum
slumming	slum
slummed	slum
slumbers	slumber
slumbering	slumber
slumbered	slumber
slumped	slump
slumping	slump
slumps	slump
slurred	slur
slurs	slur
slurring	slur
slurped	slurp
slurping	slurp
slurps	slurp
slurries	slurry
slurried	slurry
slurrying	slurry
slushed	slush
slushing	slush
slushes	slush
sluts	slut
smacked	smack
smacking	smack
smacks	smack
smaller	small
smallest	small
small-scales	small-scale
smallholders	smallholder
smarter	smart
smarting	smart
smartest	smart
smarted	smart
smashes	smash
smatterings	smattering
smears	smear
smeared	smear
smearing	smear
smells	smell
smelled	smell
smelling	smell
smelt	smell
smellies	smelly
smelliest	smelly
smellier	smelly
smiled	smile
smiles	smile
smirked	smirk
smirking	smirk
smirks	smirk
smitten	smite
smote	smite
smiting	smite
smites	smite
smiths	smith
smocks	smock
smocked	smock
smocking	smock
smogs	smog
smokes	smoke
smokers	smoker
smokestacks	smokestack
smokies	smoky
smokier	smoky
smoldered	smolder
smolders	smolder
smoothing	smooth
smoother	smooth
smoothed	smooth
smooths	smooth
smoothest	smooth
smothered	smother
smothering	smother
smothers	smother
smouldered	smoulder
smoulders	smoulder
smoulderings	smouldering
smudged	smudge
smudges	smudge
smudging	smudge
smuggest	smug
smugger	smug
smuggled	smuggle
smuggles	smuggle
smugglers	smuggler
snacks	snack
snacking	snack
snacked	snack
snags	snag
snagged	snag
snagging	snag
snails	snail
snakes	snake
snaked	snake
snaking	snake
snapped	snap
snapping	snap
snaps	snap
snappers	snapper
snappier	snappy
snappiest	snappy
snapshots	snapshot
snares	snare
snared	snare
snaring	snare
snarled	snarl
snarling	snarl
snarls	snarl
snatched	snatch
snatching	snatch
snatches	snatch
sneaked	sneak
sneaking	sneak
sneaks	sneak
sneakier	sneaky
sneered	sneer
sneering	sneer
sneers	sneer
sneezing	sneeze
sneezed	sneeze
sneezes	sneeze
snickered	snicker
snickering	snicker
snickers	snicker
sniffed	sniff
sniffing	sniff
sniffs	sniff
sniffling	sniffle
sniffled	sniffle
sniffles	sniffle
sniggered	snigger
sniggering	snigger
sniggers	snigger
snipping	snip
snipped	snip
snips	snip
sniping	snipe
sniped	snipe
snipes	snipe
snipers	sniper
snippets	snippet
snobs	snob
snobberies	snobbery
snookered	snooker
snookers	snooker
snookering	snooker
snooping	snoop
snooped	snoop
snoops	snoop
snoring	snore
snored	snore
snores	snore
snorkelling	snorkel
snorkels	snorkel
snorkeled	snorkel
snorted	snort
snorting	snort
snorts	snort
snouts	snout
snouting	snout
snowing	snow
snows	snow
snowed	snow
snowballs	snowball
snowballing	snowball
snowballed	snowball
snowboards	snowboard
snowboarding	snowboard
snowboarded	snowboard
snowfalls	snowfall
snowflakes	snowflake
snowmen	snowman
snowmobiles	snowmobile
snowmobiling	snowmobile
snowmobiled	snowmobile
snowshoeing	snowshoe
snowshoed	snowshoe
snowshoes	snowshoe
snowstorms	snowstorm
snowys	snowy
snowiest	snowy
snubbed	snub
snubbing	snub
snubs	snub
snuffed	snuff
snuffing	snuff
snuffs	snuff
snugged	snug
snugs	snug
snuggest	snug
snugger	snug
snuggled	snuggle
snuggling	snuggle
snuggles	snuggle
so-and-sos	so-and-so
soaking	soak
soaks	soak
soaps	soap
soaping	soap
soaped	soap
soared	soar
soars	soar
sobbing	sob
sobbed	sob
sobs	sob
sobered	sober
sobers	sober
socialising	socialise
socialised	socialise
socialises	socialise
socialisms	socialism
socialists	socialist
socialites	socialite
socialized	socialize
socializing	socialize
socializes	socialize
societies	society
socioeconomics	socioeconomic
sociologists	sociologist
sociologies	sociology
socks	sock
socked	sock
socking	sock
sockets	socket
sods	sod
sodding	sod
sodded	sod
sodas	soda
sodomies	sodomy
sofas	sofa
softer	soft
softest	soft
softens	soften
softenings	softening
softnesses	softness
soggiest	soggy
soils	soil
soiling	soil
sojourns	sojourn
sojourned	sojourn
sojourning	sojourn
sols	sol
solaced	solace
solacing	solace
solaces	solace
soldiers	soldier
soldiered	soldier
soldiering	soldier
soles	sole
soled	sole
soling	sole
solemnities	solemnity
soliciting	solicit
solicited	solicit
solicits	solicit
solicitations	solicitation
solicitors	solicitor
solids	solid
solidarities	solidarity
solidifying	solidify
solidifies	solidify
solidified	solidify
solidities	solidity
solitaries	solitary
solitudes	solitude
solos	solo
soloing	solo
soloed	solo
soloists	soloist
solstices	solstice
solubles	soluble
solutions	solution
solved	solve
solves	solve
solvents	solvent
somalis	somali
somedays	someday
sons	son
son-in-laws	son-in-law
sonars	sonar
sonatas	sonata
songs	song
songbirds	songbird
songwriters	songwriter
sonics	sonic
sonnets	sonnet
sonneting	sonnet
sonneted	sonnet
sooted	soot
sooting	soot
soots	soot
soothed	soothe
soothes	soothe
sophistications	sophistication
sopranos	soprano
sorbets	sorbet
sorcerers	sorcerer
sorceries	sorcery
sores	sore
sorer	sore
sororities	sorority
sorrows	sorrow
sorrowed	sorrow
sorrowing	sorrow
sorrier	sorry
sorts	sort
sorted	sort
sorties	sortie
souffles	souffle
souls	soul
sounds	sound
sounded	sound
sounder	sound
soundbites	soundbite
soundings	sounding
soundtracks	soundtrack
soundtracking	soundtrack
soups	soup
souped	soup
souping	soup
soured	sour
sours	sour
souring	sour
sourer	sour
sourest	sour
sources	source
sourced	source
sourcing	source
southerners	southerner
souvenirs	souvenir
sovereigns	sovereign
sovereignties	sovereignty
soviets	soviet
sown	sow
sows	sow
sowing	sow
sowed	sow
soybeans	soybean
sps	sp
spas	spa
spaces	space
spaced	space
spacecrafts	spacecraft
spaceships	spaceship
spacings	spacing
spades	spade
spading	spade
spaded	spade
spammed	spam
spamming	spam
spams	spam
spanning	span
spanned	span
spans	span
spaniards	spaniard
spaniels	spaniel
spanking	spank
spanked	spank
spanks	spank
spanners	spanner
spars	spar
sparring	spar
sparred	spar
spared	spare
spares	spare
sparks	spark
sparked	spark
sparking	spark
sparkled	sparkle
sparkles	sparkle
sparrows	sparrow
sparser	sparse
sparsest	sparse
spartans	spartan
spasms	spasm
spasmed	spasm
spasming	spasm
spats	spat
spatted	spat
spatting	spat
spates	spate
spattered	spatter
spattering	spatter
spatters	spatter
spatulas	spatula
spawned	spawn
spawns	spawn
spawnings	spawning
speaks	speak
speakers	speaker
speakings	speaking
spears	spear
speared	spear
spearing	spear
spearheaded	spearhead
spearheading	spearhead
spearheads	spearhead
specs	spec
specials	special
specialisations	specialisation
specialising	specialise
specialises	specialise
specialisms	specialism
specialists	specialist
specialities	speciality
specializations	specialization
specializing	specialize
specializes	specialize
specialties	specialty
specifications	specification
specificities	specificity
specifying	specify
specifies	specify
specimens	specimen
specks	speck
specking	speck
specked	speck
spectacles	spectacle
spectacled	spectacle
spectaculars	spectacular
spectators	spectator
spectres	spectre
spectrometers	spectrometer
spectra	spectrum
speculating	speculate
speculated	speculate
speculates	speculate
speculations	speculation
speculators	speculator
speeches	speech
speechwriters	speechwriter
speeds	speed
sped	speed
speeded	speed
speedier	speedy
speediest	speedy
spells	spell
spelt	spell
spellings	spelling
spends	spend
spenders	spender
sperms	sperm
spermed	sperm
spewed	spew
spewing	spew
spews	spew
spheres	sphere
spices	spice
spicing	spice
spicier	spicy
spiciest	spicy
spiders	spider
spikes	spike
spiking	spike
spikier	spiky
spilling	spill
spills	spill
spillages	spillage
spun	spin
spins	spin
spin-offs	spin-off
spindles	spindle
spindling	spindle
spines	spine
spinners	spinner
spinsters	spinster
spirals	spiral
spiralled	spiral
spires	spire
spiring	spire
spirits	spirit
spiriting	spirit
spirituals	spiritual
spiritualities	spirituality
spitting	spit
spits	spit
spiting	spite
spited	spite
spites	spite
spitfires	spitfire
splashing	splash
splashed	splash
splashes	splash
splattered	splatter
splattering	splatter
splatters	splatter
splayed	splay
splaying	splay
splays	splay
spleens	spleen
splendors	splendor
splendours	splendour
spliced	splice
splicing	splice
splices	splice
splinters	splinter
splintered	splinter
splintering	splinter
splits	split
splittings	splitting
splurged	splurge
splurging	splurge
splurges	splurge
spluttered	splutter
spluttering	splutter
splutters	splutter
spoiling	spoil
spokes	spoke
spoked	spoke
spoking	spoke
spokesmen	spokesman
spokespersons	spokesperson
spokeswomen	spokeswoman
sponges	sponge
sponged	sponge
sponging	sponge
sponsors	sponsor
sponsoring	sponsor
sponsorships	sponsorship
spooks	spook
spooked	spook
spooking	spook
spookier	spooky
spools	spool
spooled	spool
spooling	spool
spoons	spoon
spooned	spoon
spooning	spoon
spoonfuls	spoonful
spores	spore
sporing	spore
sports	sport
sported	sport
sportscasters	sportscaster
sportsmen	sportsman
sportswriters	sportswriter
sportier	sporty
sportiest	sporty
spots	spot
spotting	spot
spotlights	spotlight
spotlighting	spotlight
spotlighted	spotlight
spotteds	spotted
spotters	spotter
spouses	spouse
spouting	spout
spouts	spout
spouted	spout
spred	spr
sprawled	sprawl
sprawls	sprawl
sprayed	spray
sprays	spray
spreads	spread
spreadings	spreading
spreadsheets	spreadsheet
spreadsheeting	spreadsheet
sprees	spree
sprigs	sprig
sprigged	sprig
sprigging	sprig
springs	spring
sprang	spring
sprung	spring
springing	spring
springboards	springboard
springboks	springbok
sprinkled	sprinkle
sprinkles	sprinkle
sprinklers	sprinkler
sprinklered	sprinkler
sprinklings	sprinkling
sprinted	sprint
sprinting	sprint
sprints	sprint
sprinters	sprinter
sprouts	sprout
sprouted	sprout
sprouting	sprout
sprucing	spruce
spruced	spruce
spruces	spruce
spurred	spur
spurring	spur
spurs	spur
spurned	spurn
spurns	spurn
spurning	spurn
spurted	spurt
spurts	spurt
spurting	spurt
sputtered	sputter
sputtering	sputter
sputters	sputter
spies	spy
spied	spy
squabbles	squabble
squabbling	squabble
squabbled	squabble
squads	squad
squadrons	squadron
squalls	squall
squalling	squall
squalled	squall
squalors	squalor
squandered	squander
squandering	squander
squanders	squander
squares	square
squaring	square
squareds	squared
squashed	squash
squashing	squash
squashes	squash
squatted	squat
squatting	squat
squats	squat
squatters	squatter
squawked	squawk
squawking	squawk
squawks	squawk
squeaked	squeak
squeaks	squeak
squeaking	squeak
squeakies	squeaky
squeakiest	squeaky
squealed	squeal
squealing	squeal
squeals	squeal
squeezed	squeeze
squeezing	squeeze
squeezes	squeeze
squelched	squelch
squelching	squelch
squelches	squelch
squids	squid
squinted	squint
squinting	squint
squints	squint
squires	squire
squired	squire
squiring	squire
squirmed	squirm
squirming	squirm
squirms	squirm
squirrels	squirrel
squirrelling	squirrel
squirrelled	squirrel
squirted	squirt
squirts	squirt
squirting	squirt
squished	squish
squishing	squish
squishes	squish
stabbed	stab
stabs	stab
stabbings	stabbing
stabilised	stabilise
stabilises	stabilise
stabilising	stabilise
stabilities	stability
stabilized	stabilize
stabilizing	stabilize
stabilizes	stabilize
stabilizers	stabilizer
stables	stable
stabled	stable
stabling	stable
stacks	stack
stacking	stack
stadia	stadium
staffed	staff
staffs	staff
staffers	staffer
stags	stag
stagging	stag
stagged	stag
stages	stage
staged	stage
staggers	stagger
stagings	staging
stagnated	stagnate
stagnating	stagnate
stagnates	stagnate
staider	staid
stains	stain
stainings	staining
staircases	staircase
stairways	stairway
stairwells	stairwell
stakes	stake
staking	stake
staked	stake
stakeholders	stakeholder
staler	stale
staled	stale
stales	stale
staling	stale
stalest	stale
stalemates	stalemate
stalemated	stalemate
stalemating	stalemate
stalinists	stalinist
stalks	stalk
stalked	stalk
stalkers	stalker
stalls	stall
stalling	stall
stallions	stallion
stalwarts	stalwart
staminas	stamina
stammered	stammer
stammering	stammer
stammers	stammer
stamps	stamp
stamping	stamp
stampeded	stampede
stampeding	stampede
stampedes	stampede
stans	stan
stances	stance
stood	stand
stands	stand
stand-offs	stand-off
stand-ups	stand-up
standards	standard
standardising	standardise
standardises	standardise
standardizations	standardization
standardizing	standardize
standardizes	standardize
standbys	standby
standings	standing
standoffs	standoff
standouts	standout
standpoints	standpoint
standstills	standstill
stanzas	stanza
staples	staple
stapled	staple
stapling	staple
stars	star
starring	star
starred	star
starboarding	starboard
starboarded	starboard
starboards	starboard
starches	starch
starching	starch
stared	stare
staring	stare
stares	stare
starlets	starlet
starlights	starlight
starlings	starling
starriest	starry
starships	starship
started	start
starts	start
starters	starter
startings	starting
startles	startle
starvations	starvation
starved	starve
starves	starve
stashed	stash
stashing	stash
stashes	stash
stats	stat
stating	state
statelier	stately
statements	statement
staterooms	stateroom
statesmen	statesman
statics	static
stations	station
stationed	station
stationing	station
statisticians	statistician
statues	statue
statutes	statute
staunchest	staunch
staunching	staunch
staunched	staunch
staunches	staunch
staved	stave
staving	stave
staves	stave
stayed	stay
stays	stay
steading	stead
steads	stead
steadied	steady
steadying	steady
steadier	steady
steadies	steady
steadiest	steady
steaks	steak
stole	steal
stealing	steal
steals	steal
steams	steam
steamboats	steamboat
steamboating	steamboat
steamers	steamer
steamings	steaming
steeled	steel
steels	steel
steeling	steel
steelies	steely
steelier	steely
steens	steen
steeper	steep
steepest	steep
steeping	steep
steeps	steep
steeples	steeple
steepled	steeple
steepling	steeple
steeplechasing	steeplechase
steeplechased	steeplechase
steeplechases	steeplechase
steered	steer
steers	steer
steins	stein
stems	stem
stemmed	stem
stemming	stem
stenches	stench
stencils	stencil
stencilled	stencil
stencilling	stencil
steps	step
stepped	step
stepfathers	stepfather
stepmothers	stepmother
steppes	steppe
steppings	stepping
stepsons	stepson
stereos	stereo
stereotypes	stereotype
sterilizations	sterilization
sterilized	sterilize
sterilizing	sterilize
sterilizes	sterilize
sterlings	sterling
sterns	stern
sterner	sterne
sternest	sterne
stethoscopes	stethoscope
stews	stew
stewed	stew
stewing	stew
stewards	steward
stewarding	steward
stewarded	steward
stewardesses	stewardess
stewardships	stewardship
sticks	stick
stickers	sticker
stickiest	sticky
stickier	sticky
stickied	sticky
stickies	sticky
stiffer	stiff
stiffs	stiff
stiffest	stiff
stiffened	stiffen
stiffening	stiffen
stiffens	stiffen
stiffnesses	stiffness
stifled	stifle
stifles	stifle
stigmas	stigma
stigmatized	stigmatize
stigmatizes	stigmatize
stigmatizing	stigmatize
stiles	stile
stiled	stile
stilettos	stiletto
stills	still
stilling	still
stilled	still
stillnesses	stillness
stilts	stilt
stilted	stilt
stimulants	stimulant
stimulates	stimulate
stimulations	stimulation
stimuli	stimulus
stung	sting
stings	sting
stinks	stink
stank	stink
stinking	stink
stints	stint
stinted	stint
stinting	stint
stipends	stipend
stipulated	stipulate
stipulates	stipulate
stipulating	stipulate
stipulations	stipulation
stirred	stir
stirs	stir
stir-fries	stir-fry
stirrings	stirring
stirrups	stirrup
stitches	stitch
stitched	stitch
stocks	stock
stocked	stock
stockbrokers	stockbroker
stockholders	stockholder
stockings	stocking
stockists	stockist
stockmarkets	stockmarket
stockpiles	stockpile
stockpiling	stockpile
stockpiled	stockpile
stockier	stocky
stoddards	stoddard
stoics	stoic
stoked	stoke
stoking	stoke
stomachs	stomach
stomaching	stomach
stomached	stomach
stomaches	stomach
stomping	stomp
stomped	stomp
stomps	stomp
stones	stone
stoning	stone
stonewares	stoneware
stonier	stony
stools	stool
stooling	stool
stooled	stool
stooped	stoop
stooping	stoop
stoops	stoop
stopping	stop
stops	stop
stoppages	stoppage
stoppers	stopper
stoppered	stopper
stoppering	stopper
storages	storage
stores	store
storing	store
storefronts	storefront
storehouses	storehouse
storerooms	storeroom
storeys	storey
storeyed	storey
storms	storm
stormed	storm
storming	storm
stormiest	stormy
stormier	stormy
stories	story
storybooks	storybook
storylines	storyline
storytellers	storyteller
stouter	stout
stoutest	stout
stouts	stout
stoves	stove
stoved	stove
stowed	stow
stowing	stow
stows	stow
straddling	straddle
straddled	straddle
straddles	straddle
straighter	straight
straights	straight
straightest	straight
straightened	straighten
straightening	straighten
straightens	straighten
strains	strain
straining	strain
strainers	strainer
straits	strait
strands	strand
stranding	strand
strangest	strange
strangenesses	strangeness
strangers	stranger
strangled	strangle
strangling	strangle
strangles	strangle
straps	strap
strappings	strapping
strats	strat
strategists	strategist
strategies	strategy
stratifications	stratification
strata	stratum
straws	straw
strawing	straw
strawed	straw
strawberries	strawberry
strayed	stray
straying	stray
strays	stray
streaks	streak
streaked	streak
streaking	streak
streams	stream
streaming	stream
streamed	stream
streamers	streamer
streamlining	streamline
streamlines	streamline
streets	street
streetlights	streetlight
strengths	strength
strengthened	strengthen
strengthens	strengthen
stresses	stress
stressing	stress
stressors	stressor
stretched	stretch
stretching	stretch
stretches	stretch
stretchers	stretcher
stretchered	stretcher
strewing	strew
strews	strew
stricter	strict
strictest	strict
strictures	stricture
stricturing	stricture
strictured	stricture
strode	stride
striding	stride
strides	stride
struck	strike
strikes	strike
strikers	striker
strings	string
strung	string
stringing	string
stringers	stringer
stringier	stringy
strips	strip
stripping	strip
stripes	stripe
striping	stripe
strippers	stripper
striving	strive
strove	strive
strives	strive
striven	strive
strokes	stroke
stroked	stroke
stroking	stroke
strolling	stroll
strolls	stroll
strolled	stroll
strollers	stroller
stronger	strong
strongest	strong
strongholds	stronghold
structuralists	structuralist
structures	structure
structurings	structuring
struggled	struggle
struggles	struggle
strumming	strum
strummed	strum
strums	strum
struts	strut
strutted	strut
strutting	strut
stubbed	stub
stubs	stub
stubbing	stub
stubbles	stubble
stubbled	stubble
stubbier	stubby
stubbies	stubby
stuccoing	stucco
stuccoed	stucco
stuccos	stucco
studs	stud
studding	stud
students	student
studios	studio
studies	study
studying	study
stuffs	stuff
stuffings	stuffing
stuffies	stuffy
stuffiest	stuffy
stuffier	stuffy
stumbled	stumble
stumbles	stumble
stumblings	stumbling
stumps	stump
stumped	stump
stumping	stump
stuns	stun
stunts	stunt
stunting	stunt
stupidities	stupidity
sturdier	sturdy
sturdiest	sturdy
sturgeons	sturgeon
stuttered	stutter
stuttering	stutter
stutters	stutter
styles	style
styled	style
stylings	styling
stylists	stylist
stymieing	stymie
stymied	stymie
stymies	stymie
subs	sub
subbing	sub
subbed	sub
subcategories	subcategory
subcommittees	subcommittee
subcontractors	subcontractor
subcultures	subculture
subcultured	subculture
subdivided	subdivide
subdividing	subdivide
subdivides	subdivide
subdivisions	subdivision
subduing	subdue
subdues	subdue
subgroups	subgroup
subgrouping	subgroup
subjects	subject
subjected	subject
subjecting	subject
subjectivities	subjectivity
sublimest	sublime
sublimed	sublime
sublimes	sublime
subliming	sublime
subliminals	subliminal
submarines	submarine
submarining	submarine
submarined	submarine
submerging	submerge
submerges	submerge
submissions	submission
submissives	submissive
submitted	submit
submitting	submit
submits	submit
subordinates	subordinate
subordinated	subordinate
subordinating	subordinate
subordinations	subordination
subpoenas	subpoena
subpoenaed	subpoena
subpoenaing	subpoena
subscales	subscale
subscribed	subscribe
subscribing	subscribe
subscribes	subscribe
subscribers	subscriber
subscriptions	subscription
subsections	subsection
subsets	subset
subsetted	subset
subsided	subside
subsides	subside
subsiding	subside
subsidiaries	subsidiary
subsidising	subsidise
subsidises	subsidise
subsidizing	subsidize
subsidizes	subsidize
subsidies	subsidy
subsisting	subsist
subsists	subsist
subsisted	subsist
substances	substance
substantiated	substantiate
substantiating	substantiate
substantiates	substantiate
substantives	substantive
substitutes	substitute
substituted	substitute
substituting	substitute
substitutions	substitution
substrates	substrate
subsumed	subsume
subsumes	subsume
subsuming	subsume
subsystems	subsystem
subterraneans	subterranean
subtests	subtest
subtexts	subtext
subtitles	subtitle
subtitled	subtitle
subtitling	subtitle
subtleties	subtlety
subtracting	subtract
subtracted	subtract
subtracts	subtract
subtypes	subtype
subunits	subunit
suburbs	suburb
suburbans	suburban
suburbias	suburbia
subversions	subversion
subversives	subversive
subverted	subvert
subverting	subvert
subverts	subvert
subways	subway
succeeded	succeed
succeeds	succeed
successes	success
successions	succession
successors	successor
succulents	succulent
succumbed	succumb
succumbing	succumb
succumbs	succumb
sucking	suck
sucked	suck
sucks	suck
suckers	sucker
suckered	sucker
suckering	sucker
suctioned	suction
suctioning	suction
suctions	suction
sued	sue
suing	sue
sues	sue
suedes	suede
suffered	suffer
suffers	suffer
sufferers	sufferer
sufferings	suffering
suffices	suffice
sufficed	suffice
sufficing	suffice
suffixes	suffix
suffixed	suffix
suffixing	suffix
suffocated	suffocate
suffocates	suffocate
suffrages	suffrage
suffused	suffuse
suffuses	suffuse
suffusing	suffuse
sugars	sugar
sugaring	sugar
sugared	sugar
sugariest	sugary
suggests	suggest
suggesting	suggest
suggestions	suggestion
suicides	suicide
suits	suit
suiting	suit
suitcases	suitcase
suites	suite
suitors	suitor
sulfated	sulfate
sulfates	sulfate
sulfating	sulfate
sulfuring	sulfur
sulfured	sulfur
sulfurs	sulfur
sulking	sulk
sulked	sulk
sulks	sulk
sullied	sully
sullying	sully
sullies	sully
sulphates	sulphate
sulphated	sulphate
sulphides	sulphide
sultans	sultan
sultriest	sultry
sums	sum
summed	sum
summing	sum
summarised	summarise
summarises	summarise
summarising	summarise
summarized	summarize
summarizes	summarize
summarizing	summarize
summaries	summary
summations	summation
summers	summer
summering	summer
summered	summer
summits	summit
summoned	summon
summoning	summon
summonses	summons
suns	sun
sunning	sun
sunned	sun
sunbathed	sunbathe
sunbathes	sunbathe
sunbathing	sunbathe
sunburned	sunburn
sunburning	sunburn
sunburns	sunburn
sundaes	sundae
sundays	sunday
sundries	sundry
sunflowers	sunflower
sunnis	sunni
sunnier	sunny
sunniest	sunny
sunnies	sunny
sunrises	sunrise
sunscreens	sunscreen
sunscreening	sunscreen
sunsets	sunset
sunspots	sunspot
supping	sup
supped	sup
sups	sup
supers	super
supercomputers	supercomputer
superconductors	superconductor
superegos	superego
superhighways	superhighway
superhumans	superhuman
superimposed	superimpose
superimposing	superimpose
superimposes	superimpose
superintendents	superintendent
superiors	superior
superiorities	superiority
superlatives	superlative
supermarkets	supermarket
supermodels	supermodel
supernatants	supernatant
supernaturals	supernatural
supernovas	supernova
superpowers	superpower
superseded	supersede
supersedes	supersede
superseding	supersede
superstars	superstar
superstitions	superstition
superstores	superstore
superstructures	superstructure
supervised	supervise
supervising	supervise
supervises	supervise
supervisions	supervision
supervisors	supervisor
suppers	supper
supplanted	supplant
supplanting	supplant
supplants	supplant
suppling	supple
supplest	supple
suppler	supple
suppled	supple
supples	supple
supplements	supplement
supplemented	supplement
supplementing	supplement
supplementaries	supplementary
suppliers	supplier
supplied	supply
supplies	supply
supplying	supply
supported	support
supports	support
supporters	supporter
supposes	suppose
supposings	supposing
suppositions	supposition
suppressing	suppress
suppresses	suppress
suppressions	suppression
supremacists	supremacist
surcharges	surcharge
surcharged	surcharge
surcharging	surcharge
surest	sure
surer	sure
sureties	surety
surfing	surf
surfed	surf
surfs	surf
surfaces	surface
surfaced	surface
surfacing	surface
surfers	surfer
surged	surge
surges	surge
surgeons	surgeon
surgeries	surgery
surgings	surging
surliest	surly
surlier	surly
surmised	surmise
surmises	surmise
surmising	surmise
surmounted	surmount
surmounting	surmount
surmounts	surmount
surnames	surname
surnamed	surname
surpassed	surpass
surpasses	surpass
surpassing	surpass
surprises	surprise
surrealists	surrealist
surrendered	surrender
surrendering	surrender
surrenders	surrender
surrogates	surrogate
surrounded	surround
surrounds	surround
surveillances	surveillance
surveys	survey
surveying	survey
surveyed	survey
surveyors	surveyor
survivals	survival
survived	survive
survives	survive
survivors	survivor
susceptibilities	susceptibility
susceptibles	susceptible
suspects	suspect
suspecting	suspect
suspending	suspend
suspends	suspend
suspensions	suspension
suspicions	suspicion
sustaining	sustain
sustains	sustain
svqs	svq
swabs	swab
swabbed	swab
swabbing	swab
swaggered	swagger
swaggering	swagger
swaggers	swagger
swallowed	swallow
swallowing	swallow
swallows	swallow
swamped	swamp
swamps	swamp
swamping	swamp
swans	swan
swanning	swan
swanned	swan
swapped	swap
swapping	swap
swaps	swap
swarmed	swarm
swarming	swarm
swarms	swarm
swastikas	swastika
swatting	swat
swatted	swat
swats	swat
swatches	swatch
swaths	swath
swathes	swathe
swathed	swathe
swaying	sway
swayed	sway
sways	sway
swore	swear
swears	swear
sweated	sweat
sweats	sweat
sweaters	sweater
sweatings	sweating
sweatshirts	sweatshirt
sweatshops	sweatshop
sweatier	sweaty
sweatiest	sweaty
swedes	swede
swept	sweep
sweeps	sweep
sweepers	sweeper
sweepings	sweeping
sweets	sweet
sweeter	sweet
sweetest	sweet
sweetening	sweeten
sweetens	sweeten
sweeteners	sweetener
sweethearts	sweetheart
sweetnesses	sweetness
swelled	swell
swells	swell
swellings	swelling
swerved	swerve
swerving	swerve
swerves	swerve
swifts	swift
swifter	swift
swiftest	swift
swigging	swig
swigged	swig
swigs	swig
swam	swim
swims	swim
swum	swim
swimmers	swimmer
swimsuits	swimsuit
swindled	swindle
swindling	swindle
swindles	swindle
swines	swine
swung	swing
swings	swing
swiped	swipe
swipes	swipe
swiping	swipe
swirled	swirl
swirls	swirl
swirlings	swirling
swished	swish
swishing	swish
swishes	swish
switched	switch
switches	switch
switchboards	switchboard
swivelled	swivel
swivelling	swivel
swivels	swivel
swooned	swoon
swooning	swoon
swoons	swoon
swooped	swoop
swooping	swoop
swoops	swoop
swopped	swop
swopping	swop
swops	swop
swords	sword
sycamores	sycamore
syllables	syllable
syllabled	syllable
syllabuses	syllabus
symbols	symbol
symbolics	symbolic
symbolises	symbolise
symbolised	symbolise
symbolising	symbolise
symbolized	symbolize
symbolizes	symbolize
symbolizing	symbolize
symmetries	symmetry
sympathised	sympathise
sympathises	sympathise
sympathising	sympathise
sympathized	sympathize
sympathizes	sympathize
sympathizing	sympathize
sympathizers	sympathizer
sympathies	sympathy
symphonies	symphony
symposiums	symposium
symptoms	symptom
synagogues	synagogue
synapses	synapse
synapsing	synapse
syncing	sync
synced	sync
syncs	sync
synchronized	synchronize
synchronizing	synchronize
synchronizes	synchronize
syndicates	syndicate
syndicating	syndicate
syndications	syndication
syndromes	syndrome
synergies	synergy
synods	synod
synonyms	synonym
synopses	synopsis
syntactics	syntactic
syntheses	synthesis
synthesised	synthesise
synthesising	synthesise
synthesises	synthesise
synthesized	synthesize
synthesizing	synthesize
synthesizes	synthesize
synthesizers	synthesizer
synthetics	synthetic
syrians	syrian
syringed	syringe
syringing	syringe
syringes	syringe
syrups	syrup
systems	system
systematics	systematic
systemics	systemic
t-shirts	t-shirt
tas	ta
tabs	tab
tabbed	tab
tabbing	tab
tables	table
tabled	table
tabling	table
tableaux	tableau
tablecloths	tablecloth
tablespoons	tablespoon
tablets	tablet
tabletops	tabletop
tabloids	tabloid
taboos	taboo
tabulated	tabulate
tabulates	tabulate
tabulating	tabulate
tacks	tack
tacked	tack
tacking	tack
tackling	tackle
tackled	tackle
tackles	tackle
tacos	taco
tactics	tactic
tadpoles	tadpole
taes	tae
tags	tag
tagged	tag
tagging	tag
tails	tail
tailed	tail
tailing	tail
tailbacks	tailback
tailgating	tailgate
tailgates	tailgate
tailgated	tailgate
tailors	tailor
tailoring	tailor
taints	taint
tainting	taint
took	take
taken	take
takes	take
takeoffs	takeoff
takeovers	takeover
takers	taker
takings	taking
tales	tale
talents	talent
talismans	talisman
talks	talk
talked	talk
talkers	talker
talkings	talking
taller	tall
tallest	tall
tallies	tally
tallied	tally
tallying	tally
talons	talon
taloned	talon
tamales	tamale
tamed	tame
taming	tame
tamer	tame
tames	tame
tamils	tamil
tampering	tamper
tampered	tamper
tampers	tamper
tampons	tampon
tamponing	tampon
tamponed	tampon
tans	tan
tanning	tan
tandems	tandem
tangs	tang
tangerines	tangerine
tangibles	tangible
tangles	tangle
tangling	tangle
tangos	tango
tangoing	tango
tangoed	tango
tangoes	tango
tanks	tank
tanking	tank
tanked	tank
tankers	tanker
tankered	tanker
tanneds	tanned
tanners	tanner
tantalizes	tantalize
tantalized	tantalize
tantrums	tantrum
tapped	tap
tapping	tap
taps	tap
tapes	tape
taping	tape
tapering	taper
tapers	taper
tapered	taper
tapestries	tapestry
tapestried	tapestry
tarred	tar
tars	tar
tarring	tar
targets	target
targeting	target
tariffs	tariff
tariffing	tariff
tariffed	tariff
tarmacking	tarmac
tarmacked	tarmac
tarmacs	tarmac
tarnished	tarnish
tarnishing	tarnish
tarnishes	tarnish
tarps	tarp
tarts	tart
tarting	tart
tarted	tart
tartans	tartan
tasks	task
tasked	task
tasking	task
tassels	tassel
tasselled	tassel
tastes	taste
tasted	taste
tasters	taster
tastings	tasting
tastier	tasty
tastiest	tasty
tats	tat
tatting	tat
tatted	tat
tater	tate
tatters	tatter
tattering	tatter
tattoos	tattoo
tattooing	tattoo
tattooed	tattoo
taunted	taunt
taunts	taunt
taunting	taunt
tauter	taut
tauting	taut
taverns	tavern
tawnies	tawny
taxes	tax
taxed	tax
taxations	taxation
taxis	taxi
taxiing	taxi
taxied	taxi
taxies	taxi
taxonomies	taxonomy
taxpayers	taxpayer
tbs	tb
tbsps	tbsp
tes	te
teas	tea
taught	teach
teaches	teach
teachers	teacher
teachings	teaching
teacups	teacup
teams	team
teamed	team
teaming	team
team-mates	team-mate
teammates	teammate
teamworks	teamwork
teamworking	teamwork
teapots	teapot
tears	tear
tore	tear
tearing	tear
teased	tease
teases	tease
teaspoons	teaspoon
techs	tech
technicalities	technicality
technicians	technician
techniques	technique
technocrats	technocrat
technologists	technologist
technologies	technology
tectonics	tectonic
teds	ted
teddies	teddy
teeing	tee
teed	tee
teemed	teem
teems	teem
teens	teen
teenagers	teenager
teetered	teeter
teetering	teeter
teeters	teeter
telecasting	telecast
telecasts	telecast
telegrams	telegram
telegraphs	telegraph
telegraphed	telegraph
telegraphing	telegraph
telephoned	telephone
telephones	telephone
telephoning	telephone
telescopes	telescope
telescoped	telescope
telescoping	telescope
televising	televise
televises	televise
televisions	television
telexes	telex
telexed	telex
telexing	telex
told	tell
tells	tell
tellers	teller
tellings	telling
telltales	telltale
tellies	telly
temps	temp
temping	temp
temped	temp
tempered	temper
tempers	temper
tempering	temper
temperaments	temperament
temperatures	temperature
tempests	tempest
templates	template
templating	template
temples	temple
templetons	templeton
tempos	tempo
temporaries	temporary
tempts	tempt
temptations	temptation
tenacities	tenacity
tenancies	tenancy
tenants	tenant
tenanted	tenant
tenanting	tenant
tends	tend
tended	tend
tending	tend
tendencies	tendency
tenders	tender
tendered	tender
tendons	tendon
tendoned	tendon
tendrils	tendril
tendrilled	tendril
tenements	tenement
tenets	tenet
tennants	tennant
tenors	tenor
tensed	tense
tensing	tense
tenses	tense
tensions	tension
tensioned	tension
tensors	tensor
tents	tent
tented	tent
tenting	tent
tentacles	tentacle
tentacled	tentacle
tenures	tenure
tequilas	tequila
ters	ter
termed	term
terming	term
terminals	terminal
terminated	terminate
terminating	terminate
terminates	terminate
terminations	termination
terminologies	terminology
termini	terminus
termites	termite
terns	tern
terraces	terrace
terracing	terrace
terracottas	terracotta
terrains	terrain
terrestrials	terrestrial
terriers	terrier
terrifies	terrify
territorials	territorial
territories	territory
terrors	terror
terrorists	terrorist
terrorized	terrorize
terrorizing	terrorize
terrorizes	terrorize
terries	terry
terser	terse
tertiaries	tertiary
tessas	tessa
tests	test
testaments	testament
testators	testator
testers	tester
testicles	testicle
testified	testify
testifies	testify
testifying	testify
testimonials	testimonial
testimonies	testimony
testings	testing
tethered	tether
tethers	tether
tethering	tether
texans	texan
texts	text
textbooks	textbook
textiles	textile
textures	texture
texturing	texture
thas	tha
thanked	thank
thanking	thank
thanksgivings	thanksgiving
thatching	thatch
thatches	thatch
thatchers	thatcher
thatcherites	thatcherite
thawed	thaw
thawing	thaw
thaws	thaw
theatres	theatre
theatricals	theatrical
thees	thee
thefts	theft
thems	them
thematics	thematic
themes	theme
theos	theo
theologians	theologian
theologies	theology
theorems	theorem
theorists	theorist
theorizing	theorize
theorized	theorize
theorizes	theorize
theories	theory
therapists	therapist
therapies	therapy
thermals	thermal
thermalling	thermal
thermometers	thermometer
thermostats	thermostat
thermostatted	thermostat
theses	thesis
thicker	thick
thickest	thick
thickened	thicken
thickening	thicken
thickens	thicken
thickets	thicket
thicknesses	thickness
thicknessing	thickness
thieves	thief
thighs	thigh
thinner	thin
thinning	thin
thinnest	thin
thinned	thin
thins	thin
things	thing
thingies	thingy
thinks	think
think-tanks	think-tank
thinkers	thinker
thirsting	thirst
thirsts	thirst
thirsted	thirst
thirstier	thirsty
thirstiest	thirsty
thistles	thistle
thongs	thong
thonging	thong
thorns	thorn
thorning	thorn
thorned	thorn
thorniest	thorny
thornier	thorny
thoroughbreds	thoroughbred
thoroughfares	thoroughfare
thoughts	thought
thrashed	thrash
thrashes	thrash
thrashings	thrashing
threads	thread
threaded	thread
threading	thread
threats	threat
threatens	threaten
thresholds	threshold
thrifts	thrift
thrills	thrill
thrillers	thriller
thrives	thrive
thrived	thrive
throats	throat
throatier	throaty
throbbed	throb
throbs	throb
thrones	throne
throning	throne
throned	throne
thronged	throng
thronging	throng
throngs	throng
throttles	throttle
throttling	throttle
throttled	throttle
thrown	throw
threw	throw
throwing	throw
throws	throw
throw-ins	throw-in
throwbacks	throwback
throwers	thrower
thrushes	thrush
thrusts	thrust
thrusters	thruster
thudding	thud
thudded	thud
thuds	thud
thugs	thug
thugging	thug
thumbs	thumb
thumbed	thumb
thumbing	thumb
thumbnails	thumbnail
thumbnailing	thumbnail
thumped	thump
thumps	thump
thumpings	thumping
thundered	thunder
thundering	thunder
thunders	thunder
thunderstorms	thunderstorm
thursdays	thursday
thwarted	thwart
thwarting	thwart
thwarts	thwart
thier	thy
thys	thy
thymes	thyme
tibetans	tibetan
tics	tic
ticks	tick
ticked	tick
tickers	ticker
tickets	ticket
ticketing	ticket
ticketed	ticket
tickling	tickle
tickled	tickle
tickles	tickle
tidbits	tidbit
tides	tide
tiding	tide
tided	tide
tidying	tidy
tidied	tidy
tidier	tidy
tidies	tidy
tidiest	tidy
ties	tie
tying	tie
tiers	tier
tigers	tiger
tighter	tight
tightest	tight
tightened	tighten
tightens	tighten
tightroped	tightrope
tightropes	tightrope
tiles	tile
tiling	tile
tills	till
tilling	till
tilled	till
tillers	tiller
tillering	tiller
tillered	tiller
tilted	tilt
tilting	tilt
tilts	tilt
tims	tim
timbers	timber
timbered	timber
timbres	timbre
timed	time
timelines	timeline
timers	timer
timescales	timescale
timetables	timetable
timetabling	timetable
timetabled	timetable
timings	timing
tins	tin
tinning	tin
tinged	tinge
tinges	tinge
tingeing	tinge
tingling	tingle
tingled	tingle
tingles	tingle
tinkering	tinker
tinkers	tinker
tinkered	tinker
tints	tint
tinting	tint
tiniest	tiny
tinier	tiny
tinies	tiny
tions	tion
tips	tip
tipped	tip
tipping	tip
tip-offs	tip-off
tiptoed	tiptoe
tiptoeing	tiptoe
tiptoes	tiptoe
tirades	tirade
tires	tire
tissues	tissue
tissuing	tissue
tissued	tissue
tits	tit
titans	titan
titfords	titford
tithes	tithe
tithing	tithe
tithed	tithe
titillating	titillate
titillated	titillate
titillates	titillate
titles	title
titling	title
toads	toad
toasting	toast
toasts	toast
toasters	toaster
tobaccos	tobacco
todays	today
toddlers	toddler
toes	toe
toed	toe
toeing	toe
toenails	toenail
toenailing	toenail
toenailed	toenail
toffees	toffee
toiled	toil
toils	toil
toiling	toil
toilets	toilet
toiletries	toiletry
tokens	token
tolerances	tolerance
tolerated	tolerate
tolerating	tolerate
tolerates	tolerate
tolkiens	tolkien
tolls	toll
tolled	toll
tolling	toll
toms	tom
tomatoes	tomato
tombs	tomb
tombstones	tombstone
tomes	tome
tommies	tommy
tomorrows	tomorrow
tons	ton
toning	ton
tonner	ton
tones	tone
toned	tone
toners	toner
tongues	tongue
tonguing	tongue
tongued	tongue
tonics	tonic
tonnes	tonne
tools	tool
tooling	tool
tooled	tool
toolboxes	toolbox
toolkits	toolkit
tooted	toot
tooting	toot
toots	toot
teeth	tooth
toothbrushes	toothbrush
toothbrushing	toothbrush
toothpastes	toothpaste
toothpicks	toothpick
toothpicked	toothpick
tops	top
topped	top
top-ups	top-up
topics	topic
topographies	topography
toppings	topping
toppled	topple
toppling	topple
topples	topple
topsoils	topsoil
topsoiled	topsoil
tors	tor
torches	torch
torched	torch
torching	torch
tormented	torment
tormenting	torment
torments	torment
tornados	tornado
torpedoing	torpedo
torpedos	torpedo
torpedoed	torpedo
torques	torque
torrents	torrent
torsos	torso
torts	tort
tortillas	tortilla
tortoises	tortoise
tortoising	tortoise
tortoised	tortoise
torturing	torture
tortures	torture
tories	tory
toshibas	toshiba
tossed	toss
tossing	toss
tosses	toss
tots	tot
totting	tot
totted	tot
totalling	total
totalled	total
totals	total
totalitarians	totalitarian
totalitarianisms	totalitarianism
totalities	totality
toting	tote
totes	tote
toted	tote
totems	totem
tottered	totter
tottering	totter
totters	totter
touched	touch
touches	touch
touchdowns	touchdown
touchings	touching
touchlines	touchline
touchstones	touchstone
touchier	touchy
tougher	tough
toughest	tough
toughs	tough
toughened	toughen
toughens	toughen
toughening	toughen
tours	tour
toured	tour
tourists	tourist
tournaments	tournament
touted	tout
touting	tout
touts	tout
towed	tow
towing	tow
tows	tow
towels	towel
towelled	towel
towelling	towel
towered	tower
towns	town
townships	township
towpaths	towpath
toxics	toxic
toxicities	toxicity
toxins	toxin
toys	toy
toyed	toy
toying	toy
traced	trace
traces	trace
tracers	tracer
tracings	tracing
tracks	track
tracked	track
trackers	tracker
trackings	tracking
tracksuits	tracksuit
tracts	tract
tractions	traction
tractors	tractor
trades	trade
traded	trade
trade-ins	trade-in
trade-offs	trade-off
trademarks	trademark
trademarking	trademark
traders	trader
tradesmen	tradesman
traditions	tradition
traditionalists	traditionalist
trafficked	traffic
traffics	traffic
traffickers	trafficker
tragedies	tragedy
trailed	trail
trails	trail
trailers	trailer
trailering	trailer
trailered	trailer
trains	train
trainees	trainee
trainers	trainer
traits	trait
traitors	traitor
trajectories	trajectory
trams	tram
tramming	tram
trammed	tram
tramps	tramp
tramping	tramp
tramped	tramp
trampled	trample
trampling	trample
tramples	trample
tramways	tramway
trances	trance
tranced	trance
trancing	trance
tranquils	tranquil
tranquilizers	tranquilizer
transactions	transaction
transcends	transcend
transcended	transcend
transcending	transcend
transcribed	transcribe
transcribing	transcribe
transcribes	transcribe
transcripts	transcript
transcriptions	transcription
transducers	transducer
transferred	transfer
transfers	transfer
transferring	transfer
transfixed	transfix
transfixing	transfix
transfixes	transfix
transformed	transform
transforming	transform
transforms	transform
transformations	transformation
transformers	transformer
transfusions	transfusion
transgenics	transgenic
transgressed	transgress
transgressing	transgress
transgresses	transgress
transgressions	transgression
transients	transient
transistors	transistor
transits	transit
transiting	transit
transitted	transit
transited	transit
transitions	transition
transitioned	transition
transitioning	transition
transitionals	transitional
translated	translate
translating	translate
translates	translate
translations	translation
translators	translator
transmissions	transmission
transmitting	transmit
transmits	transmit
transmitters	transmitter
transnationals	transnational
transoms	transom
transparencies	transparency
transparents	transparent
transpired	transpire
transpires	transpire
transpiring	transpire
transplants	transplant
transplanted	transplant
transplanting	transplant
transplantations	transplantation
transported	transport
transporting	transport
transports	transport
transportations	transportation
transporters	transporter
transposed	transpose
transposing	transpose
transposes	transpose
transversed	transverse
transvestites	transvestite
traps	trap
trappers	trapper
trashed	trash
trashing	trash
trashes	trash
traumas	trauma
traumatized	traumatize
traumatizes	traumatize
traumatizing	traumatize
travails	travail
travailing	travail
travailed	travail
travelled	travel
travels	travel
travelers	traveler
travellers	traveller
traversed	traverse
traversing	traverse
traverses	traverse
travesties	travesty
travestying	travesty
travestied	travesty
trawling	trawl
trawled	trawl
trawls	trawl
trawlers	trawler
trays	tray
treacheries	treachery
treading	tread
trod	tread
trodden	tread
treads	tread
treadmills	treadmill
treasons	treason
treasures	treasure
treasuring	treasure
treasurers	treasurer
treasuries	treasury
treating	treat
treats	treat
treatises	treatise
treatments	treatment
treaties	treaty
trebled	treble
trebles	treble
trebling	treble
trees	tree
treeing	tree
treed	tree
treetops	treetop
trekking	trek
trekked	trek
treks	trek
trellising	trellis
trellised	trellis
trellises	trellis
trembled	tremble
trembles	tremble
tremblings	trembling
tremors	tremor
trenches	trench
trenching	trench
trenched	trench
trends	trend
trending	trend
trended	trend
trendies	trendy
trendiest	trendy
trendier	trendy
trepidations	trepidation
trespassing	trespass
trespasses	trespass
trespassed	trespass
trespassers	trespasser
tresses	tress
triads	triad
trials	trial
trialled	trial
triangles	triangle
triathlons	triathlon
tribals	tribal
tribes	tribe
tribesmen	tribesman
tribulations	tribulation
tribunals	tribunal
tribunes	tribune
tributaries	tributary
tributes	tribute
tricks	trick
tricked	trick
tricking	trick
trickled	trickle
trickling	trickle
trickles	trickle
tricksters	trickster
trickier	tricky
trickiest	tricky
tridents	trident
trifles	trifle
trifled	trifle
triggered	trigger
triggering	trigger
triggers	trigger
trilogies	trilogy
trimmed	trim
trims	trim
trimmer	trim
trimesters	trimester
trimmings	trimming
trinkets	trinket
trios	trio
trips	trip
tripping	trip
tripped	trip
tripled	triple
triples	triple
tripling	triple
triplets	triplet
tripods	tripod
tripodding	tripod
tritest	trite
triumphs	triumph
triumphed	triumph
triumphing	triumph
triumphants	triumphant
trivialized	trivialize
trivializing	trivialize
trivializes	trivialize
trnas	trna
trojans	trojan
trolls	troll
trolling	troll
trolled	troll
trolleys	trolley
troops	troop
trooped	troop
trooping	troop
troopers	trooper
tropes	trope
trophies	trophy
tropicals	tropical
trotted	trot
trotting	trot
trots	trot
troubles	trouble
troublemakers	troublemaker
troughs	trough
troughed	trough
troughing	trough
troupes	troupe
trouts	trout
troves	trove
trowels	trowel
trowelling	trowel
trowelled	trowel
truancies	truancy
truces	truce
trucks	truck
trucked	truck
truckers	trucker
truckloads	truckload
trudged	trudge
trudging	trudge
trudges	trudge
truer	true
truest	true
truing	true
trued	true
trues	true
truffles	truffle
truisms	truism
trumps	trump
trumped	trump
trumping	trump
trumpets	trumpet
trumpeting	trumpet
trumpeted	trumpet
trumpeters	trumpeter
trundled	trundle
trundling	trundle
trundles	trundle
trunks	trunk
trunking	trunk
trussed	truss
trusses	truss
trussing	truss
trusts	trust
trustees	trustee
trusties	trusty
trustiest	trusty
truths	truth
tries	try
tryouts	tryout
tsars	tsar
tsarists	tsarist
tubs	tub
tubbing	tub
tubbed	tub
tubes	tube
tubed	tube
tubers	tuber
tubulars	tubular
tucked	tuck
tucking	tuck
tucks	tuck
tuckers	tucker
tuckering	tucker
tuckered	tucker
tuesdays	tuesday
tufts	tuft
tufting	tuft
tugged	tug
tugging	tug
tugs	tug
tuitioning	tuition
tulips	tulip
tumbled	tumble
tumbles	tumble
tumblers	tumbler
tummies	tummy
tumors	tumor
tumours	tumour
tumults	tumult
tunas	tuna
tundras	tundra
tunes	tune
tuned	tune
tunics	tunic
tunings	tuning
tunnels	tunnel
tunnelled	tunnel
tunnelling	tunnel
turbans	turban
turbines	turbine
turbos	turbo
turbulences	turbulence
turfed	turf
turfs	turf
turfing	turf
turks	turk
turkeys	turkey
turmoils	turmoil
turmoiled	turmoil
turned	turn
turns	turn
turnarounds	turnaround
turners	turner
turnings	turning
turnips	turnip
turnouts	turnout
turnovers	turnover
turnpikes	turnpike
turnpiked	turnpike
turnpiking	turnpike
turntables	turntable
turquoises	turquoise
turrets	turret
turtles	turtle
turtling	turtle
turtled	turtle
tusks	tusk
tusked	tusk
tusking	tusk
tussles	tussle
tussling	tussle
tussled	tussle
tutors	tutor
tutored	tutor
tutorials	tutorial
tuxedos	tuxedo
twanging	twang
twanged	twang
twangs	twang
tweaking	tweak
tweaked	tweak
tweaks	tweak
tweeds	tweed
tweeded	tweed
twigs	twig
twigged	twig
twigging	twig
twilights	twilight
twins	twin
twinned	twin
twinning	twin
twining	twine
twined	twine
twines	twine
twinges	twinge
twingeing	twinge
twinged	twinge
twinkled	twinkle
twinkling	twinkle
twinkles	twinkle
twirled	twirl
twirling	twirl
twirls	twirl
twists	twist
twistings	twisting
twitched	twitch
twitching	twitch
twitches	twitch
two-pieces	two-piece
tycoons	tycoon
tynes	tyne
types	type
typed	type
typefaces	typeface
typewriters	typewriter
typhoons	typhoon
typified	typify
typifies	typify
typifying	typify
typists	typist
typologies	typology
tyrannies	tyranny
tyrants	tyrant
tyres	tyre
u-turns	u-turn
udcs	udc
ufos	ufo
ughs	ugh
uglinesses	ugliness
ugliest	ugly
uglier	ugly
uglies	ugly
ukrainians	ukrainian
ulcers	ulcer
ulcerations	ulceration
ultimates	ultimate
ultimatums	ultimatum
ultras	ultra
ultrasounds	ultrasound
ums	um
ummed	um
umming	um
umbers	umber
umbilicals	umbilical
umbrellas	umbrella
umms	umm
umpires	umpire
umpiring	umpire
umpired	umpire
unavailables	unavailable
unbuttoned	unbutton
unbuttoning	unbutton
unbuttons	unbutton
uncanniest	uncanny
uncertainties	uncertainty
uncles	uncle
uncovered	uncover
uncovering	uncover
uncovers	uncover
undecideds	undecided
under-secretaries	under-secretary
underclasses	underclass
undercurrents	undercurrent
undercutting	undercut
undercuts	undercut
underdogs	underdog
underestimated	underestimate
underestimating	underestimate
underestimates	underestimate
undergoing	undergo
undergone	undergo
underwent	undergo
undergoes	undergo
undergraduates	undergraduate
undergrounding	underground
undergrowths	undergrowth
underlay	underlie
underlies	underlie
underlined	underline
underlines	underline
underlining	underline
undermined	undermine
undermining	undermine
undermines	undermine
underpinned	underpin
underpins	underpin
underpinnings	underpinning
underrated	underrate
underrates	underrate
underrating	underrate
underscored	underscore
underscores	underscore
underscoring	underscore
underseas	undersea
undersecretaries	undersecretary
undersides	underside
understood	understand
understands	understand
understandings	understanding
understates	understate
understating	understate
understatements	understatement
undertaken	undertake
undertook	undertake
undertakes	undertake
undertakers	undertaker
undertakings	undertaking
undertones	undertone
undervalued	undervalue
undervalues	undervalue
undervaluing	undervalue
underworlds	underworld
underwrites	underwrite
underwrote	underwrite
underwriters	underwriter
undesirables	undesirable
undone	undo
undid	undo
undoes	undo
undressed	undress
undressing	undress
undresses	undress
undulated	undulate
undulates	undulate
unearthed	unearth
unearthing	unearth
unearths	unearth
unequals	unequal
unfairest	unfair
unfairnesses	unfairness
unfits	unfit
unfitting	unfit
unfitted	unfit
unfolds	unfold
unfolded	unfold
unfortunates	unfortunate
unfurled	unfurl
unfurling	unfurl
unfurls	unfurl
unhappiest	unhappy
unhappier	unhappy
unhooked	unhook
unhooking	unhook
unhooks	unhook
unicorns	unicorn
uniforms	uniform
uniforming	uniform
uniformities	uniformity
unifies	unify
unions	union
unionists	unionist
unisons	unison
units	unit
unites	unite
uniting	unite
unities	unity
universals	universal
universalities	universality
universes	universe
universities	university
unixes	unix
unkindest	unkind
unknowns	unknown
unleashed	unleash
unleashing	unleash
unleashes	unleash
unlikeliest	unlikely
unloaded	unload
unloading	unload
unloads	unload
unlocked	unlock
unlocking	unlock
unlocks	unlock
unluckiest	unlucky
unluckier	unlucky
unmasked	unmask
unmasking	unmask
unmasks	unmask
unnerved	unnerve
unnerves	unnerve
unpacking	unpack
unpacked	unpack
unpacks	unpack
unpredictabilities	unpredictability
unravelling	unravel
unravelled	unravel
unravels	unravel
unrealities	unreality
unreliables	unreliable
unrests	unrest
unrulier	unruly
unscrewed	unscrew
unscrewing	unscrew
unscrews	unscrew
unseated	unseat
unseating	unseat
unseats	unseat
unsettles	unsettle
unsolder	unsold
unsolveds	unsolved
unspeakables	unspeakable
untangling	untangle
untangles	untangle
untangled	untangle
untidiest	untidy
untidier	untidy
untying	untie
untied	untie
unties	untie
untouchables	untouchable
unveiled	unveil
unveiling	unveil
unveils	unveil
unwelcoming	unwelcome
unwinding	unwind
unwinds	unwind
unwound	unwind
unwrapping	unwrap
unwraps	unwrap
unzipped	unzip
unzipping	unzip
unzips	unzip
upped	up
upping	up
ups	up
up-and-comings	up-and-coming
upbeats	upbeat
upbringings	upbringing
updating	update
updates	update
upended	upend
upending	upend
upends	upend
upgraded	upgrade
upgrades	upgrade
upgradings	upgrading
upheavals	upheaval
upholding	uphold
upholds	uphold
uplands	upland
uplifts	uplift
uplifted	uplift
uploading	upload
uploaded	upload
uploads	upload
uppers	upper
uprights	upright
uprighted	upright
uprisings	uprising
uproars	uproar
uprooting	uproot
uproots	uproot
upsets	upset
upshots	upshot
upsides	upside
upstaged	upstage
upstaging	upstage
upstages	upstage
upstarts	upstart
upsurges	upsurge
upswings	upswing
upswinging	upswing
uptakes	uptake
uptowner	uptown
upturns	upturn
upturning	upturn
urchins	urchin
urged	urge
urges	urge
urgencies	urgency
urgings	urging
urinals	urinal
urinating	urinate
urinated	urinate
urinates	urinate
urns	urn
usages	usage
using	use
uses	use
users	user
ushered	usher
ushering	usher
ushers	usher
usurped	usurp
usurping	usurp
usurps	usurp
utensils	utensil
utilisations	utilisation
utilised	utilise
utilising	utilise
utilises	utilise
utilitarians	utilitarian
utilities	utility
utilized	utilize
utilizing	utilize
utilizes	utilize
utopias	utopia
utopians	utopian
uttered	utter
uttering	utter
utters	utter
utterances	utterance
vacancies	vacancy
vacated	vacate
vacating	vacate
vacates	vacate
vacations	vacation
vacationing	vacation
vacationed	vacation
vaccinated	vaccinate
vaccinating	vaccinate
vaccinates	vaccinate
vaccinations	vaccination
vaccines	vaccine
vacuums	vacuum
vacuuming	vacuum
vacuumed	vacuum
vaginas	vagina
vagrants	vagrant
vainest	vain
vainer	vain
vales	vale
valentines	valentine
valets	valet
valeting	valet
valeted	valet
valiants	valiant
validated	validate
validating	validate
validates	validate
validations	validation
valiums	valium
valleys	valley
valuations	valuation
values	value
valuing	value
valuers	valuer
valves	valve
valved	valve
vampires	vampire
vans	van
vandals	vandal
vandalisms	vandalism
vanes	vane
vanguards	vanguard
vanishes	vanish
vanities	vanity
vantages	vantage
vapors	vapor
vaporized	vaporize
vaporizes	vaporize
vaporizing	vaporize
vapours	vapour
vapouring	vapour
variabilities	variability
variables	variable
variances	variance
variants	variant
variations	variation
varieties	variety
varnishes	varnish
varnished	varnish
varnishing	varnish
varsities	varsity
varies	vary
vases	vase
vassals	vassal
vaster	vast
vastnesses	vastness
vats	vat
vaults	vault
vaulting	vault
vaxes	vax
vdus	vdu
veals	veal
vectors	vector
veered	veer
veers	veer
veering	veer
vegs	veg
vegged	veg
vegans	vegan
vegetables	vegetable
vegetarians	vegetarian
vehicles	vehicle
veils	veil
veiling	veil
veins	vein
veined	vein
veining	vein
velocities	velocity
velvets	velvet
vends	vend
vended	vend
vendettas	vendetta
vendors	vendor
veneers	veneer
veneered	veneer
veneering	veneer
venerated	venerate
venerating	venerate
venerates	venerate
venetians	venetian
venezuelans	venezuelan
venoms	venom
vents	vent
venting	vent
vented	vent
ventilated	ventilate
ventilating	ventilate
ventilates	ventilate
ventilations	ventilation
ventilators	ventilator
ventures	venture
ventured	venture
venturing	venture
venues	venue
veras	vera
verandas	veranda
verandahs	verandah
verbs	verb
verbals	verbal
verdicts	verdict
verging	verge
verges	verge
verged	verge
verifications	verification
verified	verify
verifying	verify
verifies	verify
verities	verity
vernaculars	vernacular
veronicas	veronica
verses	verse
versed	verse
versing	verse
versions	version
vertebrae	vertebra
vertebrates	vertebrate
verticals	vertical
vertigos	vertigo
vessels	vessel
vests	vest
vesting	vest
vestibules	vestibule
vestibuled	vestibule
vestiges	vestige
vestries	vestry
vets	vet
vetted	vet
vetting	vet
veterans	veteran
veterinarians	veterinarian
vetoed	veto
vetoing	veto
vetoes	veto
vexing	vex
vexes	vex
viables	viable
viaducts	viaduct
vials	vial
vibes	vibe
vibing	vibe
vibed	vibe
vibrating	vibrate
vibrated	vibrate
vibrates	vibrate
vibrations	vibration
vicars	vicar
vicarages	vicarage
vices	vice
vice-chancellors	vice-chancellor
vicinities	vicinity
victims	victim
victimizations	victimization
victimized	victimize
victimizing	victimize
victimizes	victimize
victors	victor
victorias	victoria
victorians	victorian
victories	victory
videos	video
videoing	video
videotapes	videotape
videotaping	videotape
vying	vie
vied	vie
vies	vie
views	view
viewed	view
viewers	viewer
viewfinders	viewfinder
viewings	viewing
viewpoints	viewpoint
vigils	vigil
vigilantes	vigilante
vignettes	vignette
vikings	viking
vilest	vile
viler	vile
vilified	vilify
vilifying	vilify
vilifies	vilify
villas	villa
villages	village
villagers	villager
villains	villain
vinaigrettes	vinaigrette
vindicated	vindicate
vindicates	vindicate
vindicating	vindicate
vindications	vindication
vines	vine
vining	vine
vinegars	vinegar
vineyards	vineyard
vintages	vintage
vinyls	vinyl
violas	viola
violated	violate
violating	violate
violates	violate
violations	violation
violators	violator
violets	violet
violins	violin
violinists	violinist
vips	vip
virgins	virgin
virginities	virginity
virtues	virtue
virtuosi	virtuoso
viruses	virus
visas	visa
visaing	visa
visaed	visa
visages	visage
viscosities	viscosity
viscounts	viscount
visions	vision
visionaries	visionary
visited	visit
visits	visit
visitations	visitation
visitings	visiting
visitors	visitor
visors	visor
vistas	vista
visualised	visualise
visualising	visualise
visualises	visualise
visualizations	visualization
visualized	visualize
visualizing	visualize
visualizes	visualize
vitals	vital
vitamins	vitamin
vitrioling	vitriol
vitrioled	vitriol
vitriols	vitriol
vivas	viva
vocabularies	vocabulary
vocalists	vocalist
vocations	vocation
vodkas	vodka
vogues	vogue
vogued	vogue
vogueing	vogue
voices	voice
voiced	voice
voicing	voice
voids	void
voided	void
voiding	void
voider	void
vols	vol
volatiles	volatile
volatilities	volatility
volcanics	volcanic
volcanos	volcano
voles	vole
volitions	volition
volleys	volley
volleyed	volley
volleying	volley
volts	volt
voltages	voltage
volumes	volume
voluntaries	voluntary
volunteers	volunteer
volunteered	volunteer
volunteering	volunteer
vomiting	vomit
vomited	vomit
vomits	vomit
voodoos	voodoo
voodooing	voodoo
voodooed	voodoo
vortices	vortex
vortexing	vortex
vortexed	vortex
votes	vote
voted	vote
voters	voter
vouched	vouch
vouching	vouch
vouches	vouch
vouchers	voucher
vowed	vow
vows	vow
vowing	vow
vowels	vowel
voyages	voyage
voyaging	voyage
voyaged	voyage
vulgarities	vulgarity
vulnerabilities	vulnerability
vultures	vulture
ws	w
wackiest	wacky
wackier	wacky
wads	wad
wadded	wad
wadding	wad
waddingtons	waddington
waddled	waddle
waddling	waddle
waddles	waddle
waded	wade
wading	wade
wades	wade
waders	wader
wafers	wafer
waffling	waffle
waffles	waffle
waffled	waffle
wafted	waft
wafting	waft
wafts	waft
wagging	wag
wagged	wag
wags	wag
wages	wage
waged	wage
waging	wage
wagers	wager
wagered	wager
wagering	wager
wagons	wagon
wailed	wail
wailing	wail
wails	wail
waists	waist
waisted	waist
waistbands	waistband
waistcoats	waistcoat
waistlines	waistline
waited	wait
waits	wait
waiters	waiter
waitings	waiting
waitresses	waitress
waitressing	waitress
waitressed	waitress
waived	waive
waiving	waive
waives	waive
waivers	waiver
waivered	waiver
woke	wake
woken	wake
wakes	wake
wakened	waken
wakening	waken
wakens	waken
wakings	waking
walked	walk
walks	walk
walk-ons	walk-on
walkers	walker
walkmans	walkman
walkouts	walkout
walkways	walkway
walkwayed	walkway
walling	wall
wallabies	wallaby
wallets	wallet
wallowing	wallow
wallowed	wallow
wallows	wallow
wallpapers	wallpaper
wallpapering	wallpaper
wallpapered	wallpaper
wallies	wally
walnuts	walnut
waltzing	waltz
waltzed	waltz
waltzes	waltz
wans	wan
wanning	wan
wanned	wan
wands	wand
wandered	wander
wanders	wander
wanderers	wanderer
wanderings	wandering
waned	wane
wanes	wane
wanging	wang
wannabes	wannabe
wants	want
wantons	wanton
wantoning	wanton
wantoned	wanton
wars	war
warred	war
wards	ward
warding	ward
warded	ward
wardens	warden
wardening	warden
wardrobes	wardrobe
waring	ware
wared	ware
warehouses	warehouse
warehoused	warehouse
warehousing	warehouse
warheads	warhead
warlords	warlord
warmer	warm
warmed	warm
warmest	warm
warms	warm
warm-ups	warm-up
warned	warn
warns	warn
warnings	warning
warping	warp
warps	warp
warplanes	warplane
warrants	warrant
warranted	warrant
warranting	warrant
warranties	warranty
warrens	warren
warrings	warring
warriors	warrior
warships	warship
warts	wart
warted	wart
warier	wary
washes	wash
washers	washer
washings	washing
wastages	wastage
wasting	waste
wastes	waste
wastelands	wasteland
watched	watch
watches	watch
watchdogs	watchdog
watchers	watcher
watchmen	watchman
watchwords	watchword
watered	water
watercolours	watercolour
waterfalls	waterfall
waterings	watering
watermen	waterman
watermelons	watermelon
waterproofs	waterproof
waterproofed	waterproof
waterproofing	waterproof
watersheds	watershed
watersides	waterside
waterways	waterway
waves	wave
waved	wave
waveforms	waveform
wavelengths	wavelength
wavered	waver
wavering	waver
wavers	waver
wavings	waving
wavier	wavy
waxing	wax
waxes	wax
ways	way
waysides	wayside
wcs	wc
weas	wea
weaker	weak
weakens	weaken
weaknesses	weakness
wealthier	wealthy
wealthiest	wealthy
weaning	wean
weaned	wean
weans	wean
weapons	weapon
wore	wear
wears	wear
wearers	wearer
wearinesses	weariness
wearings	wearing
wearied	weary
wearying	weary
wearier	weary
wearies	weary
weariest	weary
weasels	weasel
weaselled	weasel
weathers	weather
weathermen	weatherman
wove	weave
weaves	weave
weavers	weaver
weavings	weaving
webs	web
webbing	web
webbed	web
weds	wed
weddings	wedding
wedges	wedge
wedged	wedge
wedging	wedge
wedlocks	wedlock
wednesdays	wednesday
wees	wee
weeing	wee
weer	wee
weest	wee
weeds	weed
weeding	weed
weeded	weed
weediest	weedy
weedier	weedy
weedies	weedy
weeks	week
weekdays	weekday
weekends	weekend
weekending	weekend
weekended	weekend
weeklies	weekly
wept	weep
weeps	weep
weepings	weeping
weevils	weevil
weighed	weigh
weighs	weigh
weighings	weighing
weights	weight
weightings	weighting
weightier	weighty
weightiest	weighty
weirs	weir
welcomed	welcome
welcomes	welcome
welded	weld
welds	weld
welders	welder
welling	well
welled	well
wellingtons	wellington
wellies	welly
wellied	welly
wellying	welly
welshing	welsh
welshed	welsh
welshes	welsh
welshmen	welshman
welts	welt
welted	welt
welting	welt
welters	welter
weltering	welter
weltered	welter
westerns	western
westerners	westerner
westlands	westland
wetter	wet
wetting	wet
wettest	wet
wets	wet
wetlands	wetland
whed	wh
whas	wha
whacked	whack
whacks	whack
whacking	whack
whales	whale
whaled	whale
whammed	wham
whamming	wham
whams	wham
wharves	wharf
wharfing	wharf
wharfed	wharf
wharfs	wharf
wheats	wheat
wheels	wheel
wheeled	wheel
wheeling	wheel
wheelbarrows	wheelbarrow
wheelbarrowing	wheelbarrow
wheelbarrowed	wheelbarrow
wheelchairs	wheelchair
wheelers	wheeler
wheezing	wheeze
wheezed	wheeze
wheezes	wheeze
whetted	whet
whetting	whet
whets	whet
whiffs	whiff
whiffed	whiff
whiffing	whiff
whigs	whig
whims	whim
whimpered	whimper
whimpering	whimper
whimpers	whimper
whimsies	whimsy
whining	whine
whined	whine
whines	whine
whingeing	whinge
whinged	whinge
whinges	whinge
whips	whip
whipping	whip
whirred	whir
whirring	whir
whirs	whir
whirled	whirl
whirling	whirl
whirls	whirl
whirlpools	whirlpool
whirlpooled	whirlpool
whirlwinds	whirlwind
whisked	whisk
whisking	whisk
whisks	whisk
whiskers	whisker
whiskeys	whiskey
whiskies	whisky
whispering	whisper
whispers	whisper
whistled	whistle
whistles	whistle
whited	whit
whits	whit
whites	white
whiter	white
whiting	white
whiteheads	whitehead
whiteheaded	whitehead
whitewashed	whitewash
whitewashing	whitewash
whitewashes	whitewash
whittled	whittle
whittling	whittle
whittles	whittle
whizzing	whiz
whizzed	whiz
whizzes	whiz
wholes	whole
wholesaling	wholesale
wholesaled	wholesale
wholesales	wholesale
wholesalers	wholesaler
whoops	whoop
whooping	whoop
whooped	whoop
whooper	whoop
whores	whore
whoring	whore
whored	whore
wicks	wick
wickednesses	wickedness
wickets	wicket
wider	wide
widest	wide
widened	widen
widens	widen
widenings	widening
widows	widow
widowing	widow
widowers	widower
widths	width
wielding	wield
wielded	wield
wields	wield
wives	wife
wigs	wig
wigging	wig
wiggled	wiggle
wiggling	wiggle
wiggles	wiggle
wights	wight
wilberforces	wilberforce
wilder	wild
wildest	wild
wilds	wild
wildes	wilde
wildernesses	wilderness
wildfires	wildfire
wildflowers	wildflower
wiles	wile
wiling	wile
wiled	wile
willed	will
willows	willow
willowing	willow
willies	willy
wilted	wilt
wilting	wilt
wilts	wilt
wiliest	wily
wilier	wily
wimps	wimp
wimping	wimp
won	win
wins	win
winced	wince
wincing	wince
winces	wince
winches	winch
winched	winch
winching	winch
winds	wind
wind-ups	wind-up
windfalls	windfall
windings	winding
windmills	windmill
windows	window
windowsills	windowsill
windrows	windrow
windscreens	windscreen
windshields	windshield
windies	windy
windiest	windy
windier	windy
wines	wine
wined	wine
wining	wine
winemakers	winemaker
wineries	winery
wings	wing
winging	wing
wingers	winger
winked	wink
winking	wink
winks	wink
winners	winner
winters	winter
wintering	winter
wintered	winter
wiped	wipe
wiping	wipe
wipes	wipe
wipers	wiper
wires	wire
wirelesses	wireless
wirelessed	wireless
wiretaps	wiretap
wiretapping	wiretap
wiretapped	wiretap
wiriest	wiry
wirier	wiry
wisdoms	wisdom
wiser	wise
wisest	wise
wised	wise
wished	wish
wishing	wish
wishes	wish
wisps	wisp
wisping	wisp
wisped	wisp
wispiest	wispy
wits	wit
witches	witch
witching	witch
witched	witch
witchcrafts	witchcraft
withdrew	withdraw
withdrawing	withdraw
withdraws	withdraw
withdrawals	withdrawal
withered	wither
withers	wither
witherings	withering
withheld	withhold
withholds	withhold
withstood	withstand
withstanding	withstand
withstands	withstand
witnesses	witness
witnessed	witness
witnessing	witness
wittiest	witty
wittier	witty
wizards	wizard
wos	wo
wobbled	wobble
wobbling	wobble
wobbles	wobble
wobblies	wobbly
woes	woe
wokking	wok
woks	wok
wolds	wold
wolves	wolf
wolfed	wolf
wolfing	wolf
wolfs	wolf
women	woman
wombs	womb
wombed	womb
wondered	wonder
wondering	wonder
wonders	wonder
wonderlands	wonderland
wooed	woo
wooing	woo
woos	woo
woodlands	woodland
woodpeckers	woodpecker
woodworks	woodwork
woodyer	woody
wools	wool
woollens	woollen
woolleys	woolley
woollies	woolly
woollier	woolly
words	word
worded	word
wordings	wording
worked	work
workaholics	workaholic
workbenches	workbench
workbooks	workbook
workdays	workday
workers	worker
workforces	workforce
workgroups	workgroup
workgrouping	workgroup
workhorses	workhorse
workhouses	workhouse
workings	working
workloads	workload
workmen	workman
workmates	workmate
workouts	workout
workplaces	workplace
worksheets	worksheet
workshops	workshop
workstations	workstation
worlds	world
worldlier	worldly
worldviews	worldview
worms	worm
wormed	worm
worming	worm
wormholes	wormhole
worries	worry
worsened	worsen
worsens	worsen
worshipped	worship
worships	worship
worshipping	worship
worshippers	worshipper
worsted	worst
worsts	worst
worthies	worthy
worthier	worthy
worthiest	worthy
wounds	wound
wounding	wound
wovens	woven
wowing	wow
wowed	wow
wows	wow
wracked	wrack
wracking	wrack
wracks	wrack
wrangles	wrangle
wrangled	wrangle
wranglings	wrangling
wrapped	wrap
wraps	wrap
wrappers	wrapper
wrappings	wrapping
wraths	wrath
wreaked	wreak
wreaking	wreak
wreaks	wreak
wreaths	wreath
wrecks	wreck
wrecking	wreck
wrens	wren
wrenched	wrench
wrenches	wrench
wrested	wrest
wresting	wrest
wrests	wrest
wrestled	wrestle
wrestles	wrestle
wrestlers	wrestler
wrestlings	wrestling
wriggled	wriggle
wriggling	wriggle
wriggles	wriggle
wrights	wright
wringing	wring
wrung	wring
wrings	wring
wrinkles	wrinkle
wrinkling	wrinkle
wrists	wrist
wristwatches	wristwatch
writs	writ
wrote	write
writes	write
write-offs	write-off
writers	writer
writhed	writhe
writhes	writhe
writhing	writhe
writings	writing
wrongs	wrong
wronging	wrong
wronged	wrong
wrongdoings	wrongdoing
wriest	wry
wyes	wye
x-rays	x-ray
x-raying	x-ray
x-rayed	x-ray
xeroxes	xerox
xeroxed	xerox
xis	xi
yachts	yacht
yachted	yacht
yachtsmen	yachtsman
yams	yam
yamming	yam
yangs	yang
yanked	yank
yanks	yank
yanking	yank
yankees	yankee
yards	yard
yardages	yardage
yardsticks	yardstick
yarns	yarn
yarning	yarn
yarned	yarn
yawned	yawn
yawns	yawn
yeas	yea
years	year
yearbooks	yearbook
yearned	yearn
yearns	yearn
yearnings	yearning
yeasts	yeast
yelled	yell
yelling	yell
yells	yell
yellows	yellow
yellower	yellow
yellowing	yellow
yelped	yelp
yelping	yelp
yelps	yelp
yens	yen
yeomen	yeoman
yers	yer
yews	yew
yields	yield
yielded	yield
yo-yos	yo-yo
yoghurts	yoghurt
yogurts	yogurt
yoked	yoke
yokes	yoke
yoking	yoke
yolks	yolk
yolked	yolk
yorkshiremen	yorkshireman
yorubas	yoruba
youngest	young
youngsters	youngster
youths	youth
yrs	yr
yuans	yuan
yugoslavs	yugoslav
yummiest	yummy
yups	yup
zapping	zap
zapped	zap
zaps	zap
zealanders	zealander
zealots	zealot
zebras	zebra
zens	zen
zeros	zero
zeroing	zero
zeroed	zero
zeroes	zero
zesting	zest
zested	zest
zests	zest
zigzagged	zigzag
zigzags	zigzag
zigzagging	zigzag
zillions	zillion
zincs	zinc
zincing	zinc
zinced	zinc
zionists	zionist
zipped	zip
zips	zip
zipping	zip
zippers	zipper
zippered	zipper
zodiacs	zodiac
zones	zone
zoned	zone
zoos	zoo
zoomed	zoom
zooming	zoom
zooms	zoom
zulus	zulu
not/767330	n't
she/653505	her
would/278414	d
other/181277	others
king/17183	kings
mile/12667	miles
glass/11662	glasses
basic/11377	basics
specific/11290	specifics
river/11094	rivers
york/9685	yorks
bird/9466	birds
wood/8671	woods
queen/7913	queens
bishop/5752	bishops
criterion/5225	criteria
mp/4986	mps
badly/4861	worse
fundamental/4631	fundamentals
proceeding/4253	proceedings
saving/4069	savings
rapid/3666	rapids
custom/3660	customs
j/3634	js
stairs/3620	stair
chamber/3550	chambers
visual/3445	visuals
earl/2458	earls
la/2317	las
robin/2164	robins
dc/1975	dcs
olympic/1806	olympics
scot/1664	scots
hostility/1651	hostilities
midland/1641	midlands
overhead/1589	overheads
bacterium/1397	bacteria
dealing/1357	dealings
frontier/1346	frontiers
telecommunication/1335	telecommunications
pm/1324	pms
jeans/1233	jean
explosive/1205	explosives
winning/1151	winnings
vocal/1013	vocals
civic/1004	civics
doing/911	doings
watt/819	watts
residual/816	residuals
amenity/781	amenities
poetic/771	poetics
demographic/760	demographics
ceramic/725	ceramics
lyric/718	lyrics
cosmetic/636	cosmetics
603	s
sa/601	sas
alga/599	algae
furnishing/572	furnishings
reuter/538	reuters
binoculars/523	binocular
forensic/517	forensics
firework/510	fireworks
goody/479	goodies
pear/446	pears
carlo/444	carlos
placing/441	placings
em/439	ems
serb/384	serbs
clement/382	clements
orc/382	orcs
grocery/370	groceries
steroid/361	steroids
genital/330	genitals
tec/326	tecs
faece/320	faeces
bthe/311	bathing
aerobic/309	aerobics
comer/293	comers
ro/292	ros
mussel/280	mussels
parson/279	parsons
headphone/274	headphones
dropping/260	droppings
markete/260	marketing
italic/256	italics
antic/250	antics
lyon/246	lyons
trapping/243	trappings
politenes/234	politeness
supt/229	supt
sunglass/228	sunglasses
panick/226	panicked
hick/211	hicks
inroad/211	inroads
info/203	info
cairn/198	cairns
davy/192	davies
lm/192	lms
peacekeep/180	peacekeeping
legging/176	leggings
khaki/170	khakis
vagary/167	vagaries
harlequin/163	harlequins
inexperience/156	inexperienced
foothill/150	foothills
billiard/148	billiards
alp/136	alps
thame/130	thames
dumpling/126	dumplings
in-law/126	in-laws
lentil/126	lentils
throe/121	throes
metaphysic/115	metaphysics
leed/113	leeds
sim/112	sims
randomise/110	randomised
robotic/107	robotics
sander/107	sanders
budgete/105	budgeting
doldrum/104	doldrums
herpe/104	herpes
dockland/99	docklands
evan/98	evans
chive/96	chives
three-quarter/87	three-quarters
nicholl/84	nicholls
windsurf/84	windsurfing
airwave/82	airwaves
bicep/79	biceps
rve/79	riven
panty/75	panties
watkin/74	watkins
plier/69	pliers
mab/60	mabs
carman/59	carmen
kudo/53	kudos
unsurprise/52	unsurprising
phonic/49	phonics
littlewood/45	littlewoods
sneaker/42	sneakers
chopstick/41	chopsticks
hercule/38	hercules
sothe/38	soothing
high-power/36	high-powered
shenanigan/35	shenanigans
dicken/34	dickens
oversize/34	oversized
erne/33	ernest
juda/33	judas
carpete/32	carpeting
excit/31	exciting
underwrit/31	underwriting
coverall/28	coveralls
it/26	its
headwater/26	headwaters
plung/25	plunger
floodwater/24	floodwaters
tricep/23	triceps
unfetter/23	unfettered
motore/22	motoring
ye/21	yes
outdate/20	outdated
piling/20	pilings
lopside/18	lopsided
forefing/16	forefinger
after-hour/15	after-hours
fundhold/15	fundholding
barne/14	barnes
pon/14	pons
armr/13	armrest
bleacher/13	bleachers
cathete/13	catheter
didy/13	didier
serp/13	serps
dossy/12	dossier
saltwate/12	saltwater
subt/12	subtest
collectible/11	collectibles
keyne/11	keynes
nsay/11	nsaid
fundraise/10	fundraising
lovemake/10	lovemaking
sle/10	sled
barone/9	barones
courty/9	courtier
multifacete/9	multifaceted
jame/8	james
lifesave/8	lifesaving
orphane/8	orphaned
quadricep/8	quadriceps
brahm/6	brahms
lothe/6	loathing
neighbore/6	neighboring
untap/6	untapped
speak/5	speaking
sorcere/5	sorcerer
thoma/5	thomas
defry/4	defries
hughe/4	hughes
tethe/4	teething
vas/4	vass
b/3	best
everyth/3	everything
look/3	looking
new/3	news
sit/3	sitting
charle/3	charles
decision-make/3	decision-making
empty-hand/3	empty-handed
gile/3	giles
groundbreak/3	groundbreaking
hasting/3	hastings
outpour/3	outpouring
siemen/3	siemens
spectromete/3	spectrometer
tardi/3	tardis
two-third/3	two-thirds
wandere/3	wanderer
come/2	coming
j/2	jed
le/2	les
nthe/2	nothing
r/2	red
armore/2	armored
defore/2	deforest
hard-boil/2	hard-boiled
minisery/2	miniseries
peke/2	peking
single-hand/2	single-handed
time-consume/2	time-consuming
vicker/2	vickers
wastewate/2	wastewater
well-establish/2	well-established
well-inform/2	well-informed
yeman/2	yemen
agendum	agenda
aire	aires
ala	alas
bos	boss
congratulation	congratulations
crossroad	crossroads
cypres	cypress
elia	elias
elli	ellis
genu	genus
graffito	graffiti
gu	gus
gymnastic	gymnastics
hes	hess
kansa	kansas
kis	kiss
lao	laos
marques	marquess
microelectronic	microelectronics
mis	miss
oat	oats
obstetric	obstetrics
outskirt	outskirts
pajama	pajamas
pantie	panties
physic	physics
politic	politics
pyjama	pyjamas
scallion	scallions
scissor	scissors
specie	species
suspender	suspenders
thur	thurs
tropic	tropics
vega	vegas